timestamp,bus_id,house_count,solar_mw,demand_mw,micro_price,battery_soc_pct,grid_frequency_hz
00:00:00,BUS-05,100,0.0,1.2,5.2902,40.019,49.9868
00:00:10,BUS-05,100,0.0,1.184,5.2737,40.038,49.985
00:00:20,BUS-05,100,0.0,1.2011,5.2857,40.057,49.9903
00:00:30,BUS-05,100,0.0,1.1888,5.3027,40.077,49.9919
00:00:40,BUS-05,100,0.0,1.2019,5.2955,40.096,49.9874
00:00:50,BUS-05,100,0.0,1.2125,5.2873,40.115,49.9817
00:01:00,BUS-05,100,0.0,1.1658,5.2543,40.134,49.9775
00:01:10,BUS-05,100,0.0,1.1958,5.3014,40.153,49.9729
00:01:20,BUS-05,100,0.0,1.2028,5.2429,40.172,49.9734
00:01:30,BUS-05,100,0.0,1.1903,5.2976,40.192,49.9745
00:01:40,BUS-05,100,0.0,1.1725,5.2731,40.211,49.974
00:01:50,BUS-05,100,0.0,1.1854,5.2777,40.23,49.9792
00:02:00,BUS-05,100,0.0,1.1994,5.2836,40.249,49.9833
00:02:10,BUS-05,100,0.0,1.198,5.2972,40.268,49.984
00:02:20,BUS-05,100,0.0,1.1779,5.323,40.288,49.9847
00:02:30,BUS-05,100,0.0,1.1722,5.2963,40.307,49.9883
00:02:40,BUS-05,100,0.0,1.1885,5.3112,40.326,49.9959
00:02:50,BUS-05,100,0.0,1.1784,5.3065,40.345,49.9953
00:03:00,BUS-05,100,0.0,1.1966,5.2943,40.364,49.9968
00:03:10,BUS-05,100,0.0,1.212,5.2826,40.383,50.0013
00:03:20,BUS-05,100,0.0,1.2037,5.299,40.403,49.998
00:03:30,BUS-05,100,0.0,1.1786,5.2901,40.422,49.9947
00:03:40,BUS-05,100,0.0,1.2162,5.2692,40.441,49.9979
00:03:50,BUS-05,100,0.0,1.1857,5.2527,40.46,49.9996
00:04:00,BUS-05,100,0.0,1.1917,5.322,40.479,49.9978
00:04:10,BUS-05,100,0.0,1.2124,5.2892,40.498,49.995
00:04:20,BUS-05,100,0.0,1.1955,5.2866,40.517,50.0004
00:04:30,BUS-05,100,0.0,1.1945,5.293,40.537,50.0003
00:04:40,BUS-05,100,0.0,1.1964,5.2955,40.556,49.9944
00:04:50,BUS-05,100,0.0,1.192,5.3092,40.575,49.9982
00:05:00,BUS-05,100,0.0,1.1996,5.2888,40.594,49.9996
00:05:10,BUS-05,100,0.0,1.2189,5.3099,40.613,49.9979
00:05:20,BUS-05,100,0.0,1.1768,5.2584,40.632,49.9985
00:05:30,BUS-05,100,0.0,1.1634,5.274,40.652,49.9962
00:05:40,BUS-05,100,0.0,1.203,5.2786,40.671,50.0037
00:05:50,BUS-05,100,0.0,1.1888,5.3055,40.69,50.0029
00:06:00,BUS-05,100,0.0,1.1968,5.3106,40.709,50.0002
00:06:10,BUS-05,100,0.0,1.2094,5.2951,40.728,49.9945
00:06:20,BUS-05,100,0.0,1.2006,5.3016,40.747,49.9895
00:06:30,BUS-05,100,0.0,1.1846,5.2988,40.766,49.9932
00:06:40,BUS-05,100,0.0,1.2016,5.2936,40.785,49.9899
00:06:50,BUS-05,100,0.0,1.164,5.3008,40.805,49.9854
00:07:00,BUS-05,100,0.0,1.1617,5.256,40.824,49.9888
00:07:10,BUS-05,100,0.0,1.2136,5.3136,40.843,49.9846
00:07:20,BUS-05,100,0.0,1.2024,5.3227,40.862,49.9786
00:07:30,BUS-05,100,0.0,1.226,5.2923,40.881,49.9788
00:07:40,BUS-05,100,0.0,1.1971,5.319,40.9,49.9759
00:07:50,BUS-05,100,0.0,1.1902,5.2784,40.92,49.9767
00:08:00,BUS-05,100,0.0,1.1887,5.3217,40.939,49.9725
00:08:10,BUS-05,100,0.0,1.1972,5.2961,40.958,49.9776
00:08:20,BUS-05,100,0.0,1.1875,5.2831,40.977,49.9772
00:08:30,BUS-05,100,0.0,1.2001,5.2897,40.996,49.9764
00:08:40,BUS-05,100,0.0,1.1752,5.329,41.016,49.9744
00:08:50,BUS-05,100,0.0,1.1879,5.3022,41.035,49.9712
00:09:00,BUS-05,100,0.0,1.2253,5.2936,41.054,49.9664
00:09:10,BUS-05,100,0.0,1.1886,5.3107,41.073,49.9617
00:09:20,BUS-05,100,0.0,1.1996,5.28,41.092,49.9642
00:09:30,BUS-05,100,0.0,1.2082,5.2936,41.111,49.9641
00:09:40,BUS-05,100,0.0,1.1801,5.3227,41.13,49.9617
00:09:50,BUS-05,100,0.0,1.1909,5.2946,41.149,49.9652
00:10:00,BUS-05,100,0.0,1.1921,5.3087,41.169,49.9652
00:10:10,BUS-05,100,0.0,1.1946,5.296,41.188,49.9666
00:10:20,BUS-05,100,0.0,1.2212,5.3058,41.207,49.9709
00:10:30,BUS-05,100,0.0,1.1899,5.3153,41.226,49.9672
00:10:40,BUS-05,100,0.0,1.2174,5.3089,41.245,49.9682
00:10:50,BUS-05,100,0.0,1.2141,5.3166,41.264,49.9732
00:11:00,BUS-05,100,0.0,1.1918,5.2689,41.283,49.9808
00:11:10,BUS-05,100,0.0,1.2155,5.3158,41.302,49.983
00:11:20,BUS-05,100,0.0,1.2338,5.2744,41.321,49.9889
00:11:30,BUS-05,100,0.0,1.1696,5.2721,41.34,49.9926
00:11:40,BUS-05,100,0.0,1.1998,5.2612,41.359,49.9949
00:11:50,BUS-05,100,0.0,1.162,5.2939,41.379,49.9955
00:12:00,BUS-05,100,0.0,1.1956,5.2774,41.398,49.9943
00:12:10,BUS-05,100,0.0,1.1728,5.2732,41.417,49.993
00:12:20,BUS-05,100,0.0,1.1704,5.2923,41.437,49.9944
00:12:30,BUS-05,100,0.0,1.2073,5.2826,41.456,49.9891
00:12:40,BUS-05,100,0.0,1.182,5.2987,41.475,49.9855
00:12:50,BUS-05,100,0.0,1.1859,5.3021,41.494,49.9869
00:13:00,BUS-05,100,0.0,1.2365,5.3177,41.513,49.9806
00:13:10,BUS-05,100,0.0,1.1984,5.2652,41.532,49.9815
00:13:20,BUS-05,100,0.0,1.1917,5.2936,41.551,49.985
00:13:30,BUS-05,100,0.0,1.2015,5.3206,41.57,49.9838
00:13:40,BUS-05,100,0.0,1.1996,5.2813,41.589,49.9752
00:13:50,BUS-05,100,0.0,1.1646,5.2819,41.609,49.9636
00:14:00,BUS-05,100,0.0,1.224,5.2731,41.628,49.9653
00:14:10,BUS-05,100,0.0,1.1831,5.298,41.647,49.9723
00:14:20,BUS-05,100,0.0,1.2009,5.2969,41.666,49.9733
00:14:30,BUS-05,100,0.0,1.2145,5.3017,41.685,49.9765
00:14:40,BUS-05,100,0.0,1.1812,5.28,41.704,49.9799
00:14:50,BUS-05,100,0.0,1.2197,5.2947,41.723,49.9749
00:15:00,BUS-05,100,0.0,1.1999,5.3325,41.742,49.9709
00:15:10,BUS-05,100,0.0,1.2263,5.3145,41.761,49.9702
00:15:20,BUS-05,100,0.0,1.2068,5.3019,41.78,49.9615
00:15:30,BUS-05,100,0.0,1.1989,5.2731,41.799,49.9643
00:15:40,BUS-05,100,0.0,1.1952,5.3208,41.819,49.9658
00:15:50,BUS-05,100,0.0,1.206,5.3289,41.838,49.9676
00:16:00,BUS-05,100,0.0,1.19,5.2567,41.857,49.968
00:16:10,BUS-05,100,0.0,1.2282,5.3177,41.876,49.9732
00:16:20,BUS-05,100,0.0,1.212,5.3015,41.895,49.9751
00:16:30,BUS-05,100,0.0,1.1955,5.2968,41.914,49.9755
00:16:40,BUS-05,100,0.0,1.2272,5.2969,41.933,49.9783
00:16:50,BUS-05,100,0.0,1.1896,5.3291,41.952,49.9769
00:17:00,BUS-05,100,0.0,1.2091,5.2894,41.971,49.9779
00:17:10,BUS-05,100,0.0,1.18,5.3129,41.99,49.9787
00:17:20,BUS-05,100,0.0,1.1929,5.2908,42.01,49.9784
00:17:30,BUS-05,100,0.0,1.202,5.2912,42.029,49.9726
00:17:40,BUS-05,100,0.0,1.1846,5.2784,42.048,49.9776
00:17:50,BUS-05,100,0.0,1.2104,5.2902,42.067,49.9842
00:18:00,BUS-05,100,0.0,1.1892,5.2951,42.086,49.9854
00:18:10,BUS-05,100,0.0,1.1821,5.3373,42.105,49.9874
00:18:20,BUS-05,100,0.0,1.1954,5.2735,42.124,49.9862
00:18:30,BUS-05,100,0.0,1.2057,5.273,42.144,49.9811
00:18:40,BUS-05,100,0.0,1.223,5.3208,42.162,49.9777
00:18:50,BUS-05,100,0.0,1.2274,5.3099,42.181,49.9794
00:19:00,BUS-05,100,0.0,1.2351,5.2862,42.2,49.9791
00:19:10,BUS-05,100,0.0,1.1756,5.3254,42.22,49.9806
00:19:20,BUS-05,100,0.0,1.2173,5.2793,42.238,49.9769
00:19:30,BUS-05,100,0.0,1.1909,5.2909,42.258,49.9792
00:19:40,BUS-05,100,0.0,1.2039,5.29,42.277,49.9809
00:19:50,BUS-05,100,0.0,1.1993,5.2942,42.296,49.9822
00:20:00,BUS-05,100,0.0,1.2091,5.3093,42.315,49.9899
00:20:10,BUS-05,100,0.0,1.201,5.3043,42.334,49.9829
00:20:20,BUS-05,100,0.0,1.165,5.3113,42.353,49.9779
00:20:30,BUS-05,100,0.0,1.2127,5.2608,42.372,49.9776
00:20:40,BUS-05,100,0.0,1.1933,5.309,42.392,49.9759
00:20:50,BUS-05,100,0.0,1.2406,5.2827,42.41,49.9771
00:21:00,BUS-05,100,0.0,1.1789,5.2906,42.43,49.9785
00:21:10,BUS-05,100,0.0,1.1793,5.27,42.449,49.9797
00:21:20,BUS-05,100,0.0,1.22,5.3206,42.468,49.984
00:21:30,BUS-05,100,0.0,1.1915,5.2925,42.487,49.9866
00:21:40,BUS-05,100,0.0,1.193,5.2679,42.506,49.9851
00:21:50,BUS-05,100,0.0,1.174,5.2899,42.526,49.9886
00:22:00,BUS-05,100,0.0,1.2039,5.2596,42.545,49.992
00:22:10,BUS-05,100,0.0,1.1859,5.3032,42.564,49.9922
00:22:20,BUS-05,100,0.0,1.1932,5.2999,42.583,49.9956
00:22:30,BUS-05,100,0.0,1.1782,5.3113,42.602,49.9911
00:22:40,BUS-05,100,0.0,1.2083,5.3252,42.621,49.9826
00:22:50,BUS-05,100,0.0,1.2108,5.2887,42.64,49.9882
00:23:00,BUS-05,100,0.0,1.1947,5.3493,42.659,49.9836
00:23:10,BUS-05,100,0.0,1.1968,5.282,42.679,49.9902
00:23:20,BUS-05,100,0.0,1.2029,5.2881,42.698,49.983
00:23:30,BUS-05,100,0.0,1.2177,5.3201,42.717,49.978
00:23:40,BUS-05,100,0.0,1.2061,5.2859,42.736,49.9747
00:23:50,BUS-05,100,0.0,1.1917,5.284,42.755,49.9758
00:24:00,BUS-05,100,0.0,1.1851,5.2731,42.774,49.9756
00:24:10,BUS-05,100,0.0,1.1768,5.3128,42.793,49.9766
00:24:20,BUS-05,100,0.0,1.1725,5.28,42.813,49.9776
00:24:30,BUS-05,100,0.0,1.1824,5.2836,42.832,49.9817
00:24:40,BUS-05,100,0.0,1.227,5.3063,42.851,49.9784
00:24:50,BUS-05,100,0.0,1.1959,5.3081,42.87,49.9765
00:25:00,BUS-05,100,0.0,1.1972,5.2948,42.889,49.9798
00:25:10,BUS-05,100,0.0,1.1805,5.2955,42.908,49.9802
00:25:20,BUS-05,100,0.0,1.2173,5.2965,42.927,49.9767
00:25:30,BUS-05,100,0.0,1.169,5.2706,42.947,49.9807
00:25:40,BUS-05,100,0.0,1.1675,5.3168,42.966,49.981
00:25:50,BUS-05,100,0.0,1.1726,5.2781,42.985,49.9771
00:26:00,BUS-05,100,0.0,1.1797,5.2773,43.005,49.9794
00:26:10,BUS-05,100,0.0,1.187,5.279,43.024,49.9823
00:26:20,BUS-05,100,0.0,1.2078,5.2709,43.043,49.9785
00:26:30,BUS-05,100,0.0,1.167,5.2866,43.062,49.9872
00:26:40,BUS-05,100,0.0,1.2044,5.2997,43.081,49.9865
00:26:50,BUS-05,100,0.0,1.2009,5.2741,43.1,49.9941
00:27:00,BUS-05,100,0.0,1.172,5.2655,43.12,49.9895
00:27:10,BUS-05,100,0.0,1.2134,5.2767,43.139,49.9919
00:27:20,BUS-05,100,0.0,1.175,5.3235,43.158,49.9903
00:27:30,BUS-05,100,0.0,1.1492,5.2692,43.178,49.9923
00:27:40,BUS-05,100,0.0,1.2187,5.2915,43.196,49.9865
00:27:50,BUS-05,100,0.0,1.1729,5.3232,43.216,49.9831
00:28:00,BUS-05,100,0.0,1.2148,5.2787,43.235,49.9812
00:28:10,BUS-05,100,0.0,1.1659,5.2926,43.254,49.9807
00:28:20,BUS-05,100,0.0,1.1985,5.2721,43.273,49.9804
00:28:30,BUS-05,100,0.0,1.1988,5.3232,43.292,49.9808
00:28:40,BUS-05,100,0.0,1.2336,5.2824,43.311,49.9803
00:28:50,BUS-05,100,0.0,1.1988,5.2802,43.33,49.9788
00:29:00,BUS-05,100,0.0,1.1989,5.3088,43.35,49.9753
00:29:10,BUS-05,100,0.0,1.1981,5.292,43.369,49.9773
00:29:20,BUS-05,100,0.0,1.1869,5.2899,43.388,49.9745
00:29:30,BUS-05,100,0.0,1.1901,5.2951,43.407,49.9765
00:29:40,BUS-05,100,0.0,1.1755,5.2656,43.426,49.9779
00:29:50,BUS-05,100,0.0,1.1889,5.2512,43.446,49.9774
00:30:00,BUS-05,100,0.0,1.2016,5.2928,43.465,49.9786
00:30:10,BUS-05,100,0.0,1.1924,5.2747,43.484,49.978
00:30:20,BUS-05,100,0.0,1.1951,5.2976,43.503,49.9765
00:30:30,BUS-05,100,0.0,1.1783,5.2973,43.522,49.9785
00:30:40,BUS-05,100,0.0,1.1975,5.3075,43.541,49.9773
00:30:50,BUS-05,100,0.0,1.17,5.2987,43.561,49.9803
00:31:00,BUS-05,100,0.0,1.2051,5.2826,43.58,49.982
00:31:10,BUS-05,100,0.0,1.1953,5.3047,43.599,49.985
00:31:20,BUS-05,100,0.0,1.2037,5.3077,43.618,49.9789
00:31:30,BUS-05,100,0.0,1.2211,5.3026,43.637,49.9834
00:31:40,BUS-05,100,0.0,1.172,5.2906,43.656,49.988
00:31:50,BUS-05,100,0.0,1.1544,5.2608,43.676,49.9895
00:32:00,BUS-05,100,0.0,1.1767,5.3211,43.695,49.9863
00:32:10,BUS-05,100,0.0,1.1933,5.3325,43.714,49.9872
00:32:20,BUS-05,100,0.0,1.2287,5.2932,43.733,49.9862
00:32:30,BUS-05,100,0.0,1.1773,5.3032,43.752,49.9839
00:32:40,BUS-05,100,0.0,1.2071,5.3176,43.771,49.9842
00:32:50,BUS-05,100,0.0,1.1861,5.3104,43.791,49.9844
00:33:00,BUS-05,100,0.0,1.2105,5.3053,43.81,49.9885
00:33:10,BUS-05,100,0.0,1.1944,5.2743,43.829,49.9898
00:33:20,BUS-05,100,0.0,1.1705,5.2925,43.848,49.992
00:33:30,BUS-05,100,0.0,1.2056,5.2887,43.867,49.9842
00:33:40,BUS-05,100,0.0,1.1892,5.2474,43.886,49.9811
00:33:50,BUS-05,100,0.0,1.194,5.3036,43.905,49.9851
00:34:00,BUS-05,100,0.0,1.1892,5.3112,43.925,49.9851
00:34:10,BUS-05,100,0.0,1.1503,5.3035,43.944,49.9852
00:34:20,BUS-05,100,0.0,1.2123,5.321,43.963,49.9913
00:34:30,BUS-05,100,0.0,1.2056,5.3131,43.982,49.992
00:34:40,BUS-05,100,0.0,1.1903,5.3144,44.001,49.9914
00:34:50,BUS-05,100,0.0,1.2352,5.2978,44.02,49.9897
00:35:00,BUS-05,100,0.0,1.2036,5.2956,44.039,49.995
00:35:10,BUS-05,100,0.0,1.2264,5.2942,44.058,49.9899
00:35:20,BUS-05,100,0.0,1.1964,5.3179,44.077,49.9929
00:35:30,BUS-05,100,0.0,1.1728,5.301,44.097,49.9888
00:35:40,BUS-05,100,0.0,1.1881,5.317,44.116,49.9823
00:35:50,BUS-05,100,0.0,1.2089,5.2866,44.135,49.9843
00:36:00,BUS-05,100,0.0,1.2185,5.3207,44.154,49.9834
00:36:10,BUS-05,100,0.0,1.1836,5.299,44.173,49.9806
00:36:20,BUS-05,100,0.0,1.1874,5.3005,44.192,49.9838
00:36:30,BUS-05,100,0.0,1.1834,5.2872,44.212,49.9843
00:36:40,BUS-05,100,0.0,1.2165,5.288,44.231,49.9815
00:36:50,BUS-05,100,0.0,1.2218,5.3401,44.25,49.9908
00:37:00,BUS-05,100,0.0,1.2011,5.3286,44.269,49.9914
00:37:10,BUS-05,100,0.0,1.1978,5.2983,44.288,49.9869
00:37:20,BUS-05,100,0.0,1.2081,5.2618,44.307,49.9834
00:37:30,BUS-05,100,0.0,1.1741,5.2779,44.326,49.9866
00:37:40,BUS-05,100,0.0,1.1975,5.3089,44.345,49.9871
00:37:50,BUS-05,100,0.0,1.194,5.2767,44.364,49.989
00:38:00,BUS-05,100,0.0,1.1935,5.3195,44.384,49.9846
00:38:10,BUS-05,100,0.0,1.1995,5.2885,44.403,49.9817
00:38:20,BUS-05,100,0.0,1.196,5.2619,44.422,49.9849
00:38:30,BUS-05,100,0.0,1.1813,5.3481,44.441,49.9837
00:38:40,BUS-05,100,0.0,1.2172,5.3125,44.46,49.983
00:38:50,BUS-05,100,0.0,1.237,5.2912,44.479,49.9821
00:39:00,BUS-05,100,0.0,1.2218,5.312,44.498,49.9845
00:39:10,BUS-05,100,0.0,1.1909,5.3315,44.517,49.9927
00:39:20,BUS-05,100,0.0,1.2102,5.2539,44.536,49.9945
00:39:30,BUS-05,100,0.0,1.2115,5.3061,44.555,49.9928
00:39:40,BUS-05,100,0.0,1.2123,5.2612,44.574,49.9907
00:39:50,BUS-05,100,0.0,1.2066,5.2895,44.593,49.9873
00:40:00,BUS-05,100,0.0,1.1891,5.2462,44.612,49.9859
00:40:10,BUS-05,100,0.0,1.2219,5.3213,44.631,49.9865
00:40:20,BUS-05,100,0.0,1.2356,5.2606,44.65,49.9863
00:40:30,BUS-05,100,0.0,1.1839,5.2841,44.669,49.982
00:40:40,BUS-05,100,0.0,1.2014,5.3034,44.688,49.9742
00:40:50,BUS-05,100,0.0,1.1728,5.2915,44.708,49.9768
00:41:00,BUS-05,100,0.0,1.1944,5.2841,44.727,49.9772
00:41:10,BUS-05,100,0.0,1.189,5.2945,44.746,49.9714
00:41:20,BUS-05,100,0.0,1.2332,5.3267,44.765,49.9802
00:41:30,BUS-05,100,0.0,1.2127,5.3276,44.784,49.9783
00:41:40,BUS-05,100,0.0,1.199,5.2897,44.803,49.9789
00:41:50,BUS-05,100,0.0,1.2017,5.2944,44.822,49.9778
00:42:00,BUS-05,100,0.0,1.1805,5.3427,44.842,49.9773
00:42:10,BUS-05,100,0.0,1.1987,5.3072,44.861,49.977
00:42:20,BUS-05,100,0.0,1.2127,5.2926,44.88,49.9732
00:42:30,BUS-05,100,0.0,1.2165,5.2999,44.899,49.9755
00:42:40,BUS-05,100,0.0,1.228,5.3,44.918,49.9736
00:42:50,BUS-05,100,0.0,1.1906,5.2539,44.937,49.9812
00:43:00,BUS-05,100,0.0,1.1879,5.3091,44.956,49.9796
00:43:10,BUS-05,100,0.0,1.2109,5.2635,44.975,49.9855
00:43:20,BUS-05,100,0.0,1.2135,5.283,44.994,49.9843
00:43:30,BUS-05,100,0.0,1.2097,5.2528,45.013,49.9808
00:43:40,BUS-05,100,0.0,1.1933,5.2817,45.032,49.9754
00:43:50,BUS-05,100,0.0,1.2067,5.3302,45.051,49.9776
00:44:00,BUS-05,100,0.0,1.1964,5.2797,45.07,49.9723
00:44:10,BUS-05,100,0.0,1.1835,5.3039,45.09,49.969
00:44:20,BUS-05,100,0.0,1.1884,5.3098,45.109,49.9627
00:44:30,BUS-05,100,0.0,1.198,5.2981,45.128,49.9663
00:44:40,BUS-05,100,0.0,1.2114,5.3231,45.147,49.9682
00:44:50,BUS-05,100,0.0,1.2076,5.3053,45.166,49.9716
00:45:00,BUS-05,100,0.0,1.1738,5.2884,45.185,49.9727
00:45:10,BUS-05,100,0.0,1.2037,5.3309,45.204,49.9682
00:45:20,BUS-05,100,0.0,1.2019,5.2599,45.223,49.9651
00:45:30,BUS-05,100,0.0,1.1949,5.2804,45.243,49.9669
00:45:40,BUS-05,100,0.0,1.2017,5.3078,45.262,49.9661
00:45:50,BUS-05,100,0.0,1.187,5.3157,45.281,49.9681
00:46:00,BUS-05,100,0.0,1.2463,5.2899,45.3,49.9651
00:46:10,BUS-05,100,0.0,1.1849,5.2705,45.319,49.971
00:46:20,BUS-05,100,0.0,1.1913,5.2746,45.338,49.9723
00:46:30,BUS-05,100,0.0,1.1828,5.2501,45.357,49.9718
00:46:40,BUS-05,100,0.0,1.174,5.2971,45.377,49.9717
00:46:50,BUS-05,100,0.0,1.1967,5.2859,45.396,49.9657
00:47:00,BUS-05,100,0.0,1.2144,5.2955,45.415,49.9697
00:47:10,BUS-05,100,0.0,1.184,5.2825,45.434,49.9742
00:47:20,BUS-05,100,0.0,1.179,5.325,45.453,49.9722
00:47:30,BUS-05,100,0.0,1.204,5.2862,45.472,49.9779
00:47:40,BUS-05,100,0.0,1.2169,5.294,45.491,49.9761
00:47:50,BUS-05,100,0.0,1.2448,5.289,45.51,49.9798
00:48:00,BUS-05,100,0.0,1.1985,5.3215,45.529,49.9822
00:48:10,BUS-05,100,0.0,1.1912,5.2894,45.548,49.9756
00:48:20,BUS-05,100,0.0,1.2003,5.3239,45.568,49.977
00:48:30,BUS-05,100,0.0,1.2057,5.2731,45.587,49.981
00:48:40,BUS-05,100,0.0,1.2156,5.3136,45.606,49.9897
00:48:50,BUS-05,100,0.0,1.2046,5.3342,45.625,49.99
00:49:00,BUS-05,100,0.0,1.1833,5.3044,45.644,49.9894
00:49:10,BUS-05,100,0.0,1.2134,5.3036,45.663,49.9869
00:49:20,BUS-05,100,0.0,1.195,5.2928,45.682,49.9875
00:49:30,BUS-05,100,0.0,1.1795,5.3129,45.701,49.9874
00:49:40,BUS-05,100,0.0,1.1826,5.3087,45.721,49.9863
00:49:50,BUS-05,100,0.0,1.1807,5.272,45.74,49.987
00:50:00,BUS-05,100,0.0,1.2204,5.3405,45.759,49.9956
00:50:10,BUS-05,100,0.0,1.1961,5.2982,45.778,49.9978
00:50:20,BUS-05,100,0.0,1.2018,5.2682,45.797,50.0027
00:50:30,BUS-05,100,0.0,1.219,5.3274,45.816,50.0006
00:50:40,BUS-05,100,0.0,1.2034,5.3021,45.835,49.9966
00:50:50,BUS-05,100,0.0,1.2132,5.3074,45.854,49.9955
00:51:00,BUS-05,100,0.0,1.1906,5.3143,45.873,49.9863
00:51:10,BUS-05,100,0.0,1.2126,5.2985,45.892,49.9865
00:51:20,BUS-05,100,0.0,1.2187,5.2825,45.911,49.9845
00:51:30,BUS-05,100,0.0,1.1966,5.2663,45.93,49.9896
00:51:40,BUS-05,100,0.0,1.2215,5.2744,45.949,49.9864
00:51:50,BUS-05,100,0.0,1.2227,5.2703,45.968,49.9859
00:52:00,BUS-05,100,0.0,1.1935,5.3207,45.987,49.9899
00:52:10,BUS-05,100,0.0,1.1923,5.3105,46.007,49.9911
00:52:20,BUS-05,100,0.0,1.1884,5.2944,46.026,49.992
00:52:30,BUS-05,100,0.0,1.1904,5.2966,46.045,49.9894
00:52:40,BUS-05,100,0.0,1.2005,5.287,46.064,49.9867
00:52:50,BUS-05,100,0.0,1.22,5.3164,46.083,49.9872
00:53:00,BUS-05,100,0.0,1.2216,5.3459,46.102,49.9893
00:53:10,BUS-05,100,0.0,1.1851,5.2881,46.121,49.9926
00:53:20,BUS-05,100,0.0,1.2334,5.2573,46.14,49.9981
00:53:30,BUS-05,100,0.0,1.1826,5.3113,46.159,50.0001
00:53:40,BUS-05,100,0.0,1.2133,5.3067,46.178,49.998
00:53:50,BUS-05,100,0.0,1.2118,5.3187,46.197,49.9965
00:54:00,BUS-05,100,0.0,1.1593,5.2709,46.217,49.9985
00:54:10,BUS-05,100,0.0,1.2173,5.2785,46.236,49.9957
00:54:20,BUS-05,100,0.0,1.2067,5.2772,46.255,49.9911
00:54:30,BUS-05,100,0.0,1.1718,5.3043,46.274,49.9909
00:54:40,BUS-05,100,0.0,1.2184,5.3197,46.293,49.9893
00:54:50,BUS-05,100,0.0,1.2003,5.3082,46.312,49.9887
00:55:00,BUS-05,100,0.0,1.2191,5.2924,46.331,49.9868
00:55:10,BUS-05,100,0.0,1.1971,5.2767,46.35,49.9873
00:55:20,BUS-05,100,0.0,1.2185,5.3073,46.369,49.9852
00:55:30,BUS-05,100,0.0,1.1851,5.3031,46.389,49.9871
00:55:40,BUS-05,100,0.0,1.1924,5.3033,46.408,49.995
00:55:50,BUS-05,100,0.0,1.232,5.2845,46.427,49.9974
00:56:00,BUS-05,100,0.0,1.1931,5.2967,46.446,49.9984
00:56:10,BUS-05,100,0.0,1.2009,5.2578,46.465,49.9959
00:56:20,BUS-05,100,0.0,1.1959,5.3036,46.484,49.986
00:56:30,BUS-05,100,0.0,1.1869,5.2903,46.503,49.9832
00:56:40,BUS-05,100,0.0,1.2049,5.2593,46.522,49.9776
00:56:50,BUS-05,100,0.0,1.1808,5.274,46.542,49.9705
00:57:00,BUS-05,100,0.0,1.2286,5.3121,46.56,49.9672
00:57:10,BUS-05,100,0.0,1.1753,5.2873,46.58,49.9708
00:57:20,BUS-05,100,0.0,1.1989,5.3331,46.599,49.9743
00:57:30,BUS-05,100,0.0,1.2035,5.2757,46.618,49.9759
00:57:40,BUS-05,100,0.0,1.2105,5.3145,46.637,49.9758
00:57:50,BUS-05,100,0.0,1.1992,5.2539,46.656,49.9839
00:58:00,BUS-05,100,0.0,1.1947,5.2881,46.675,49.9876
00:58:10,BUS-05,100,0.0,1.1857,5.2656,46.694,49.9865
00:58:20,BUS-05,100,0.0,1.2021,5.3204,46.714,49.996
00:58:30,BUS-05,100,0.0,1.18,5.2858,46.733,49.9917
00:58:40,BUS-05,100,0.0,1.2181,5.2828,46.752,49.9874
00:58:50,BUS-05,100,0.0,1.2159,5.2894,46.771,49.9907
00:59:00,BUS-05,100,0.0,1.1799,5.2796,46.79,49.9844
00:59:10,BUS-05,100,0.0,1.1599,5.2794,46.809,49.9878
00:59:20,BUS-05,100,0.0,1.2087,5.3215,46.829,49.9945
00:59:30,BUS-05,100,0.0,1.1793,5.3189,46.848,49.9974
00:59:40,BUS-05,100,0.0,1.1866,5.2926,46.867,49.9924
00:59:50,BUS-05,100,0.0,1.1712,5.2428,46.886,49.9978
01:00:00,BUS-05,100,0.0,1.1801,5.2896,46.906,49.9954
01:00:10,BUS-05,100,0.0,1.203,5.2917,46.925,49.9952
01:00:20,BUS-05,100,0.0,1.2205,5.2976,46.944,49.9855
01:00:30,BUS-05,100,0.0,1.1871,5.2996,46.963,49.9864
01:00:40,BUS-05,100,0.0,1.1836,5.3115,46.982,49.9838
01:00:50,BUS-05,100,0.0,1.2063,5.3397,47.001,49.981
01:01:00,BUS-05,100,0.0,1.2416,5.3057,47.02,49.9752
01:01:10,BUS-05,100,0.0,1.2452,5.3043,47.039,49.9793
01:01:20,BUS-05,100,0.0,1.1963,5.2912,47.058,49.9783
01:01:30,BUS-05,100,0.0,1.1901,5.2868,47.077,49.9821
01:01:40,BUS-05,100,0.0,1.1921,5.2943,47.096,49.9776
01:01:50,BUS-05,100,0.0,1.1839,5.3168,47.115,49.9778
01:02:00,BUS-05,100,0.0,1.2066,5.3041,47.134,49.9803
01:02:10,BUS-05,100,0.0,1.2011,5.2896,47.154,49.9804
01:02:20,BUS-05,100,0.0,1.2137,5.3255,47.173,49.9764
01:02:30,BUS-05,100,0.0,1.2006,5.2857,47.192,49.9745
01:02:40,BUS-05,100,0.0,1.1878,5.2798,47.211,49.9764
01:02:50,BUS-05,100,0.0,1.2206,5.2495,47.23,49.9738
01:03:00,BUS-05,100,0.0,1.1868,5.2941,47.249,49.9673
01:03:10,BUS-05,100,0.0,1.2191,5.2692,47.268,49.9714
01:03:20,BUS-05,100,0.0,1.1863,5.3016,47.287,49.9803
01:03:30,BUS-05,100,0.0,1.2001,5.348,47.306,49.9849
01:03:40,BUS-05,100,0.0,1.2233,5.3054,47.325,49.9853
01:03:50,BUS-05,100,0.0,1.2111,5.2745,47.344,49.983
01:04:00,BUS-05,100,0.0,1.2009,5.2948,47.363,49.9795
01:04:10,BUS-05,100,0.0,1.2017,5.2781,47.383,49.9895
01:04:20,BUS-05,100,0.0,1.1978,5.3051,47.402,49.9885
01:04:30,BUS-05,100,0.0,1.2188,5.2801,47.421,49.986
01:04:40,BUS-05,100,0.0,1.1705,5.305,47.44,49.9828
01:04:50,BUS-05,100,0.0,1.2008,5.2882,47.459,49.9787
01:05:00,BUS-05,100,0.0,1.2006,5.2835,47.478,49.9814
01:05:10,BUS-05,100,0.0,1.1955,5.2713,47.497,49.9746
01:05:20,BUS-05,100,0.0,1.2291,5.2912,47.516,49.9666
01:05:30,BUS-05,100,0.0,1.2039,5.2792,47.535,49.9672
01:05:40,BUS-05,100,0.0,1.1989,5.2942,47.554,49.9691
01:05:50,BUS-05,100,0.0,1.1662,5.2752,47.574,49.9706
01:06:00,BUS-05,100,0.0,1.1901,5.3088,47.593,49.9727
01:06:10,BUS-05,100,0.0,1.2161,5.3169,47.612,49.9717
01:06:20,BUS-05,100,0.0,1.2211,5.3271,47.631,49.9776
01:06:30,BUS-05,100,0.0,1.1974,5.3133,47.65,49.9779
01:06:40,BUS-05,100,0.0,1.1754,5.2828,47.669,49.9798
01:06:50,BUS-05,100,0.0,1.1934,5.2766,47.688,49.9732
01:07:00,BUS-05,100,0.0,1.1996,5.3169,47.708,49.978
01:07:10,BUS-05,100,0.0,1.1986,5.2783,47.727,49.978
01:07:20,BUS-05,100,0.0,1.2072,5.3094,47.746,49.9777
01:07:30,BUS-05,100,0.0,1.2315,5.2668,47.765,49.978
01:07:40,BUS-05,100,0.0,1.1845,5.2694,47.784,49.9735
01:07:50,BUS-05,100,0.0,1.2235,5.2657,47.803,49.9751
01:08:00,BUS-05,100,0.0,1.2118,5.2893,47.822,49.9813
01:08:10,BUS-05,100,0.0,1.1878,5.3011,47.841,49.9807
01:08:20,BUS-05,100,0.0,1.2115,5.3226,47.86,49.9856
01:08:30,BUS-05,100,0.0,1.2213,5.3117,47.879,49.991
01:08:40,BUS-05,100,0.0,1.1724,5.3004,47.898,49.9905
01:08:50,BUS-05,100,0.0,1.1931,5.2878,47.918,49.9934
01:09:00,BUS-05,100,0.0,1.1833,5.3088,47.937,49.9985
01:09:10,BUS-05,100,0.0,1.2039,5.3188,47.956,50.0007
01:09:20,BUS-05,100,0.0,1.2061,5.2822,47.975,49.9893
01:09:30,BUS-05,100,0.0,1.1918,5.2996,47.994,49.9852
01:09:40,BUS-05,100,0.0,1.2215,5.2737,48.013,49.9829
01:09:50,BUS-05,100,0.0,1.2365,5.2728,48.032,49.9812
01:10:00,BUS-05,100,0.0,1.2043,5.2814,48.051,49.9837
01:10:10,BUS-05,100,0.0,1.2142,5.2776,48.07,49.9818
01:10:20,BUS-05,100,0.0,1.2032,5.2828,48.089,49.9854
01:10:30,BUS-05,100,0.0,1.206,5.3563,48.108,49.985
01:10:40,BUS-05,100,0.0,1.1872,5.2939,48.127,49.9908
01:10:50,BUS-05,100,0.0,1.1977,5.3148,48.146,49.9931
01:11:00,BUS-05,100,0.0,1.2228,5.2851,48.165,49.9933
01:11:10,BUS-05,100,0.0,1.1903,5.3075,48.185,49.995
01:11:20,BUS-05,100,0.0,1.2252,5.3205,48.204,49.9953
01:11:30,BUS-05,100,0.0,1.2273,5.2667,48.222,49.9949
01:11:40,BUS-05,100,0.0,1.1788,5.328,48.242,49.9888
01:11:50,BUS-05,100,0.0,1.1847,5.3072,48.261,49.9934
01:12:00,BUS-05,100,0.0,1.2309,5.2963,48.28,49.9961
01:12:10,BUS-05,100,0.0,1.1964,5.2994,48.299,49.9957
01:12:20,BUS-05,100,0.0,1.1904,5.3293,48.318,49.9947
01:12:30,BUS-05,100,0.0,1.1694,5.2743,48.337,49.9951
01:12:40,BUS-05,100,0.0,1.2034,5.295,48.357,49.9971
01:12:50,BUS-05,100,0.0,1.2139,5.3206,48.376,49.9895
01:13:00,BUS-05,100,0.0,1.1891,5.299,48.395,49.9918
01:13:10,BUS-05,100,0.0,1.1535,5.2969,48.414,49.9886
01:13:20,BUS-05,100,0.0,1.228,5.3037,48.433,49.9886
01:13:30,BUS-05,100,0.0,1.1746,5.3322,48.452,49.9947
01:13:40,BUS-05,100,0.0,1.2005,5.2617,48.471,49.9926
01:13:50,BUS-05,100,0.0,1.2159,5.3125,48.49,50.0025
01:14:00,BUS-05,100,0.0,1.2227,5.2769,48.509,50.0029
01:14:10,BUS-05,100,0.0,1.2241,5.2935,48.528,49.9962
01:14:20,BUS-05,100,0.0,1.205,5.3052,48.547,49.9989
01:14:30,BUS-05,100,0.0,1.207,5.2692,48.567,49.9945
01:14:40,BUS-05,100,0.0,1.2011,5.2684,48.586,49.9908
01:14:50,BUS-05,100,0.0,1.1772,5.2549,48.605,49.9886
01:15:00,BUS-05,100,0.0,1.1757,5.2979,48.624,49.9818
01:15:10,BUS-05,100,0.0,1.2073,5.2649,48.643,49.9899
01:15:20,BUS-05,100,0.0,1.1878,5.2904,48.662,49.9933
01:15:30,BUS-05,100,0.0,1.1941,5.2884,48.682,49.9993
01:15:40,BUS-05,100,0.0,1.1792,5.3014,48.701,49.9929
01:15:50,BUS-05,100,0.0,1.2055,5.2756,48.72,49.9864
01:16:00,BUS-05,100,0.0,1.2096,5.2831,48.739,49.9885
01:16:10,BUS-05,100,0.0,1.2112,5.2591,48.758,49.9905
01:16:20,BUS-05,100,0.0,1.1944,5.2834,48.777,49.9919
01:16:30,BUS-05,100,0.0,1.1615,5.3088,48.797,49.9905
01:16:40,BUS-05,100,0.0,1.2284,5.3537,48.815,49.9805
01:16:50,BUS-05,100,0.0,1.1797,5.3205,48.835,49.9854
01:17:00,BUS-05,100,0.0,1.2177,5.2728,48.854,49.9856
01:17:10,BUS-05,100,0.0,1.2113,5.2435,48.873,49.9828
01:17:20,BUS-05,100,0.0,1.2509,5.3386,48.891,49.9854
01:17:30,BUS-05,100,0.0,1.1836,5.3284,48.911,49.992
01:17:40,BUS-05,100,0.0,1.228,5.2728,48.93,49.9908
01:17:50,BUS-05,100,0.0,1.1968,5.2597,48.949,49.9818
01:18:00,BUS-05,100,0.0,1.2017,5.2926,48.968,49.9782
01:18:10,BUS-05,100,0.0,1.198,5.3233,48.987,49.9867
01:18:20,BUS-05,100,0.0,1.1992,5.2794,49.006,49.9914
01:18:30,BUS-05,100,0.0,1.1939,5.2692,49.025,49.9945
01:18:40,BUS-05,100,0.0,1.195,5.2981,49.044,49.9883
01:18:50,BUS-05,100,0.0,1.2294,5.3031,49.063,49.9846
01:19:00,BUS-05,100,0.0,1.1838,5.2685,49.082,49.9807
01:19:10,BUS-05,100,0.0,1.2262,5.3083,49.101,49.9901
01:19:20,BUS-05,100,0.0,1.1871,5.2879,49.121,49.9929
01:19:30,BUS-05,100,0.0,1.2144,5.3031,49.14,49.993
01:19:40,BUS-05,100,0.0,1.2109,5.2883,49.159,49.99
01:19:50,BUS-05,100,0.0,1.169,5.2634,49.178,49.9883
01:20:00,BUS-05,100,0.0,1.1974,5.2979,49.197,49.9839
01:20:10,BUS-05,100,0.0,1.2082,5.2794,49.216,49.9782
01:20:20,BUS-05,100,0.0,1.183,5.3308,49.235,49.9823
01:20:30,BUS-05,100,0.0,1.2153,5.3283,49.254,49.9808
01:20:40,BUS-05,100,0.0,1.1727,5.2799,49.274,49.9878
01:20:50,BUS-05,100,0.0,1.15,5.3254,49.293,49.9985
01:21:00,BUS-05,100,0.0,1.1814,5.29,49.312,49.9976
01:21:10,BUS-05,100,0.0,1.2018,5.2817,49.332,49.9902
01:21:20,BUS-05,100,0.0,1.2084,5.3221,49.351,49.9906
01:21:30,BUS-05,100,0.0,1.2014,5.281,49.37,49.9995
01:21:40,BUS-05,100,0.0,1.2047,5.2698,49.389,49.9904
01:21:50,BUS-05,100,0.0,1.2239,5.3092,49.408,49.9859
01:22:00,BUS-05,100,0.0,1.1989,5.2885,49.427,49.982
01:22:10,BUS-05,100,0.0,1.1907,5.3112,49.446,49.9805
01:22:20,BUS-05,100,0.0,1.2117,5.2777,49.465,49.9785
01:22:30,BUS-05,100,0.0,1.2051,5.3182,49.484,49.9788
01:22:40,BUS-05,100,0.0,1.2478,5.2991,49.503,49.9824
01:22:50,BUS-05,100,0.0,1.1969,5.2765,49.522,49.9798
01:23:00,BUS-05,100,0.0,1.1819,5.2855,49.541,49.979
01:23:10,BUS-05,100,0.0,1.2134,5.2929,49.56,49.9777
01:23:20,BUS-05,100,0.0,1.1781,5.305,49.58,49.9855
01:23:30,BUS-05,100,0.0,1.2322,5.3301,49.598,49.9881
01:23:40,BUS-05,100,0.0,1.1955,5.353,49.618,49.9911
01:23:50,BUS-05,100,0.0,1.178,5.3302,49.637,49.9955
01:24:00,BUS-05,100,0.0,1.2076,5.3237,49.656,49.9972
01:24:10,BUS-05,100,0.0,1.1879,5.2762,49.675,49.9979
01:24:20,BUS-05,100,0.0,1.1876,5.2919,49.694,49.9942
01:24:30,BUS-05,100,0.0,1.2027,5.2655,49.713,49.995
01:24:40,BUS-05,100,0.0,1.2365,5.3147,49.732,49.9984
01:24:50,BUS-05,100,0.0,1.1934,5.3074,49.751,49.9972
01:25:00,BUS-05,100,0.0,1.2076,5.3127,49.77,49.989
01:25:10,BUS-05,100,0.0,1.2538,5.3219,49.789,49.9805
01:25:20,BUS-05,100,0.0,1.2068,5.3264,49.808,49.9811
01:25:30,BUS-05,100,0.0,1.1782,5.3261,49.827,49.9825
01:25:40,BUS-05,100,0.0,1.1964,5.2982,49.847,49.9809
01:25:50,BUS-05,100,0.0,1.1918,5.2756,49.866,49.9878
01:26:00,BUS-05,100,0.0,1.2161,5.3119,49.885,49.9822
01:26:10,BUS-05,100,0.0,1.1981,5.2957,49.904,49.9721
01:26:20,BUS-05,100,0.0,1.1803,5.3279,49.923,49.9718
01:26:30,BUS-05,100,0.0,1.1793,5.3257,49.942,49.9689
01:26:40,BUS-05,100,0.0,1.2021,5.3032,49.962,49.9766
01:26:50,BUS-05,100,0.0,1.1837,5.3215,49.981,49.9775
01:27:00,BUS-05,100,0.0,1.2174,5.2985,50.0,49.9779
01:27:10,BUS-05,100,0.0,1.1979,5.3379,50.019,49.9765
01:27:20,BUS-05,100,0.0,1.2001,5.2856,50.038,49.9728
01:27:30,BUS-05,100,0.0,1.2134,5.2941,50.057,49.9765
01:27:40,BUS-05,100,0.0,1.1876,5.2586,50.076,49.9778
01:27:50,BUS-05,100,0.0,1.1759,5.2836,50.095,49.982
01:28:00,BUS-05,100,0.0,1.2069,5.3107,50.115,49.9871
01:28:10,BUS-05,100,0.0,1.2004,5.3106,50.134,49.9957
01:28:20,BUS-05,100,0.0,1.1934,5.3044,50.153,49.9978
01:28:30,BUS-05,100,0.0,1.1842,5.2911,50.172,49.997
01:28:40,BUS-05,100,0.0,1.1636,5.2869,50.191,49.9954
01:28:50,BUS-05,100,0.0,1.1919,5.2876,50.211,49.9874
01:29:00,BUS-05,100,0.0,1.1993,5.2712,50.23,49.9875
01:29:10,BUS-05,100,0.0,1.2117,5.2921,50.249,49.9822
01:29:20,BUS-05,100,0.0,1.2241,5.2868,50.268,49.9795
01:29:30,BUS-05,100,0.0,1.2199,5.2911,50.287,49.9786
01:29:40,BUS-05,100,0.0,1.2041,5.2484,50.306,49.9838
01:29:50,BUS-05,100,0.0,1.1847,5.2712,50.325,49.98
01:30:00,BUS-05,100,0.0,1.1842,5.3013,50.344,49.9772
01:30:10,BUS-05,100,0.0,1.1836,5.3034,50.363,49.9785
01:30:20,BUS-05,100,0.0,1.1865,5.3305,50.383,49.9798
01:30:30,BUS-05,100,0.0,1.2059,5.2951,50.402,49.9775
01:30:40,BUS-05,100,0.0,1.1831,5.3133,50.421,49.9797
01:30:50,BUS-05,100,0.0,1.1849,5.3189,50.44,49.9794
01:31:00,BUS-05,100,0.0,1.1908,5.2731,50.459,49.9808
01:31:10,BUS-05,100,0.0,1.1849,5.3409,50.478,49.9792
01:31:20,BUS-05,100,0.0,1.1926,5.2835,50.498,49.9777
01:31:30,BUS-05,100,0.0,1.197,5.2998,50.517,49.9811
01:31:40,BUS-05,100,0.0,1.237,5.3296,50.536,49.9819
01:31:50,BUS-05,100,0.0,1.205,5.2658,50.555,49.985
01:32:00,BUS-05,100,0.0,1.1977,5.2907,50.574,49.9849
01:32:10,BUS-05,100,0.0,1.1612,5.2847,50.593,49.9889
01:32:20,BUS-05,100,0.0,1.1921,5.2905,50.612,49.9872
01:32:30,BUS-05,100,0.0,1.2073,5.2769,50.631,49.9818
01:32:40,BUS-05,100,0.0,1.2052,5.2884,50.651,49.9828
01:32:50,BUS-05,100,0.0,1.1897,5.2939,50.67,49.9799
01:33:00,BUS-05,100,0.0,1.2213,5.33,50.689,49.9759
01:33:10,BUS-05,100,0.0,1.2152,5.3138,50.708,49.9751
01:33:20,BUS-05,100,0.0,1.1736,5.2666,50.727,49.9697
01:33:30,BUS-05,100,0.0,1.1926,5.2845,50.746,49.9698
01:33:40,BUS-05,100,0.0,1.2018,5.3066,50.765,49.9627
01:33:50,BUS-05,100,0.0,1.1745,5.2852,50.785,49.9627
01:34:00,BUS-05,100,0.0,1.1792,5.273,50.804,49.9595
01:34:10,BUS-05,100,0.0,1.1998,5.3079,50.823,49.9642
01:34:20,BUS-05,100,0.0,1.1821,5.2751,50.842,49.9634
01:34:30,BUS-05,100,0.0,1.2081,5.3229,50.861,49.9572
01:34:40,BUS-05,100,0.0,1.1913,5.3025,50.88,49.9571
01:34:50,BUS-05,100,0.0,1.2186,5.3198,50.899,49.961
01:35:00,BUS-05,100,0.0,1.2024,5.3226,50.918,49.9685
01:35:10,BUS-05,100,0.0,1.1982,5.2993,50.938,49.9761
01:35:20,BUS-05,100,0.0,1.2016,5.29,50.957,49.9733
01:35:30,BUS-05,100,0.0,1.214,5.3109,50.976,49.9691
01:35:40,BUS-05,100,0.0,1.2063,5.2498,50.995,49.972
01:35:50,BUS-05,100,0.0,1.1981,5.2797,51.014,49.976
01:36:00,BUS-05,100,0.0,1.2016,5.3104,51.033,49.9674
01:36:10,BUS-05,100,0.0,1.1881,5.256,51.052,49.9729
01:36:20,BUS-05,100,0.0,1.2125,5.3141,51.071,49.9729
01:36:30,BUS-05,100,0.0,1.1833,5.3422,51.09,49.972
01:36:40,BUS-05,100,0.0,1.1851,5.2889,51.11,49.9706
01:36:50,BUS-05,100,0.0,1.1816,5.3311,51.129,49.9769
01:37:00,BUS-05,100,0.0,1.1873,5.3198,51.148,49.9708
01:37:10,BUS-05,100,0.0,1.22,5.3221,51.167,49.9752
01:37:20,BUS-05,100,0.0,1.1844,5.2654,51.186,49.976
01:37:30,BUS-05,100,0.0,1.1745,5.2797,51.206,49.981
01:37:40,BUS-05,100,0.0,1.241,5.2857,51.224,49.981
01:37:50,BUS-05,100,0.0,1.2144,5.3074,51.243,49.9889
01:38:00,BUS-05,100,0.0,1.1781,5.3234,51.263,49.9905
01:38:10,BUS-05,100,0.0,1.1911,5.3168,51.282,49.9868
01:38:20,BUS-05,100,0.0,1.2025,5.2882,51.301,49.9821
01:38:30,BUS-05,100,0.0,1.1864,5.2972,51.32,49.9839
01:38:40,BUS-05,100,0.0,1.2207,5.2645,51.339,49.9865
01:38:50,BUS-05,100,0.0,1.2073,5.3062,51.358,49.9901
01:39:00,BUS-05,100,0.0,1.2185,5.2773,51.377,49.9873
01:39:10,BUS-05,100,0.0,1.2167,5.2516,51.396,49.9829
01:39:20,BUS-05,100,0.0,1.2185,5.291,51.415,49.9802
01:39:30,BUS-05,100,0.0,1.1748,5.2695,51.434,49.976
01:39:40,BUS-05,100,0.0,1.1935,5.2468,51.454,49.9782
01:39:50,BUS-05,100,0.0,1.2135,5.2745,51.473,49.974
01:40:00,BUS-05,100,0.0,1.2122,5.2644,51.492,49.9748
01:40:10,BUS-05,100,0.0,1.2332,5.3039,51.51,49.9722
01:40:20,BUS-05,100,0.0,1.2036,5.2866,51.53,49.9795
01:40:30,BUS-05,100,0.0,1.2181,5.3212,51.549,49.977
01:40:40,BUS-05,100,0.0,1.1863,5.3351,51.568,49.9767
01:40:50,BUS-05,100,0.0,1.2057,5.344,51.587,49.9779
01:41:00,BUS-05,100,0.0,1.2065,5.3121,51.606,49.9753
01:41:10,BUS-05,100,0.0,1.1787,5.3198,51.625,49.9812
01:41:20,BUS-05,100,0.0,1.1897,5.2989,51.644,49.979
01:41:30,BUS-05,100,0.0,1.2003,5.3081,51.663,49.9757
01:41:40,BUS-05,100,0.0,1.1632,5.2845,51.683,49.9754
01:41:50,BUS-05,100,0.0,1.1951,5.2696,51.702,49.9773
01:42:00,BUS-05,100,0.0,1.2106,5.2831,51.721,49.9772
01:42:10,BUS-05,100,0.0,1.1754,5.3017,51.74,49.9737
01:42:20,BUS-05,100,0.0,1.1827,5.3171,51.76,49.9751
01:42:30,BUS-05,100,0.0,1.2186,5.2912,51.778,49.982
01:42:40,BUS-05,100,0.0,1.1805,5.301,51.798,49.9869
01:42:50,BUS-05,100,0.0,1.2202,5.323,51.817,49.9863
01:43:00,BUS-05,100,0.0,1.2152,5.3079,51.836,49.9892
01:43:10,BUS-05,100,0.0,1.2072,5.3014,51.855,49.9898
01:43:20,BUS-05,100,0.0,1.2178,5.3342,51.874,49.9872
01:43:30,BUS-05,100,0.0,1.1981,5.2939,51.893,49.9912
01:43:40,BUS-05,100,0.0,1.1956,5.2891,51.912,49.9988
01:43:50,BUS-05,100,0.0,1.177,5.2874,51.931,49.9949
01:44:00,BUS-05,100,0.0,1.2388,5.3189,51.95,49.994
01:44:10,BUS-05,100,0.0,1.182,5.3088,51.969,49.9952
01:44:20,BUS-05,100,0.0,1.2324,5.3114,51.988,49.9909
01:44:30,BUS-05,100,0.0,1.2054,5.296,52.007,49.9866
01:44:40,BUS-05,100,0.0,1.1953,5.3083,52.026,49.9773
01:44:50,BUS-05,100,0.0,1.2097,5.2684,52.045,49.9762
01:45:00,BUS-05,100,0.0,1.2266,5.3197,52.064,49.978
01:45:10,BUS-05,100,0.0,1.2254,5.3152,52.083,49.9767
01:45:20,BUS-05,100,0.0,1.1957,5.2938,52.102,49.9776
01:45:30,BUS-05,100,0.0,1.2,5.2986,52.122,49.9828
01:45:40,BUS-05,100,0.0,1.1972,5.303,52.141,49.982
01:45:50,BUS-05,100,0.0,1.1839,5.2936,52.16,49.9805
01:46:00,BUS-05,100,0.0,1.1898,5.2822,52.179,49.9805
01:46:10,BUS-05,100,0.0,1.2361,5.3084,52.198,49.9858
01:46:20,BUS-05,100,0.0,1.199,5.3028,52.217,49.9949
01:46:30,BUS-05,100,0.0,1.1984,5.3024,52.236,49.9952
01:46:40,BUS-05,100,0.0,1.2254,5.3425,52.255,49.9939
01:46:50,BUS-05,100,0.0,1.1841,5.2735,52.274,49.9963
01:47:00,BUS-05,100,0.0,1.2327,5.2974,52.293,49.9933
01:47:10,BUS-05,100,0.0,1.2166,5.2738,52.312,49.9977
01:47:20,BUS-05,100,0.0,1.1938,5.2984,52.331,49.9912
01:47:30,BUS-05,100,0.0,1.1982,5.2814,52.351,49.9892
01:47:40,BUS-05,100,0.0,1.1931,5.3066,52.37,49.9859
01:47:50,BUS-05,100,0.0,1.2273,5.2957,52.389,49.9778
01:48:00,BUS-05,100,0.0,1.1925,5.2752,52.408,49.9809
01:48:10,BUS-05,100,0.0,1.1974,5.3105,52.427,49.9772
01:48:20,BUS-05,100,0.0,1.2018,5.304,52.446,49.9773
01:48:30,BUS-05,100,0.0,1.1956,5.3083,52.465,49.972
01:48:40,BUS-05,100,0.0,1.2052,5.3173,52.484,49.9726
01:48:50,BUS-05,100,0.0,1.2219,5.2812,52.503,49.9693
01:49:00,BUS-05,100,0.0,1.2279,5.2826,52.522,49.9766
01:49:10,BUS-05,100,0.0,1.1787,5.2838,52.541,49.9755
01:49:20,BUS-05,100,0.0,1.1715,5.2666,52.561,49.9767
01:49:30,BUS-05,100,0.0,1.1782,5.2798,52.58,49.9812
01:49:40,BUS-05,100,0.0,1.1987,5.3131,52.599,49.984
01:49:50,BUS-05,100,0.0,1.1939,5.278,52.618,49.9844
01:50:00,BUS-05,100,0.0,1.2315,5.2751,52.637,49.9866
01:50:10,BUS-05,100,0.0,1.2001,5.3062,52.656,49.9897
01:50:20,BUS-05,100,0.0,1.2329,5.2872,52.675,49.9944
01:50:30,BUS-05,100,0.0,1.1984,5.3012,52.694,49.9888
01:50:40,BUS-05,100,0.0,1.2027,5.2983,52.713,49.9992
01:50:50,BUS-05,100,0.0,1.1623,5.2954,52.733,49.9957
01:51:00,BUS-05,100,0.0,1.1774,5.2864,52.752,49.991
01:51:10,BUS-05,100,0.0,1.2062,5.2777,52.771,49.9895
01:51:20,BUS-05,100,0.0,1.2142,5.2866,52.79,49.9869
01:51:30,BUS-05,100,0.0,1.1752,5.3078,52.809,49.984
01:51:40,BUS-05,100,0.0,1.1709,5.3089,52.829,49.984
01:51:50,BUS-05,100,0.0,1.1932,5.2718,52.848,49.9849
01:52:00,BUS-05,100,0.0,1.2236,5.3029,52.867,49.989
01:52:10,BUS-05,100,0.0,1.1684,5.3142,52.886,49.9851
01:52:20,BUS-05,100,0.0,1.2308,5.3249,52.905,49.9856
01:52:30,BUS-05,100,0.0,1.1891,5.2951,52.924,49.9853
01:52:40,BUS-05,100,0.0,1.2076,5.3165,52.943,49.979
01:52:50,BUS-05,100,0.0,1.2238,5.2692,52.962,49.9749
01:53:00,BUS-05,100,0.0,1.2063,5.2463,52.981,49.9735
01:53:10,BUS-05,100,0.0,1.2146,5.2871,53.0,49.9753
01:53:20,BUS-05,100,0.0,1.238,5.2831,53.019,49.9765
01:53:30,BUS-05,100,0.0,1.2018,5.28,53.038,49.9737
01:53:40,BUS-05,100,0.0,1.207,5.287,53.057,49.9726
01:53:50,BUS-05,100,0.0,1.23,5.3154,53.076,49.977
01:54:00,BUS-05,100,0.0,1.2095,5.3276,53.095,49.98
01:54:10,BUS-05,100,0.0,1.1996,5.2758,53.114,49.9881
01:54:20,BUS-05,100,0.0,1.1954,5.2884,53.133,49.9824
01:54:30,BUS-05,100,0.0,1.2093,5.2827,53.152,49.9884
01:54:40,BUS-05,100,0.0,1.2001,5.2804,53.172,49.9868
01:54:50,BUS-05,100,0.0,1.1786,5.2576,53.191,49.9871
01:55:00,BUS-05,100,0.0,1.202,5.2822,53.21,49.9868
01:55:10,BUS-05,100,0.0,1.1818,5.3342,53.229,49.9814
01:55:20,BUS-05,100,0.0,1.1758,5.3068,53.248,49.9881
01:55:30,BUS-05,100,0.0,1.1934,5.3176,53.268,49.9831
01:55:40,BUS-05,100,0.0,1.2311,5.2922,53.286,49.9792
01:55:50,BUS-05,100,0.0,1.2189,5.3399,53.305,49.9812
01:56:00,BUS-05,100,0.0,1.1897,5.2687,53.325,49.9842
01:56:10,BUS-05,100,0.0,1.2377,5.2522,53.343,49.9808
01:56:20,BUS-05,100,0.0,1.1977,5.3364,53.363,49.9812
01:56:30,BUS-05,100,0.0,1.1939,5.3081,53.382,49.9816
01:56:40,BUS-05,100,0.0,1.2286,5.3203,53.401,49.9814
01:56:50,BUS-05,100,0.0,1.2093,5.2984,53.42,49.9808
01:57:00,BUS-05,100,0.0,1.2005,5.3218,53.439,49.9777
01:57:10,BUS-05,100,0.0,1.1751,5.3142,53.458,49.9835
01:57:20,BUS-05,100,0.0,1.1983,5.2911,53.477,49.9804
01:57:30,BUS-05,100,0.0,1.2085,5.3028,53.496,49.9838
01:57:40,BUS-05,100,0.0,1.2179,5.3024,53.515,49.9816
01:57:50,BUS-05,100,0.0,1.1718,5.297,53.535,49.9856
01:58:00,BUS-05,100,0.0,1.1925,5.31,53.554,49.99
01:58:10,BUS-05,100,0.0,1.1493,5.2611,53.573,49.9903
01:58:20,BUS-05,100,0.0,1.2192,5.2865,53.592,49.999
01:58:30,BUS-05,100,0.0,1.2013,5.3035,53.611,49.9968
01:58:40,BUS-05,100,0.0,1.2116,5.276,53.63,50.0007
01:58:50,BUS-05,100,0.0,1.2283,5.3041,53.649,49.9953
01:59:00,BUS-05,100,0.0,1.2209,5.2778,53.668,49.9972
01:59:10,BUS-05,100,0.0,1.1874,5.2939,53.687,49.9946
01:59:20,BUS-05,100,0.0,1.2206,5.3075,53.706,49.9881
01:59:30,BUS-05,100,0.0,1.211,5.3068,53.725,49.9902
01:59:40,BUS-05,100,0.0,1.2273,5.3163,53.744,49.9915
01:59:50,BUS-05,100,0.0,1.2101,5.2566,53.763,49.9982
02:00:00,BUS-05,100,0.0,1.2231,5.2919,53.782,49.9958
02:00:10,BUS-05,100,0.0,1.1825,5.2865,53.802,49.9877
02:00:20,BUS-05,100,0.0,1.1876,5.2638,53.821,49.9895
02:00:30,BUS-05,100,0.0,1.2258,5.2928,53.84,49.9897
02:00:40,BUS-05,100,0.0,1.1872,5.271,53.859,49.9866
02:00:50,BUS-05,100,0.0,1.1902,5.2915,53.878,49.9865
02:01:00,BUS-05,100,0.0,1.1745,5.275,53.897,49.9855
02:01:10,BUS-05,100,0.0,1.2029,5.3095,53.916,49.9927
02:01:20,BUS-05,100,0.0,1.1944,5.2656,53.936,49.9856
02:01:30,BUS-05,100,0.0,1.1696,5.2774,53.955,49.9888
02:01:40,BUS-05,100,0.0,1.2011,5.298,53.974,49.9856
02:01:50,BUS-05,100,0.0,1.2252,5.2908,53.993,49.9826
02:02:00,BUS-05,100,0.0,1.1855,5.2731,54.012,49.9869
02:02:10,BUS-05,100,0.0,1.1796,5.2645,54.031,49.9813
02:02:20,BUS-05,100,0.0,1.2085,5.2756,54.05,49.9917
02:02:30,BUS-05,100,0.0,1.2171,5.274,54.069,49.9919
02:02:40,BUS-05,100,0.0,1.195,5.281,54.089,49.9906
02:02:50,BUS-05,100,0.0,1.2348,5.3069,54.107,49.982
02:03:00,BUS-05,100,0.0,1.206,5.2996,54.127,49.9804
02:03:10,BUS-05,100,0.0,1.2158,5.3061,54.146,49.9814
02:03:20,BUS-05,100,0.0,1.2125,5.3283,54.165,49.9737
02:03:30,BUS-05,100,0.0,1.241,5.3208,54.183,49.9784
02:03:40,BUS-05,100,0.0,1.1747,5.2768,54.203,49.9794
02:03:50,BUS-05,100,0.0,1.1894,5.2781,54.222,49.9838
02:04:00,BUS-05,100,0.0,1.1977,5.2925,54.241,49.9762
02:04:10,BUS-05,100,0.0,1.2016,5.2809,54.26,49.9743
02:04:20,BUS-05,100,0.0,1.234,5.2764,54.279,49.9702
02:04:30,BUS-05,100,0.0,1.1854,5.3393,54.298,49.9771
02:04:40,BUS-05,100,0.0,1.206,5.2874,54.317,49.9748
02:04:50,BUS-05,100,0.0,1.2192,5.3283,54.336,49.9721
02:05:00,BUS-05,100,0.0,1.2255,5.3117,54.355,49.9736
02:05:10,BUS-05,100,0.0,1.2135,5.2748,54.374,49.9812
02:05:20,BUS-05,100,0.0,1.2213,5.2814,54.393,49.98
02:05:30,BUS-05,100,0.0,1.2018,5.2752,54.412,49.9799
02:05:40,BUS-05,100,0.0,1.1712,5.3245,54.432,49.9771
02:05:50,BUS-05,100,0.0,1.2353,5.324,54.45,49.9798
02:06:00,BUS-05,100,0.0,1.1907,5.3012,54.47,49.9806
02:06:10,BUS-05,100,0.0,1.1805,5.2965,54.489,49.9772
02:06:20,BUS-05,100,0.0,1.1942,5.3037,54.508,49.9737
02:06:30,BUS-05,100,0.0,1.1953,5.2955,54.527,49.9789
02:06:40,BUS-05,100,0.0,1.1946,5.2919,54.546,49.9801
02:06:50,BUS-05,100,0.0,1.188,5.3109,54.565,49.9792
02:07:00,BUS-05,100,0.0,1.2116,5.2611,54.584,49.9847
02:07:10,BUS-05,100,0.0,1.1929,5.2991,54.604,49.9833
02:07:20,BUS-05,100,0.0,1.1919,5.3119,54.623,49.9815
02:07:30,BUS-05,100,0.0,1.2032,5.3245,54.642,49.9771
02:07:40,BUS-05,100,0.0,1.2179,5.315,54.661,49.9755
02:07:50,BUS-05,100,0.0,1.1868,5.2903,54.68,49.9814
02:08:00,BUS-05,100,0.0,1.1855,5.2786,54.699,49.9803
02:08:10,BUS-05,100,0.0,1.2035,5.297,54.718,49.9814
02:08:20,BUS-05,100,0.0,1.19,5.2972,54.738,49.9673
02:08:30,BUS-05,100,0.0,1.1659,5.3172,54.757,49.9704
02:08:40,BUS-05,100,0.0,1.2049,5.2926,54.776,49.9699
02:08:50,BUS-05,100,0.0,1.1976,5.2834,54.795,49.9694
02:09:00,BUS-05,100,0.0,1.1834,5.2943,54.814,49.9759
02:09:10,BUS-05,100,0.0,1.2172,5.2989,54.833,49.9755
02:09:20,BUS-05,100,0.0,1.1969,5.3133,54.852,49.9786
02:09:30,BUS-05,100,0.0,1.2043,5.2798,54.872,49.9765
02:09:40,BUS-05,100,0.0,1.2299,5.2922,54.89,49.976
02:09:50,BUS-05,100,0.0,1.2264,5.3094,54.909,49.9813
02:10:00,BUS-05,100,0.0,1.1928,5.3037,54.929,49.9915
02:10:10,BUS-05,100,0.0,1.2098,5.2668,54.948,49.9901
02:10:20,BUS-05,100,0.0,1.176,5.3024,54.967,49.9916
02:10:30,BUS-05,100,0.0,1.1957,5.2651,54.986,49.9861
02:10:40,BUS-05,100,0.0,1.1941,5.3146,55.005,49.9803
02:10:50,BUS-05,100,0.0,1.2207,5.3163,55.024,49.9918
02:11:00,BUS-05,100,0.0,1.1893,5.222,55.043,49.9881
02:11:10,BUS-05,100,0.0,1.1893,5.3156,55.062,49.9871
02:11:20,BUS-05,100,0.0,1.211,5.3014,55.082,49.9891
02:11:30,BUS-05,100,0.0,1.2119,5.2744,55.101,49.9945
02:11:40,BUS-05,100,0.0,1.1918,5.3296,55.12,49.9883
02:11:50,BUS-05,100,0.0,1.2233,5.2725,55.139,49.9906
02:12:00,BUS-05,100,0.0,1.2031,5.298,55.158,49.9894
02:12:10,BUS-05,100,0.0,1.1966,5.2874,55.177,49.9912
02:12:20,BUS-05,100,0.0,1.2154,5.291,55.196,49.9914
02:12:30,BUS-05,100,0.0,1.198,5.3131,55.215,49.9892
02:12:40,BUS-05,100,0.0,1.1951,5.2873,55.234,49.9901
02:12:50,BUS-05,100,0.0,1.1733,5.2715,55.253,49.9935
02:13:00,BUS-05,100,0.0,1.2122,5.2619,55.272,49.994
02:13:10,BUS-05,100,0.0,1.183,5.2773,55.292,49.9914
02:13:20,BUS-05,100,0.0,1.1787,5.2892,55.311,49.9939
02:13:30,BUS-05,100,0.0,1.2069,5.303,55.33,49.991
02:13:40,BUS-05,100,0.0,1.1865,5.3072,55.349,49.9906
02:13:50,BUS-05,100,0.0,1.2008,5.273,55.368,49.9881
02:14:00,BUS-05,100,0.0,1.203,5.2908,55.387,49.9892
02:14:10,BUS-05,100,0.0,1.1862,5.3475,55.407,49.9912
02:14:20,BUS-05,100,0.0,1.1946,5.3036,55.426,49.9919
02:14:30,BUS-05,100,0.0,1.1538,5.2773,55.445,49.9923
02:14:40,BUS-05,100,0.0,1.2249,5.2815,55.464,49.9898
02:14:50,BUS-05,100,0.0,1.1961,5.2838,55.483,49.9904
02:15:00,BUS-05,100,0.0,1.1991,5.2912,55.502,49.9844
02:15:10,BUS-05,100,0.0,1.214,5.3121,55.521,49.9923
02:15:20,BUS-05,100,0.0,1.2049,5.318,55.541,49.9964
02:15:30,BUS-05,100,0.0,1.2299,5.2959,55.559,49.9994
02:15:40,BUS-05,100,0.0,1.2047,5.3028,55.579,49.999
02:15:50,BUS-05,100,0.0,1.2036,5.2517,55.598,49.9945
02:16:00,BUS-05,100,0.0,1.1879,5.2965,55.617,49.9857
02:16:10,BUS-05,100,0.0,1.2001,5.3106,55.636,49.9789
02:16:20,BUS-05,100,0.0,1.2156,5.3326,55.655,49.9797
02:16:30,BUS-05,100,0.0,1.2337,5.3207,55.674,49.9753
02:16:40,BUS-05,100,0.0,1.2079,5.3164,55.693,49.9782
02:16:50,BUS-05,100,0.0,1.1871,5.2775,55.712,49.9768
02:17:00,BUS-05,100,0.0,1.1864,5.2642,55.731,49.9773
02:17:10,BUS-05,100,0.0,1.1812,5.293,55.75,49.9806
02:17:20,BUS-05,100,0.0,1.2069,5.2799,55.77,49.9732
02:17:30,BUS-05,100,0.0,1.19,5.2828,55.789,49.9748
02:17:40,BUS-05,100,0.0,1.2168,5.2977,55.808,49.9753
02:17:50,BUS-05,100,0.0,1.2002,5.286,55.827,49.9794
02:18:00,BUS-05,100,0.0,1.2202,5.3009,55.846,49.9816
02:18:10,BUS-05,100,0.0,1.2008,5.3176,55.865,49.9843
02:18:20,BUS-05,100,0.0,1.217,5.3159,55.884,49.9857
02:18:30,BUS-05,100,0.0,1.2021,5.2956,55.903,49.9909
02:18:40,BUS-05,100,0.0,1.1626,5.2953,55.922,49.9962
02:18:50,BUS-05,100,0.0,1.1789,5.2756,55.942,49.9942
02:19:00,BUS-05,100,0.0,1.2378,5.2658,55.96,49.9946
02:19:10,BUS-05,100,0.0,1.2098,5.3374,55.979,49.9924
02:19:20,BUS-05,100,0.0,1.1811,5.2959,55.999,49.9831
02:19:30,BUS-05,100,0.0,1.1937,5.2501,56.018,49.9815
02:19:40,BUS-05,100,0.0,1.2077,5.2562,56.037,49.9885
02:19:50,BUS-05,100,0.0,1.2211,5.3475,56.056,49.9857
02:20:00,BUS-05,100,0.0,1.2078,5.32,56.075,49.9851
02:20:10,BUS-05,100,0.0,1.2095,5.3118,56.094,49.9828
02:20:20,BUS-05,100,0.0,1.1908,5.3383,56.113,49.9761
02:20:30,BUS-05,100,0.0,1.1937,5.3027,56.132,49.9746
02:20:40,BUS-05,100,0.0,1.1719,5.2832,56.152,49.9705
02:20:50,BUS-05,100,0.0,1.1906,5.319,56.171,49.9721
02:21:00,BUS-05,100,0.0,1.1915,5.3081,56.19,49.9755
02:21:10,BUS-05,100,0.0,1.1805,5.2745,56.209,49.9775
02:21:20,BUS-05,100,0.0,1.2192,5.2979,56.228,49.9797
02:21:30,BUS-05,100,0.0,1.1759,5.2778,56.248,49.9813
02:21:40,BUS-05,100,0.0,1.2127,5.2798,56.267,49.9808
02:21:50,BUS-05,100,0.0,1.2167,5.2848,56.286,49.9841
02:22:00,BUS-05,100,0.0,1.2209,5.2911,56.304,49.983
02:22:10,BUS-05,100,0.0,1.2022,5.2868,56.324,49.9804
02:22:20,BUS-05,100,0.0,1.1971,5.3275,56.343,49.9871
02:22:30,BUS-05,100,0.0,1.1953,5.2947,56.362,49.9935
02:22:40,BUS-05,100,0.0,1.2069,5.3027,56.381,49.9961
02:22:50,BUS-05,100,0.0,1.2435,5.2741,56.4,49.9955
02:23:00,BUS-05,100,0.0,1.2235,5.2914,56.419,49.9931
02:23:10,BUS-05,100,0.0,1.1462,5.309,56.438,49.9972
02:23:20,BUS-05,100,0.0,1.2144,5.333,56.457,49.9992
02:23:30,BUS-05,100,0.0,1.1992,5.2802,56.476,50.0018
02:23:40,BUS-05,100,0.0,1.1936,5.3038,56.495,50.0045
02:23:50,BUS-05,100,0.0,1.176,5.2902,56.515,50.0042
02:24:00,BUS-05,100,0.0,1.1853,5.2863,56.534,50.004
02:24:10,BUS-05,100,0.0,1.1717,5.3312,56.553,49.9979
02:24:20,BUS-05,100,0.0,1.1727,5.3067,56.573,49.9976
02:24:30,BUS-05,100,0.0,1.2115,5.2901,56.592,49.9911
02:24:40,BUS-05,100,0.0,1.2025,5.2825,56.611,49.9938
02:24:50,BUS-05,100,0.0,1.1791,5.3177,56.63,49.9973
02:25:00,BUS-05,100,0.0,1.2067,5.3051,56.649,49.9934
02:25:10,BUS-05,100,0.0,1.202,5.2697,56.668,49.996
02:25:20,BUS-05,100,0.0,1.2021,5.2727,56.687,49.9943
02:25:30,BUS-05,100,0.0,1.2039,5.2876,56.706,49.9936
02:25:40,BUS-05,100,0.0,1.2071,5.2954,56.725,49.987
02:25:50,BUS-05,100,0.0,1.2078,5.3194,56.744,49.988
02:26:00,BUS-05,100,0.0,1.1784,5.2993,56.764,49.9821
02:26:10,BUS-05,100,0.0,1.2082,5.3097,56.783,49.9906
02:26:20,BUS-05,100,0.0,1.1843,5.2768,56.802,49.9936
02:26:30,BUS-05,100,0.0,1.1733,5.3008,56.821,50.0034
02:26:40,BUS-05,100,0.0,1.2129,5.3354,56.84,50.0034
02:26:50,BUS-05,100,0.0,1.2051,5.2746,56.859,50.0066
02:27:00,BUS-05,100,0.0,1.1749,5.3252,56.879,50.0105
02:27:10,BUS-05,100,0.0,1.2092,5.3003,56.898,50.0086
02:27:20,BUS-05,100,0.0,1.1876,5.309,56.917,50.0127
02:27:30,BUS-05,100,0.0,1.2091,5.3189,56.936,50.0112
02:27:40,BUS-05,100,0.0,1.2091,5.272,56.955,50.0116
02:27:50,BUS-05,100,0.0,1.2092,5.2857,56.974,50.0178
02:28:00,BUS-05,100,0.0,1.1977,5.3161,56.993,50.0183
02:28:10,BUS-05,100,0.0,1.2112,5.3075,57.012,50.0084
02:28:20,BUS-05,100,0.0,1.1787,5.3059,57.031,50.0032
02:28:30,BUS-05,100,0.0,1.1947,5.3623,57.051,50.0045
02:28:40,BUS-05,100,0.0,1.214,5.2781,57.07,50.0053
02:28:50,BUS-05,100,0.0,1.1884,5.2838,57.089,49.9993
02:29:00,BUS-05,100,0.0,1.1803,5.29,57.108,49.9954
02:29:10,BUS-05,100,0.0,1.182,5.2657,57.127,49.9888
02:29:20,BUS-05,100,0.0,1.2082,5.3184,57.146,49.9884
02:29:30,BUS-05,100,0.0,1.2188,5.3117,57.165,49.9866
02:29:40,BUS-05,100,0.0,1.1741,5.3192,57.185,49.9962
02:29:50,BUS-05,100,0.0,1.1961,5.3037,57.204,49.9902
02:30:00,BUS-05,100,0.0,1.1663,5.3092,57.223,49.987
02:30:10,BUS-05,100,0.0,1.2014,5.3162,57.242,49.9845
02:30:20,BUS-05,100,0.0,1.1813,5.284,57.261,49.986
02:30:30,BUS-05,100,0.0,1.1847,5.2737,57.281,49.9878
02:30:40,BUS-05,100,0.0,1.2342,5.3409,57.3,49.9847
02:30:50,BUS-05,100,0.0,1.1803,5.269,57.319,49.9878
02:31:00,BUS-05,100,0.0,1.1759,5.3084,57.338,49.9883
02:31:10,BUS-05,100,0.0,1.1771,5.2773,57.357,49.9928
02:31:20,BUS-05,100,0.0,1.2024,5.3088,57.376,49.9933
02:31:30,BUS-05,100,0.0,1.1676,5.3053,57.396,49.9994
02:31:40,BUS-05,100,0.0,1.1923,5.2595,57.415,49.9937
02:31:50,BUS-05,100,0.0,1.1755,5.2868,57.434,49.9953
02:32:00,BUS-05,100,0.0,1.1796,5.3275,57.454,49.9922
02:32:10,BUS-05,100,0.0,1.194,5.3241,57.473,49.989
02:32:20,BUS-05,100,0.0,1.2083,5.2838,57.492,49.9887
02:32:30,BUS-05,100,0.0,1.1721,5.2836,57.511,49.9841
02:32:40,BUS-05,100,0.0,1.196,5.3074,57.53,49.9854
02:32:50,BUS-05,100,0.0,1.204,5.275,57.549,49.9863
02:33:00,BUS-05,100,0.0,1.1612,5.2727,57.569,49.9846
02:33:10,BUS-05,100,0.0,1.1883,5.2687,57.588,49.9833
02:33:20,BUS-05,100,0.0,1.18,5.2969,57.607,49.9833
02:33:30,BUS-05,100,0.0,1.1882,5.2904,57.626,49.9854
02:33:40,BUS-05,100,0.0,1.1816,5.3344,57.646,49.9857
02:33:50,BUS-05,100,0.0,1.1879,5.3242,57.665,49.9903
02:34:00,BUS-05,100,0.0,1.227,5.3409,57.684,49.9861
02:34:10,BUS-05,100,0.0,1.2021,5.2913,57.703,49.9853
02:34:20,BUS-05,100,0.0,1.2108,5.2931,57.722,49.9854
02:34:30,BUS-05,100,0.0,1.2231,5.2757,57.741,49.9824
02:34:40,BUS-05,100,0.0,1.2143,5.3203,57.76,49.9856
02:34:50,BUS-05,100,0.0,1.1807,5.3047,57.779,49.9903
02:35:00,BUS-05,100,0.0,1.2317,5.3032,57.798,49.9843
02:35:10,BUS-05,100,0.0,1.195,5.2805,57.817,49.9784
02:35:20,BUS-05,100,0.0,1.2203,5.2823,57.836,49.977
02:35:30,BUS-05,100,0.0,1.2156,5.3182,57.855,49.9818
02:35:40,BUS-05,100,0.0,1.1858,5.3167,57.874,49.9823
02:35:50,BUS-05,100,0.0,1.1882,5.3126,57.893,49.9796
02:36:00,BUS-05,100,0.0,1.2281,5.2432,57.912,49.9752
02:36:10,BUS-05,100,0.0,1.1739,5.291,57.932,49.9728
02:36:20,BUS-05,100,0.0,1.2111,5.282,57.951,49.973
02:36:30,BUS-05,100,0.0,1.2028,5.2952,57.97,49.9705
02:36:40,BUS-05,100,0.0,1.1885,5.3124,57.989,49.9829
02:36:50,BUS-05,100,0.0,1.185,5.2855,58.008,49.9793
02:37:00,BUS-05,100,0.0,1.1704,5.278,58.027,49.9772
02:37:10,BUS-05,100,0.0,1.2159,5.2805,58.046,49.9758
02:37:20,BUS-05,100,0.0,1.1759,5.2927,58.066,49.9725
02:37:30,BUS-05,100,0.0,1.1961,5.2824,58.085,49.9782
02:37:40,BUS-05,100,0.0,1.2191,5.2974,58.104,49.9797
02:37:50,BUS-05,100,0.0,1.1639,5.3088,58.123,49.9757
02:38:00,BUS-05,100,0.0,1.2252,5.3142,58.142,49.9769
02:38:10,BUS-05,100,0.0,1.1927,5.2814,58.161,49.9766
02:38:20,BUS-05,100,0.0,1.2175,5.2924,58.18,49.9786
02:38:30,BUS-05,100,0.0,1.1941,5.3024,58.199,49.9818
02:38:40,BUS-05,100,0.0,1.185,5.3002,58.219,49.9891
02:38:50,BUS-05,100,0.0,1.2002,5.3177,58.238,49.9945
02:39:00,BUS-05,100,0.0,1.1984,5.2732,58.257,49.9958
02:39:10,BUS-05,100,0.0,1.1885,5.3209,58.276,49.9859
02:39:20,BUS-05,100,0.0,1.1658,5.2757,58.295,49.9888
02:39:30,BUS-05,100,0.0,1.1824,5.3002,58.315,49.9876
02:39:40,BUS-05,100,0.0,1.211,5.3045,58.334,49.9941
02:39:50,BUS-05,100,0.0,1.2159,5.3124,58.353,49.9908
02:40:00,BUS-05,100,0.0,1.2028,5.2942,58.372,49.9886
02:40:10,BUS-05,100,0.0,1.1989,5.3044,58.391,49.9891
02:40:20,BUS-05,100,0.0,1.1908,5.3111,58.41,49.9859
02:40:30,BUS-05,100,0.0,1.1695,5.3264,58.429,49.9837
02:40:40,BUS-05,100,0.0,1.1513,5.3067,58.449,49.9813
02:40:50,BUS-05,100,0.0,1.1703,5.2388,58.468,49.992
02:41:00,BUS-05,100,0.0,1.2259,5.3175,58.487,49.9969
02:41:10,BUS-05,100,0.0,1.196,5.2767,58.506,49.9976
02:41:20,BUS-05,100,0.0,1.2146,5.2914,58.525,49.9917
02:41:30,BUS-05,100,0.0,1.2179,5.2897,58.544,49.9865
02:41:40,BUS-05,100,0.0,1.203,5.3209,58.563,49.9812
02:41:50,BUS-05,100,0.0,1.2061,5.2955,58.582,49.9756
02:42:00,BUS-05,100,0.0,1.186,5.2965,58.602,49.9742
02:42:10,BUS-05,100,0.0,1.1872,5.2801,58.621,49.9792
02:42:20,BUS-05,100,0.0,1.2177,5.3155,58.64,49.9793
02:42:30,BUS-05,100,0.0,1.1903,5.2708,58.659,49.9782
02:42:40,BUS-05,100,0.0,1.2104,5.3417,58.678,49.9825
02:42:50,BUS-05,100,0.0,1.2232,5.2934,58.697,49.9836
02:43:00,BUS-05,100,0.0,1.207,5.3276,58.716,49.9839
02:43:10,BUS-05,100,0.0,1.217,5.2828,58.735,49.9806
02:43:20,BUS-05,100,0.0,1.2246,5.2931,58.754,49.9822
02:43:30,BUS-05,100,0.0,1.2214,5.2918,58.773,49.981
02:43:40,BUS-05,100,0.0,1.1917,5.3136,58.792,49.9739
02:43:50,BUS-05,100,0.0,1.1782,5.2785,58.811,49.973
02:44:00,BUS-05,100,0.0,1.2131,5.2974,58.83,49.9736
02:44:10,BUS-05,100,0.0,1.1698,5.2623,58.85,49.9749
02:44:20,BUS-05,100,0.0,1.2055,5.2961,58.869,49.9771
02:44:30,BUS-05,100,0.0,1.2368,5.3116,58.888,49.9797
02:44:40,BUS-05,100,0.0,1.2026,5.3167,58.907,49.9799
02:44:50,BUS-05,100,0.0,1.2198,5.3199,58.926,49.975
02:45:00,BUS-05,100,0.0,1.2093,5.3066,58.945,49.98
02:45:10,BUS-05,100,0.0,1.1776,5.3328,58.964,49.9763
02:45:20,BUS-05,100,0.0,1.2045,5.3037,58.983,49.9712
02:45:30,BUS-05,100,0.0,1.1935,5.247,59.002,49.9654
02:45:40,BUS-05,100,0.0,1.1712,5.2927,59.022,49.9688
02:45:50,BUS-05,100,0.0,1.1955,5.3084,59.041,49.9714
02:46:00,BUS-05,100,0.0,1.1622,5.2754,59.06,49.972
02:46:10,BUS-05,100,0.0,1.1778,5.2916,59.079,49.971
02:46:20,BUS-05,100,0.0,1.1952,5.2854,59.099,49.9665
02:46:30,BUS-05,100,0.0,1.2363,5.2631,59.117,49.9637
02:46:40,BUS-05,100,0.0,1.205,5.3062,59.136,49.9686
02:46:50,BUS-05,100,0.0,1.1798,5.2778,59.156,49.9746
02:47:00,BUS-05,100,0.0,1.1796,5.2921,59.175,49.9733
02:47:10,BUS-05,100,0.0,1.2129,5.2965,59.194,49.9766
02:47:20,BUS-05,100,0.0,1.2168,5.3163,59.213,49.9778
02:47:30,BUS-05,100,0.0,1.1747,5.3104,59.232,49.9728
02:47:40,BUS-05,100,0.0,1.175,5.2919,59.252,49.9729
02:47:50,BUS-05,100,0.0,1.1912,5.3248,59.271,49.9722
02:48:00,BUS-05,100,0.0,1.1545,5.3409,59.29,49.9775
02:48:10,BUS-05,100,0.0,1.2004,5.3114,59.309,49.9777
02:48:20,BUS-05,100,0.0,1.2329,5.3005,59.328,49.9734
02:48:30,BUS-05,100,0.0,1.1967,5.2991,59.347,49.9772
02:48:40,BUS-05,100,0.0,1.2119,5.298,59.366,49.9762
02:48:50,BUS-05,100,0.0,1.1879,5.292,59.386,49.9748
02:49:00,BUS-05,100,0.0,1.1974,5.3291,59.405,49.9711
02:49:10,BUS-05,100,0.0,1.1976,5.3191,59.424,49.967
02:49:20,BUS-05,100,0.0,1.1865,5.2946,59.443,49.971
02:49:30,BUS-05,100,0.0,1.2045,5.2842,59.462,49.9729
02:49:40,BUS-05,100,0.0,1.2007,5.2487,59.481,49.9824
02:49:50,BUS-05,100,0.0,1.2012,5.2738,59.5,49.9844
02:50:00,BUS-05,100,0.0,1.1753,5.2862,59.52,49.9935
02:50:10,BUS-05,100,0.0,1.2374,5.3006,59.538,49.9941
02:50:20,BUS-05,100,0.0,1.2086,5.3217,59.557,49.9961
02:50:30,BUS-05,100,0.0,1.2078,5.3004,59.576,49.9957
02:50:40,BUS-05,100,0.0,1.2243,5.2767,59.595,49.9977
02:50:50,BUS-05,100,0.0,1.1886,5.2819,59.615,49.9982
02:51:00,BUS-05,100,0.0,1.1932,5.2899,59.634,49.9931
02:51:10,BUS-05,100,0.0,1.2076,5.2968,59.653,49.9962
02:51:20,BUS-05,100,0.0,1.2374,5.3667,59.672,49.9944
02:51:30,BUS-05,100,0.0,1.218,5.2869,59.691,49.9957
02:51:40,BUS-05,100,0.0,1.1492,5.2957,59.71,49.9949
02:51:50,BUS-05,100,0.0,1.2346,5.3392,59.729,49.9875
02:52:00,BUS-05,100,0.0,1.1955,5.2418,59.748,49.9906
02:52:10,BUS-05,100,0.0,1.2025,5.3107,59.767,49.9887
02:52:20,BUS-05,100,0.0,1.2016,5.3162,59.786,49.9838
02:52:30,BUS-05,100,0.0,1.2125,5.3184,59.805,49.9862
02:52:40,BUS-05,100,0.0,1.2198,5.2688,59.824,49.986
02:52:50,BUS-05,100,0.0,1.1751,5.309,59.844,49.9919
02:53:00,BUS-05,100,0.0,1.2018,5.2968,59.863,49.9892
02:53:10,BUS-05,100,0.0,1.2004,5.2812,59.882,49.9875
02:53:20,BUS-05,100,0.0,1.239,5.2863,59.901,49.9878
02:53:30,BUS-05,100,0.0,1.1766,5.3094,59.92,49.9853
02:53:40,BUS-05,100,0.0,1.2137,5.2982,59.939,49.9841
02:53:50,BUS-05,100,0.0,1.1945,5.3231,59.958,49.98
02:54:00,BUS-05,100,0.0,1.2067,5.2805,59.977,49.9903
02:54:10,BUS-05,100,0.0,1.1975,5.2906,59.996,49.9935
02:54:20,BUS-05,100,0.0,1.175,5.2961,60.016,49.9892
02:54:30,BUS-05,100,0.0,1.2062,5.3178,60.035,49.9881
02:54:40,BUS-05,100,0.0,1.2179,5.298,60.054,49.989
02:54:50,BUS-05,100,0.0,1.1955,5.3151,60.073,49.9911
02:55:00,BUS-05,100,0.0,1.2011,5.2892,60.092,49.9923
02:55:10,BUS-05,100,0.0,1.1746,5.3102,60.111,49.9879
02:55:20,BUS-05,100,0.0,1.2081,5.2978,60.13,49.9937
02:55:30,BUS-05,100,0.0,1.2156,5.3183,60.149,49.9981
02:55:40,BUS-05,100,0.0,1.1891,5.2979,60.168,49.9964
02:55:50,BUS-05,100,0.0,1.1823,5.3163,60.188,49.9973
02:56:00,BUS-05,100,0.0,1.1913,5.2891,60.207,50.0039
02:56:10,BUS-05,100,0.0,1.1964,5.2807,60.226,50.0011
02:56:20,BUS-05,100,0.0,1.2075,5.3318,60.245,49.9995
02:56:30,BUS-05,100,0.0,1.2109,5.2922,60.264,50.0002
02:56:40,BUS-05,100,0.0,1.1745,5.276,60.283,49.9988
02:56:50,BUS-05,100,0.0,1.2171,5.3327,60.302,49.9969
02:57:00,BUS-05,100,0.0,1.2132,5.3019,60.321,49.9991
02:57:10,BUS-05,100,0.0,1.2038,5.3158,60.34,50.0005
02:57:20,BUS-05,100,0.0,1.1872,5.3505,60.36,50.0012
02:57:30,BUS-05,100,0.0,1.1984,5.2812,60.379,49.9985
02:57:40,BUS-05,100,0.0,1.1739,5.2952,60.398,50.0022
02:57:50,BUS-05,100,0.0,1.2054,5.3496,60.417,50.0076
02:58:00,BUS-05,100,0.0,1.184,5.3079,60.436,50.0099
02:58:10,BUS-05,100,0.0,1.2072,5.2961,60.455,50.0091
02:58:20,BUS-05,100,0.0,1.2286,5.3056,60.474,50.009
02:58:30,BUS-05,100,0.0,1.2225,5.3076,60.493,50.0103
02:58:40,BUS-05,100,0.0,1.2059,5.3073,60.512,50.015
02:58:50,BUS-05,100,0.0,1.1984,5.2886,60.531,50.0087
02:59:00,BUS-05,100,0.0,1.1812,5.3,60.551,50.0071
02:59:10,BUS-05,100,0.0,1.1631,5.3069,60.57,50.0052
02:59:20,BUS-05,100,0.0,1.2031,5.3232,60.589,49.999
02:59:30,BUS-05,100,0.0,1.1875,5.2722,60.608,49.993
02:59:40,BUS-05,100,0.0,1.1998,5.3207,60.627,49.996
02:59:50,BUS-05,100,0.0,1.2038,5.2824,60.647,49.9902
03:00:00,BUS-05,100,0.0,1.1839,5.2572,60.666,49.9893
03:00:10,BUS-05,100,0.0,1.202,5.293,60.685,49.9913
03:00:20,BUS-05,100,0.0,1.2083,5.2659,60.704,49.9869
03:00:30,BUS-05,100,0.0,1.1886,5.3169,60.723,49.9916
03:00:40,BUS-05,100,0.0,1.1918,5.2885,60.742,49.9958
03:00:50,BUS-05,100,0.0,1.2272,5.2886,60.761,49.9963
03:01:00,BUS-05,100,0.0,1.2143,5.2773,60.78,49.9923
03:01:10,BUS-05,100,0.0,1.1739,5.2928,60.8,49.9931
03:01:20,BUS-05,100,0.0,1.1986,5.3263,60.819,49.9904
03:01:30,BUS-05,100,0.0,1.1924,5.3218,60.838,49.9871
03:01:40,BUS-05,100,0.0,1.2256,5.2612,60.857,49.988
03:01:50,BUS-05,100,0.0,1.1892,5.2955,60.876,49.9906
03:02:00,BUS-05,100,0.0,1.228,5.3126,60.895,49.9842
03:02:10,BUS-05,100,0.0,1.1887,5.2935,60.914,49.99
03:02:20,BUS-05,100,0.0,1.2186,5.2676,60.933,49.9867
03:02:30,BUS-05,100,0.0,1.18,5.2727,60.952,49.9846
03:02:40,BUS-05,100,0.0,1.2216,5.3035,60.971,49.9895
03:02:50,BUS-05,100,0.0,1.1814,5.28,60.99,49.9891
03:03:00,BUS-05,100,0.0,1.2262,5.3085,61.009,49.9895
03:03:10,BUS-05,100,0.0,1.1928,5.2791,61.029,49.9815
03:03:20,BUS-05,100,0.0,1.1799,5.2964,61.048,49.9835
03:03:30,BUS-05,100,0.0,1.1856,5.328,61.067,49.9821
03:03:40,BUS-05,100,0.0,1.1827,5.2898,61.086,49.9789
03:03:50,BUS-05,100,0.0,1.1874,5.3062,61.105,49.9778
03:04:00,BUS-05,100,0.0,1.2312,5.2981,61.124,49.9709
03:04:10,BUS-05,100,0.0,1.2008,5.2921,61.143,49.9724
03:04:20,BUS-05,100,0.0,1.1939,5.2857,61.163,49.9778
03:04:30,BUS-05,100,0.0,1.1977,5.2981,61.182,49.9786
03:04:40,BUS-05,100,0.0,1.1969,5.2956,61.201,49.9833
03:04:50,BUS-05,100,0.0,1.2031,5.275,61.22,49.9832
03:05:00,BUS-05,100,0.0,1.1851,5.2989,61.239,49.9795
03:05:10,BUS-05,100,0.0,1.1872,5.3,61.258,49.9758
03:05:20,BUS-05,100,0.0,1.2095,5.3326,61.277,49.9695
03:05:30,BUS-05,100,0.0,1.2006,5.3186,61.297,49.9708
03:05:40,BUS-05,100,0.0,1.2013,5.3426,61.316,49.9699
03:05:50,BUS-05,100,0.0,1.1807,5.3124,61.335,49.9713
03:06:00,BUS-05,100,0.0,1.1808,5.3026,61.354,49.9723
03:06:10,BUS-05,100,0.0,1.2432,5.2984,61.373,49.9694
03:06:20,BUS-05,100,0.0,1.2119,5.2715,61.392,49.9716
03:06:30,BUS-05,100,0.0,1.2074,5.306,61.411,49.9735
03:06:40,BUS-05,100,0.0,1.2204,5.3063,61.43,49.9786
03:06:50,BUS-05,100,0.0,1.2056,5.2936,61.449,49.9751
03:07:00,BUS-05,100,0.0,1.204,5.2984,61.468,49.9745
03:07:10,BUS-05,100,0.0,1.1852,5.3404,61.487,49.982
03:07:20,BUS-05,100,0.0,1.193,5.2905,61.507,49.9839
03:07:30,BUS-05,100,0.0,1.2227,5.2995,61.525,49.9854
03:07:40,BUS-05,100,0.0,1.196,5.2745,61.545,49.9863
03:07:50,BUS-05,100,0.0,1.2122,5.3083,61.564,49.9831
03:08:00,BUS-05,100,0.0,1.2023,5.2958,61.583,49.9879
03:08:10,BUS-05,100,0.0,1.2184,5.3104,61.602,49.9838
03:08:20,BUS-05,100,0.0,1.196,5.2972,61.621,49.985
03:08:30,BUS-05,100,0.0,1.2169,5.3042,61.64,49.9767
03:08:40,BUS-05,100,0.0,1.1731,5.2521,61.659,49.9829
03:08:50,BUS-05,100,0.0,1.1819,5.3293,61.678,49.9764
03:09:00,BUS-05,100,0.0,1.1768,5.2828,61.698,49.9779
03:09:10,BUS-05,100,0.0,1.1676,5.3074,61.717,49.9774
03:09:20,BUS-05,100,0.0,1.1967,5.2881,61.736,49.9817
03:09:30,BUS-05,100,0.0,1.2001,5.3033,61.755,49.9805
03:09:40,BUS-05,100,0.0,1.2342,5.3029,61.774,49.9821
03:09:50,BUS-05,100,0.0,1.1889,5.3261,61.793,49.9799
03:10:00,BUS-05,100,0.0,1.18,5.2923,61.813,49.9769
03:10:10,BUS-05,100,0.0,1.1923,5.2453,61.832,49.9855
03:10:20,BUS-05,100,0.0,1.2065,5.2728,61.851,49.9882
03:10:30,BUS-05,100,0.0,1.1884,5.3296,61.87,49.9899
03:10:40,BUS-05,100,0.0,1.1834,5.3153,61.889,49.9832
03:10:50,BUS-05,100,0.0,1.2274,5.2513,61.908,49.9816
03:11:00,BUS-05,100,0.0,1.2261,5.3219,61.927,49.9812
03:11:10,BUS-05,100,0.0,1.1992,5.2864,61.946,49.9804
03:11:20,BUS-05,100,0.0,1.2265,5.2528,61.965,49.9864
03:11:30,BUS-05,100,0.0,1.1832,5.2869,61.984,49.9939
03:11:40,BUS-05,100,0.0,1.1755,5.2917,62.004,49.9932
03:11:50,BUS-05,100,0.0,1.1983,5.2893,62.023,49.9903
03:12:00,BUS-05,100,0.0,1.1918,5.2781,62.042,49.9912
03:12:10,BUS-05,100,0.0,1.1948,5.3232,62.061,49.99
03:12:20,BUS-05,100,0.0,1.2067,5.3079,62.08,49.989
03:12:30,BUS-05,100,0.0,1.2073,5.3073,62.099,49.993
03:12:40,BUS-05,100,0.0,1.2323,5.2977,62.118,49.9973
03:12:50,BUS-05,100,0.0,1.1926,5.3063,62.137,50.0001
03:13:00,BUS-05,100,0.0,1.1983,5.2571,62.156,49.9927
03:13:10,BUS-05,100,0.0,1.2063,5.3135,62.175,49.995
03:13:20,BUS-05,100,0.0,1.1768,5.2828,62.195,49.9986
03:13:30,BUS-05,100,0.0,1.207,5.2796,62.214,49.9986
03:13:40,BUS-05,100,0.0,1.1894,5.2757,62.233,49.9892
03:13:50,BUS-05,100,0.0,1.1676,5.2947,62.252,49.9909
03:14:00,BUS-05,100,0.0,1.2165,5.2839,62.271,49.9912
03:14:10,BUS-05,100,0.0,1.2062,5.3094,62.29,49.9892
03:14:20,BUS-05,100,0.0,1.2057,5.2965,62.309,49.9849
03:14:30,BUS-05,100,0.0,1.201,5.315,62.328,49.9838
03:14:40,BUS-05,100,0.0,1.2308,5.291,62.347,49.9821
03:14:50,BUS-05,100,0.0,1.1595,5.2835,62.367,49.9828
03:15:00,BUS-05,100,0.0,1.1611,5.3054,62.386,49.9842
03:15:10,BUS-05,100,0.0,1.1868,5.2745,62.405,49.9826
03:15:20,BUS-05,100,0.0,1.2137,5.2905,62.424,49.9765
03:15:30,BUS-05,100,0.0,1.2351,5.3087,62.443,49.9774
03:15:40,BUS-05,100,0.0,1.1974,5.2951,62.462,49.9739
03:15:50,BUS-05,100,0.0,1.2073,5.3038,62.481,49.9709
03:16:00,BUS-05,100,0.0,1.2224,5.2643,62.5,49.9764
03:16:10,BUS-05,100,0.0,1.1825,5.3173,62.52,49.9714
03:16:20,BUS-05,100,0.0,1.211,5.2783,62.539,49.9753
03:16:30,BUS-05,100,0.0,1.179,5.2965,62.558,49.977
03:16:40,BUS-05,100,0.0,1.1846,5.3084,62.577,49.9784
03:16:50,BUS-05,100,0.0,1.2041,5.2516,62.596,49.9747
03:17:00,BUS-05,100,0.0,1.1954,5.2901,62.615,49.9766
03:17:10,BUS-05,100,0.0,1.1923,5.3105,62.635,49.9747
03:17:20,BUS-05,100,0.0,1.1991,5.2754,62.654,49.9763
03:17:30,BUS-05,100,0.0,1.1888,5.2738,62.673,49.978
03:17:40,BUS-05,100,0.0,1.1773,5.3196,62.692,49.9776
03:17:50,BUS-05,100,0.0,1.2035,5.2935,62.711,49.9839
03:18:00,BUS-05,100,0.0,1.1944,5.2834,62.73,49.9786
03:18:10,BUS-05,100,0.0,1.2259,5.3136,62.749,49.9803
03:18:20,BUS-05,100,0.0,1.2127,5.2927,62.768,49.9809
03:18:30,BUS-05,100,0.0,1.2022,5.3059,62.787,49.9842
03:18:40,BUS-05,100,0.0,1.2089,5.2804,62.806,49.9848
03:18:50,BUS-05,100,0.0,1.1953,5.3169,62.826,49.9813
03:19:00,BUS-05,100,0.0,1.1622,5.3435,62.845,49.9813
03:19:10,BUS-05,100,0.0,1.1939,5.2951,62.864,49.9768
03:19:20,BUS-05,100,0.0,1.2232,5.3109,62.883,49.9767
03:19:30,BUS-05,100,0.0,1.2018,5.3629,62.902,49.9763
03:19:40,BUS-05,100,0.0,1.2013,5.2857,62.921,49.9751
03:19:50,BUS-05,100,0.0,1.2069,5.3129,62.94,49.9777
03:20:00,BUS-05,100,0.0,1.2026,5.3075,62.959,49.9728
03:20:10,BUS-05,100,0.0,1.1945,5.2642,62.979,49.9731
03:20:20,BUS-05,100,0.0,1.1897,5.2944,62.998,49.9715
03:20:30,BUS-05,100,0.0,1.1739,5.2966,63.017,49.9733
03:20:40,BUS-05,100,0.0,1.1799,5.2762,63.036,49.972
03:20:50,BUS-05,100,0.0,1.2164,5.29,63.055,49.9628
03:21:00,BUS-05,100,0.0,1.1701,5.3115,63.075,49.9639
03:21:10,BUS-05,100,0.0,1.1887,5.2772,63.094,49.9664
03:21:20,BUS-05,100,0.0,1.2349,5.3227,63.113,49.9715
03:21:30,BUS-05,100,0.0,1.1761,5.317,63.132,49.9691
03:21:40,BUS-05,100,0.0,1.1965,5.3028,63.151,49.9695
03:21:50,BUS-05,100,0.0,1.1774,5.2946,63.17,49.9745
03:22:00,BUS-05,100,0.0,1.2087,5.3076,63.189,49.9726
03:22:10,BUS-05,100,0.0,1.1873,5.3189,63.209,49.9779
03:22:20,BUS-05,100,0.0,1.2164,5.3108,63.228,49.9804
03:22:30,BUS-05,100,0.0,1.1513,5.2863,63.247,49.985
03:22:40,BUS-05,100,0.0,1.2017,5.2667,63.266,49.9834
03:22:50,BUS-05,100,0.0,1.1903,5.3253,63.285,49.9864
03:23:00,BUS-05,100,0.0,1.1888,5.3259,63.305,49.9827
03:23:10,BUS-05,100,0.0,1.1841,5.2958,63.324,49.9914
03:23:20,BUS-05,100,0.0,1.1841,5.3306,63.343,49.9948
03:23:30,BUS-05,100,0.0,1.1742,5.288,63.362,50.0002
03:23:40,BUS-05,100,0.0,1.2268,5.2647,63.381,49.9966
03:23:50,BUS-05,100,0.0,1.2091,5.3411,63.4,49.9994
03:24:00,BUS-05,100,0.0,1.2311,5.2935,63.419,50.0005
03:24:10,BUS-05,100,0.0,1.1907,5.2777,63.438,49.9983
03:24:20,BUS-05,100,0.0,1.1951,5.2994,63.457,49.9868
03:24:30,BUS-05,100,0.0,1.1995,5.312,63.477,49.9969
03:24:40,BUS-05,100,0.0,1.1914,5.2694,63.496,49.9981
03:24:50,BUS-05,100,0.0,1.1892,5.3256,63.515,49.9895
03:25:00,BUS-05,100,0.0,1.2107,5.2956,63.534,49.9841
03:25:10,BUS-05,100,0.0,1.2171,5.3055,63.553,49.9862
03:25:20,BUS-05,100,0.0,1.1846,5.2968,63.572,49.9839
03:25:30,BUS-05,100,0.0,1.2166,5.2736,63.591,49.9804
03:25:40,BUS-05,100,0.0,1.2206,5.3205,63.61,49.9771
03:25:50,BUS-05,100,0.0,1.2044,5.3333,63.629,49.9817
03:26:00,BUS-05,100,0.0,1.2124,5.2776,63.648,49.9851
03:26:10,BUS-05,100,0.0,1.1875,5.3275,63.667,49.988
03:26:20,BUS-05,100,0.0,1.2251,5.3046,63.686,49.9966
03:26:30,BUS-05,100,0.0,1.2037,5.2967,63.705,49.9997
03:26:40,BUS-05,100,0.0,1.1989,5.3169,63.725,49.9942
03:26:50,BUS-05,100,0.0,1.1807,5.2644,63.744,49.9956
03:27:00,BUS-05,100,0.0,1.2198,5.3155,63.763,49.99
03:27:10,BUS-05,100,0.0,1.1714,5.3187,63.782,49.9884
03:27:20,BUS-05,100,0.0,1.1855,5.2847,63.801,49.9882
03:27:30,BUS-05,100,0.0,1.1585,5.3018,63.821,49.9896
03:27:40,BUS-05,100,0.0,1.1801,5.2776,63.84,49.9912
03:27:50,BUS-05,100,0.0,1.182,5.2801,63.859,49.9907
03:28:00,BUS-05,100,0.0,1.2413,5.315,63.878,49.9833
03:28:10,BUS-05,100,0.0,1.2178,5.2607,63.897,49.9758
03:28:20,BUS-05,100,0.0,1.2102,5.305,63.916,49.975
03:28:30,BUS-05,100,0.0,1.2205,5.2751,63.935,49.9744
03:28:40,BUS-05,100,0.0,1.1509,5.2724,63.955,49.9771
03:28:50,BUS-05,100,0.0,1.2057,5.2671,63.974,49.9783
03:29:00,BUS-05,100,0.0,1.2311,5.3165,63.992,49.9831
03:29:10,BUS-05,100,0.0,1.1787,5.2827,64.012,49.9823
03:29:20,BUS-05,100,0.0,1.1926,5.3046,64.031,49.978
03:29:30,BUS-05,100,0.0,1.2042,5.2856,64.05,49.9801
03:29:40,BUS-05,100,0.0,1.2233,5.2399,64.069,49.9811
03:29:50,BUS-05,100,0.0,1.1885,5.3156,64.088,49.9817
03:30:00,BUS-05,100,0.0,1.1946,5.2816,64.107,49.9811
03:30:10,BUS-05,100,0.0,1.212,5.2842,64.126,49.9795
03:30:20,BUS-05,100,0.0,1.1867,5.2837,64.146,49.9827
03:30:30,BUS-05,100,0.0,1.1699,5.2788,64.165,49.9857
03:30:40,BUS-05,100,0.0,1.2065,5.322,64.184,49.9867
03:30:50,BUS-05,100,0.0,1.2188,5.294,64.203,49.9842
03:31:00,BUS-05,100,0.0,1.1768,5.3035,64.222,49.9915
03:31:10,BUS-05,100,0.0,1.2251,5.2546,64.241,49.9891
03:31:20,BUS-05,100,0.0,1.2276,5.3011,64.26,49.9891
03:31:30,BUS-05,100,0.0,1.201,5.3074,64.279,49.9916
03:31:40,BUS-05,100,0.0,1.1714,5.2825,64.298,49.9957
03:31:50,BUS-05,100,0.0,1.1916,5.3149,64.318,50.0014
03:32:00,BUS-05,100,0.0,1.194,5.299,64.337,49.9923
03:32:10,BUS-05,100,0.0,1.2097,5.2704,64.356,49.9912
03:32:20,BUS-05,100,0.0,1.1858,5.2995,64.375,49.9859
03:32:30,BUS-05,100,0.0,1.2148,5.2817,64.394,49.9896
03:32:40,BUS-05,100,0.0,1.2043,5.2855,64.413,49.9915
03:32:50,BUS-05,100,0.0,1.1974,5.3002,64.432,49.9995
03:33:00,BUS-05,100,0.0,1.2159,5.2982,64.451,49.9962
03:33:10,BUS-05,100,0.0,1.1692,5.3188,64.471,49.9955
03:33:20,BUS-05,100,0.0,1.2378,5.3136,64.489,49.9986
03:33:30,BUS-05,100,0.0,1.201,5.2927,64.508,49.9953
03:33:40,BUS-05,100,0.0,1.2111,5.3167,64.528,49.991
03:33:50,BUS-05,100,0.0,1.1823,5.2732,64.547,49.9837
03:34:00,BUS-05,100,0.0,1.1701,5.3176,64.566,49.9786
03:34:10,BUS-05,100,0.0,1.1965,5.3203,64.585,49.9799
03:34:20,BUS-05,100,0.0,1.2227,5.326,64.604,49.9781
03:34:30,BUS-05,100,0.0,1.207,5.306,64.623,49.979
03:34:40,BUS-05,100,0.0,1.1744,5.2917,64.643,49.9769
03:34:50,BUS-05,100,0.0,1.211,5.2942,64.662,49.9759
03:35:00,BUS-05,100,0.0,1.2175,5.3137,64.681,49.9824
03:35:10,BUS-05,100,0.0,1.2229,5.2914,64.699,49.981
03:35:20,BUS-05,100,0.0,1.2058,5.2858,64.719,49.9805
03:35:30,BUS-05,100,0.0,1.2298,5.278,64.737,49.9799
03:35:40,BUS-05,100,0.0,1.2088,5.2985,64.756,49.988
03:35:50,BUS-05,100,0.0,1.2222,5.2874,64.775,49.9858
03:36:00,BUS-05,100,0.0,1.1876,5.334,64.795,49.9856
03:36:10,BUS-05,100,0.0,1.1793,5.273,64.814,49.9923
03:36:20,BUS-05,100,0.0,1.1959,5.3091,64.833,49.9948
03:36:30,BUS-05,100,0.0,1.2051,5.3041,64.852,49.9872
03:36:40,BUS-05,100,0.0,1.1817,5.2901,64.871,49.9976
03:36:50,BUS-05,100,0.0,1.2035,5.2862,64.89,49.9915
03:37:00,BUS-05,100,0.0,1.1768,5.2886,64.91,49.9952
03:37:10,BUS-05,100,0.0,1.2102,5.2862,64.929,49.9911
03:37:20,BUS-05,100,0.0,1.2233,5.2597,64.948,49.9865
03:37:30,BUS-05,100,0.0,1.2074,5.2873,64.967,49.982
03:37:40,BUS-05,100,0.0,1.2165,5.316,64.986,49.979
03:37:50,BUS-05,100,0.0,1.1878,5.3231,65.005,49.9859
03:38:00,BUS-05,100,0.0,1.1916,5.2778,65.024,49.985
03:38:10,BUS-05,100,0.0,1.2037,5.2657,65.043,49.9895
03:38:20,BUS-05,100,0.0,1.2166,5.2792,65.062,49.9837
03:38:30,BUS-05,100,0.0,1.1679,5.2947,65.082,49.9929
03:38:40,BUS-05,100,0.0,1.2045,5.319,65.101,49.989
03:38:50,BUS-05,100,0.0,1.1622,5.3398,65.12,49.9893
03:39:00,BUS-05,100,0.0,1.1932,5.3098,65.139,49.9887
03:39:10,BUS-05,100,0.0,1.1855,5.3153,65.158,49.9886
03:39:20,BUS-05,100,0.0,1.2036,5.2889,65.177,49.9895
03:39:30,BUS-05,100,0.0,1.2058,5.3274,65.197,49.9893
03:39:40,BUS-05,100,0.0,1.2131,5.2453,65.216,49.9879
03:39:50,BUS-05,100,0.0,1.213,5.2777,65.235,49.9907
03:40:00,BUS-05,100,0.0,1.1641,5.3128,65.254,49.9862
03:40:10,BUS-05,100,0.0,1.1809,5.2992,65.273,49.9841
03:40:20,BUS-05,100,0.0,1.2221,5.2957,65.292,49.9837
03:40:30,BUS-05,100,0.0,1.1902,5.3179,65.311,49.9908
03:40:40,BUS-05,100,0.0,1.1984,5.2792,65.33,49.9846
03:40:50,BUS-05,100,0.0,1.2105,5.3158,65.349,49.9817
03:41:00,BUS-05,100,0.0,1.2066,5.3104,65.369,49.9833
03:41:10,BUS-05,100,0.0,1.2091,5.2899,65.388,49.98
03:41:20,BUS-05,100,0.0,1.2422,5.2894,65.406,49.9754
03:41:30,BUS-05,100,0.0,1.2193,5.2804,65.425,49.976
03:41:40,BUS-05,100,0.0,1.1763,5.3158,65.445,49.9796
03:41:50,BUS-05,100,0.0,1.2253,5.3202,65.464,49.9798
03:42:00,BUS-05,100,0.0,1.1815,5.2803,65.483,49.9816
03:42:10,BUS-05,100,0.0,1.2032,5.319,65.502,49.9847
03:42:20,BUS-05,100,0.0,1.1823,5.2846,65.521,49.9901
03:42:30,BUS-05,100,0.0,1.1816,5.2636,65.54,49.989
03:42:40,BUS-05,100,0.0,1.2002,5.2919,65.56,49.9896
03:42:50,BUS-05,100,0.0,1.2098,5.2969,65.579,49.9879
03:43:00,BUS-05,100,0.0,1.1742,5.276,65.598,49.9882
03:43:10,BUS-05,100,0.0,1.192,5.2995,65.617,49.9874
03:43:20,BUS-05,100,0.0,1.1705,5.2873,65.636,49.9812
03:43:30,BUS-05,100,0.0,1.2086,5.3157,65.655,49.9827
03:43:40,BUS-05,100,0.0,1.2235,5.2976,65.674,49.9848
03:43:50,BUS-05,100,0.0,1.1815,5.2847,65.694,49.9816
03:44:00,BUS-05,100,0.0,1.2049,5.2966,65.713,49.9826
03:44:10,BUS-05,100,0.0,1.1974,5.3003,65.732,49.9855
03:44:20,BUS-05,100,0.0,1.2055,5.285,65.751,49.9866
03:44:30,BUS-05,100,0.0,1.1816,5.3034,65.77,49.9888
03:44:40,BUS-05,100,0.0,1.1962,5.3441,65.789,49.9867
03:44:50,BUS-05,100,0.0,1.1865,5.3006,65.808,49.9858
03:45:00,BUS-05,100,0.0,1.1793,5.3325,65.828,49.9863
03:45:10,BUS-05,100,0.0,1.2169,5.31,65.847,49.9884
03:45:20,BUS-05,100,0.0,1.2021,5.293,65.866,49.9921
03:45:30,BUS-05,100,0.0,1.1925,5.3147,65.885,49.992
03:45:40,BUS-05,100,0.0,1.2061,5.2537,65.904,49.9939
03:45:50,BUS-05,100,0.0,1.2216,5.3261,65.923,50.0022
03:46:00,BUS-05,100,0.0,1.1944,5.3015,65.942,49.9975
03:46:10,BUS-05,100,0.0,1.1824,5.2836,65.961,49.9993
03:46:20,BUS-05,100,0.0,1.2174,5.2544,65.98,50.003
03:46:30,BUS-05,100,0.0,1.2054,5.2667,65.999,49.9986
03:46:40,BUS-05,100,0.0,1.189,5.3171,66.019,49.9966
03:46:50,BUS-05,100,0.0,1.1727,5.3367,66.038,49.9999
03:47:00,BUS-05,100,0.0,1.2109,5.2967,66.057,50.0002
03:47:10,BUS-05,100,0.0,1.179,5.3026,66.076,50.0013
03:47:20,BUS-05,100,0.0,1.2133,5.3126,66.095,50.0096
03:47:30,BUS-05,100,0.0,1.2078,5.2682,66.114,50.0135
03:47:40,BUS-05,100,0.0,1.1796,5.2806,66.134,50.0095
03:47:50,BUS-05,100,0.0,1.2126,5.334,66.153,50.0055
03:48:00,BUS-05,100,0.0,1.2275,5.2901,66.171,50.0064
03:48:10,BUS-05,100,0.0,1.2113,5.2744,66.191,50.0077
03:48:20,BUS-05,100,0.0,1.2064,5.3012,66.21,50.0084
03:48:30,BUS-05,100,0.0,1.2284,5.2809,66.228,50.0107
03:48:40,BUS-05,100,0.0,1.2024,5.3086,66.248,50.0051
03:48:50,BUS-05,100,0.0,1.1845,5.3031,66.267,50.0071
03:49:00,BUS-05,100,0.0,1.2176,5.2667,66.286,50.004
03:49:10,BUS-05,100,0.0,1.2319,5.3279,66.305,50.0012
03:49:20,BUS-05,100,0.0,1.2079,5.3355,66.324,50.0026
03:49:30,BUS-05,100,0.0,1.2063,5.2652,66.343,50.0065
03:49:40,BUS-05,100,0.0,1.2158,5.2946,66.362,50.0034
03:49:50,BUS-05,100,0.0,1.2003,5.3313,66.381,50.0031
03:50:00,BUS-05,100,0.0,1.1668,5.2783,66.4,50.002
03:50:10,BUS-05,100,0.0,1.2212,5.3075,66.419,49.998
03:50:20,BUS-05,100,0.0,1.193,5.3171,66.438,49.9998
03:50:30,BUS-05,100,0.0,1.193,5.2655,66.458,49.9985
03:50:40,BUS-05,100,0.0,1.2057,5.2848,66.477,50.0005
03:50:50,BUS-05,100,0.0,1.2203,5.2586,66.496,49.9906
03:51:00,BUS-05,100,0.0,1.1752,5.2946,66.515,49.9886
03:51:10,BUS-05,100,0.0,1.1988,5.3114,66.534,49.9878
03:51:20,BUS-05,100,0.0,1.1917,5.2691,66.553,49.9826
03:51:30,BUS-05,100,0.0,1.2382,5.2955,66.572,49.973
03:51:40,BUS-05,100,0.0,1.2264,5.2807,66.591,49.9763
03:51:50,BUS-05,100,0.0,1.2002,5.3218,66.61,49.9809
03:52:00,BUS-05,100,0.0,1.184,5.3002,66.629,49.9846
03:52:10,BUS-05,100,0.0,1.2201,5.2905,66.648,49.9899
03:52:20,BUS-05,100,0.0,1.1741,5.3317,66.667,49.9916
03:52:30,BUS-05,100,0.0,1.2125,5.3481,66.687,49.9915
03:52:40,BUS-05,100,0.0,1.1815,5.2826,66.706,49.9948
03:52:50,BUS-05,100,0.0,1.2011,5.3284,66.725,49.9941
03:53:00,BUS-05,100,0.0,1.1834,5.2611,66.744,49.9913
03:53:10,BUS-05,100,0.0,1.209,5.3058,66.763,49.9886
03:53:20,BUS-05,100,0.0,1.1809,5.3167,66.782,49.9872
03:53:30,BUS-05,100,0.0,1.1971,5.3071,66.802,49.9894
03:53:40,BUS-05,100,0.0,1.1939,5.3166,66.821,49.9828
03:53:50,BUS-05,100,0.0,1.2033,5.2538,66.84,49.9869
03:54:00,BUS-05,100,0.0,1.1704,5.2753,66.859,49.9786
03:54:10,BUS-05,100,0.0,1.219,5.297,66.878,49.981
03:54:20,BUS-05,100,0.0,1.2026,5.29,66.897,49.9847
03:54:30,BUS-05,100,0.0,1.2074,5.2505,66.916,49.9853
03:54:40,BUS-05,100,0.0,1.1933,5.2873,66.935,49.9909
03:54:50,BUS-05,100,0.0,1.1977,5.2858,66.954,49.9879
03:55:00,BUS-05,100,0.0,1.2205,5.2762,66.973,49.9863
03:55:10,BUS-05,100,0.0,1.1442,5.2501,66.993,49.9849
03:55:20,BUS-05,100,0.0,1.1674,5.3086,67.012,49.9879
03:55:30,BUS-05,100,0.0,1.1657,5.3032,67.032,49.9911
03:55:40,BUS-05,100,0.0,1.1861,5.2607,67.051,49.9933
03:55:50,BUS-05,100,0.0,1.1786,5.271,67.07,49.9869
03:56:00,BUS-05,100,0.0,1.2161,5.2731,67.089,49.981
03:56:10,BUS-05,100,0.0,1.1831,5.2877,67.108,49.9826
03:56:20,BUS-05,100,0.0,1.2158,5.2702,67.127,49.9797
03:56:30,BUS-05,100,0.0,1.1912,5.2757,67.147,49.9807
03:56:40,BUS-05,100,0.0,1.2052,5.2842,67.166,49.9883
03:56:50,BUS-05,100,0.0,1.2009,5.2824,67.185,49.9934
03:57:00,BUS-05,100,0.0,1.1848,5.3032,67.204,49.9884
03:57:10,BUS-05,100,0.0,1.2093,5.2976,67.223,49.9872
03:57:20,BUS-05,100,0.0,1.2229,5.268,67.242,49.9903
03:57:30,BUS-05,100,0.0,1.1998,5.311,67.261,49.9904
03:57:40,BUS-05,100,0.0,1.1959,5.2857,67.28,49.9873
03:57:50,BUS-05,100,0.0,1.1678,5.2805,67.3,49.9872
03:58:00,BUS-05,100,0.0,1.2082,5.287,67.319,49.9824
03:58:10,BUS-05,100,0.0,1.1821,5.309,67.338,49.9786
03:58:20,BUS-05,100,0.0,1.1913,5.2711,67.357,49.9809
03:58:30,BUS-05,100,0.0,1.2014,5.2855,67.376,49.9744
03:58:40,BUS-05,100,0.0,1.1906,5.2985,67.395,49.9778
03:58:50,BUS-05,100,0.0,1.1964,5.2992,67.414,49.9817
03:59:00,BUS-05,100,0.0,1.2092,5.2947,67.433,49.9848
03:59:10,BUS-05,100,0.0,1.1943,5.2861,67.453,49.9862
03:59:20,BUS-05,100,0.0,1.2065,5.3139,67.472,49.9903
03:59:30,BUS-05,100,0.0,1.1927,5.2936,67.491,49.9846
03:59:40,BUS-05,100,0.0,1.1973,5.287,67.51,49.9889
03:59:50,BUS-05,100,0.0,1.1957,5.2849,67.529,49.9914
04:00:00,BUS-05,100,0.0,1.1966,5.3265,67.548,49.9974
04:00:10,BUS-05,100,0.0,1.2108,5.2757,67.567,49.997
04:00:20,BUS-05,100,0.0,1.2095,5.3007,67.586,49.9959
04:00:30,BUS-05,100,0.0,1.1902,5.2906,67.606,49.9948
04:00:40,BUS-05,100,0.0,1.2052,5.3034,67.625,49.9993
04:00:50,BUS-05,100,0.0,1.1697,5.2594,67.644,49.9942
04:01:00,BUS-05,100,0.0,1.1853,5.3026,67.663,49.9953
04:01:10,BUS-05,100,0.0,1.1887,5.2784,67.682,49.9952
04:01:20,BUS-05,100,0.0,1.174,5.2751,67.702,49.9886
04:01:30,BUS-05,100,0.0,1.225,5.3236,67.721,49.9822
04:01:40,BUS-05,100,0.0,1.2234,5.2961,67.739,49.9816
04:01:50,BUS-05,100,0.0,1.1885,5.3083,67.759,49.9821
04:02:00,BUS-05,100,0.0,1.1997,5.3203,67.778,49.9861
04:02:10,BUS-05,100,0.0,1.2057,5.2944,67.797,49.9871
04:02:20,BUS-05,100,0.0,1.2057,5.3043,67.816,49.9823
04:02:30,BUS-05,100,0.0,1.2032,5.341,67.835,49.979
04:02:40,BUS-05,100,0.0,1.182,5.2997,67.854,49.9762
04:02:50,BUS-05,100,0.0,1.1647,5.2602,67.874,49.974
04:03:00,BUS-05,100,0.0,1.1821,5.3006,67.893,49.9743
04:03:10,BUS-05,100,0.0,1.2193,5.3218,67.912,49.978
04:03:20,BUS-05,100,0.0,1.21,5.3196,67.931,49.9767
04:03:30,BUS-05,100,0.0,1.1907,5.3268,67.95,49.9752
04:03:40,BUS-05,100,0.0,1.2136,5.3122,67.969,49.9766
04:03:50,BUS-05,100,0.0,1.2153,5.2945,67.988,49.9718
04:04:00,BUS-05,100,0.0,1.1783,5.2793,68.007,49.9739
04:04:10,BUS-05,100,0.0,1.2239,5.28,68.026,49.9764
04:04:20,BUS-05,100,0.0,1.1991,5.296,68.045,49.9725
04:04:30,BUS-05,100,0.0,1.2093,5.2551,68.064,49.9745
04:04:40,BUS-05,100,0.0,1.1934,5.3012,68.084,49.9776
04:04:50,BUS-05,100,0.0,1.2203,5.3079,68.103,49.9728
04:05:00,BUS-05,100,0.0,1.1877,5.3028,68.122,49.975
04:05:10,BUS-05,100,0.0,1.2118,5.3001,68.141,49.9732
04:05:20,BUS-05,100,0.0,1.1784,5.3052,68.16,49.969
04:05:30,BUS-05,100,0.0,1.1985,5.2771,68.179,49.9637
04:05:40,BUS-05,100,0.0,1.1998,5.3173,68.198,49.9719
04:05:50,BUS-05,100,0.0,1.2138,5.2943,68.217,49.9657
04:06:00,BUS-05,100,0.0,1.2081,5.3047,68.236,49.9691
04:06:10,BUS-05,100,0.0,1.1953,5.3261,68.256,49.9777
04:06:20,BUS-05,100,0.0,1.1978,5.3385,68.275,49.9743
04:06:30,BUS-05,100,0.0,1.1895,5.3348,68.294,49.9801
04:06:40,BUS-05,100,0.0,1.1825,5.2865,68.313,49.9817
04:06:50,BUS-05,100,0.0,1.2088,5.3371,68.332,49.9828
04:07:00,BUS-05,100,0.0,1.2101,5.3199,68.351,49.9828
04:07:10,BUS-05,100,0.0,1.1946,5.3422,68.37,49.9816
04:07:20,BUS-05,100,0.0,1.1847,5.295,68.39,49.9799
04:07:30,BUS-05,100,0.0,1.1805,5.316,68.409,49.9719
04:07:40,BUS-05,100,0.0,1.1854,5.2862,68.428,49.9708
04:07:50,BUS-05,100,0.0,1.1818,5.2972,68.447,49.9678
04:08:00,BUS-05,100,0.0,1.2427,5.3145,68.466,49.9716
04:08:10,BUS-05,100,0.0,1.1724,5.268,68.485,49.9735
04:08:20,BUS-05,100,0.0,1.2134,5.2972,68.504,49.9731
04:08:30,BUS-05,100,0.0,1.1979,5.2629,68.523,49.9719
04:08:40,BUS-05,100,0.0,1.21,5.2711,68.543,49.9674
04:08:50,BUS-05,100,0.0,1.1942,5.3004,68.562,49.9663
04:09:00,BUS-05,100,0.0,1.2178,5.3009,68.581,49.9687
04:09:10,BUS-05,100,0.0,1.2,5.2562,68.6,49.9738
04:09:20,BUS-05,100,0.0,1.2062,5.2697,68.619,49.9709
04:09:30,BUS-05,100,0.0,1.1997,5.3076,68.638,49.9707
04:09:40,BUS-05,100,0.0,1.2194,5.2953,68.657,49.9624
04:09:50,BUS-05,100,0.0,1.2349,5.3288,68.676,49.9678
04:10:00,BUS-05,100,0.0,1.2014,5.2716,68.695,49.9639
04:10:10,BUS-05,100,0.0,1.2124,5.2808,68.714,49.9696
04:10:20,BUS-05,100,0.0,1.1948,5.2578,68.733,49.9722
04:10:30,BUS-05,100,0.0,1.1933,5.3411,68.752,49.9798
04:10:40,BUS-05,100,0.0,1.1977,5.284,68.771,49.9874
04:10:50,BUS-05,100,0.0,1.185,5.3144,68.791,49.9782
04:11:00,BUS-05,100,0.0,1.1929,5.3018,68.81,49.988
04:11:10,BUS-05,100,0.0,1.2031,5.3274,68.829,49.9802
04:11:20,BUS-05,100,0.0,1.1931,5.2481,68.848,49.9799
04:11:30,BUS-05,100,0.0,1.2164,5.2839,68.867,49.984
04:11:40,BUS-05,100,0.0,1.2014,5.3159,68.886,49.9856
04:11:50,BUS-05,100,0.0,1.2016,5.2904,68.905,49.9923
04:12:00,BUS-05,100,0.0,1.1888,5.2408,68.924,49.9897
04:12:10,BUS-05,100,0.0,1.1852,5.2999,68.944,49.9931
04:12:20,BUS-05,100,0.0,1.185,5.2515,68.963,49.9936
04:12:30,BUS-05,100,0.0,1.1947,5.3099,68.982,49.9946
04:12:40,BUS-05,100,0.0,1.1859,5.334,69.001,49.9972
04:12:50,BUS-05,100,0.0,1.1921,5.2619,69.02,49.9987
04:13:00,BUS-05,100,0.0,1.1645,5.2936,69.04,50.0
04:13:10,BUS-05,100,0.0,1.2035,5.2896,69.059,49.9956
04:13:20,BUS-05,100,0.0,1.2145,5.2922,69.078,50.0011
04:13:30,BUS-05,100,0.0,1.1702,5.306,69.097,50.005
04:13:40,BUS-05,100,0.0,1.2122,5.3459,69.116,50.0031
04:13:50,BUS-05,100,0.0,1.2013,5.2565,69.135,50.0033
04:14:00,BUS-05,100,0.0,1.1895,5.2942,69.154,49.9987
04:14:10,BUS-05,100,0.0,1.2062,5.3329,69.173,49.994
04:14:20,BUS-05,100,0.0,1.1808,5.2992,69.193,49.9915
04:14:30,BUS-05,100,0.0,1.1774,5.3073,69.212,49.993
04:14:40,BUS-05,100,0.0,1.1947,5.297,69.231,49.9995
04:14:50,BUS-05,100,0.0,1.2051,5.2606,69.25,49.994
04:15:00,BUS-05,100,0.0,1.1886,5.2851,69.269,49.9918
04:15:10,BUS-05,100,0.0,1.2139,5.2728,69.288,49.9812
04:15:20,BUS-05,100,0.0,1.1671,5.2811,69.308,49.9873
04:15:30,BUS-05,100,0.0,1.1908,5.3141,69.327,49.9823
04:15:40,BUS-05,100,0.0,1.1926,5.252,69.346,49.9833
04:15:50,BUS-05,100,0.0,1.2212,5.3092,69.365,49.9846
04:16:00,BUS-05,100,0.0,1.2224,5.294,69.384,49.9837
04:16:10,BUS-05,100,0.0,1.213,5.2916,69.403,49.9854
04:16:20,BUS-05,100,0.0,1.2009,5.3111,69.422,49.9834
04:16:30,BUS-05,100,0.0,1.217,5.3371,69.441,49.9832
04:16:40,BUS-05,100,0.0,1.1724,5.3299,69.46,49.9828
04:16:50,BUS-05,100,0.0,1.1926,5.3249,69.48,49.9763
04:17:00,BUS-05,100,0.0,1.21,5.3131,69.499,49.9721
04:17:10,BUS-05,100,0.0,1.1817,5.2912,69.518,49.9682
04:17:20,BUS-05,100,0.0,1.1915,5.2875,69.537,49.9652
04:17:30,BUS-05,100,0.0,1.1821,5.294,69.556,49.9674
04:17:40,BUS-05,100,0.0,1.2137,5.2687,69.575,49.9669
04:17:50,BUS-05,100,0.0,1.1764,5.3267,69.595,49.968
04:18:00,BUS-05,100,0.0,1.2156,5.3172,69.614,49.9666
04:18:10,BUS-05,100,0.0,1.1793,5.2862,69.633,49.9728
04:18:20,BUS-05,100,0.0,1.2142,5.2912,69.652,49.976
04:18:30,BUS-05,100,0.0,1.2062,5.2949,69.671,49.9725
04:18:40,BUS-05,100,0.0,1.2199,5.3125,69.69,49.9899
04:18:50,BUS-05,100,0.0,1.2019,5.3187,69.709,49.9854
04:19:00,BUS-05,100,0.0,1.1704,5.3013,69.728,49.9824
04:19:10,BUS-05,100,0.0,1.1786,5.3175,69.748,49.9887
04:19:20,BUS-05,100,0.0,1.1901,5.2672,69.767,49.9858
04:19:30,BUS-05,100,0.0,1.1751,5.3073,69.786,49.9876
04:19:40,BUS-05,100,0.0,1.2068,5.2847,69.805,49.9879
04:19:50,BUS-05,100,0.0,1.2069,5.2968,69.824,49.9816
04:20:00,BUS-05,100,0.0,1.2271,5.2884,69.843,49.9869
04:20:10,BUS-05,100,0.0,1.1944,5.3337,69.862,49.9924
04:20:20,BUS-05,100,0.0,1.1734,5.299,69.882,49.9901
04:20:30,BUS-05,100,0.0,1.2225,5.3116,69.901,49.9856
04:20:40,BUS-05,100,0.0,1.1951,5.3049,69.92,49.9952
04:20:50,BUS-05,100,0.0,1.1981,5.3185,69.939,49.9927
04:21:00,BUS-05,100,0.0,1.2128,5.3018,69.958,49.9873
04:21:10,BUS-05,100,0.0,1.1763,5.2668,69.977,49.9843
04:21:20,BUS-05,100,0.0,1.1766,5.2735,69.996,49.9815
04:21:30,BUS-05,100,0.0,1.2101,5.292,70.015,49.9846
04:21:40,BUS-05,100,0.0,1.1804,5.2516,70.035,49.9881
04:21:50,BUS-05,100,0.0,1.1657,5.3075,70.054,49.9908
04:22:00,BUS-05,100,0.0,1.2183,5.2709,70.073,49.9886
04:22:10,BUS-05,100,0.0,1.1914,5.2793,70.092,49.9907
04:22:20,BUS-05,100,0.0,1.188,5.2706,70.111,49.9845
04:22:30,BUS-05,100,0.0,1.2159,5.2729,70.13,49.9859
04:22:40,BUS-05,100,0.0,1.1811,5.3065,70.15,49.9838
04:22:50,BUS-05,100,0.0,1.1796,5.2491,70.169,49.9832
04:23:00,BUS-05,100,0.0,1.178,5.3137,70.188,49.985
04:23:10,BUS-05,100,0.0,1.1798,5.3117,70.207,49.9818
04:23:20,BUS-05,100,0.0,1.1937,5.3069,70.227,49.9797
04:23:30,BUS-05,100,0.0,1.2043,5.3136,70.246,49.9844
04:23:40,BUS-05,100,0.0,1.1904,5.2944,70.265,49.9841
04:23:50,BUS-05,100,0.0,1.1763,5.3152,70.284,49.9803
04:24:00,BUS-05,100,0.0,1.1721,5.3003,70.303,49.9847
04:24:10,BUS-05,100,0.0,1.1984,5.3065,70.323,49.9865
04:24:20,BUS-05,100,0.0,1.2228,5.2935,70.341,49.9844
04:24:30,BUS-05,100,0.0,1.1965,5.3163,70.361,49.9922
04:24:40,BUS-05,100,0.0,1.1842,5.2803,70.38,49.9902
04:24:50,BUS-05,100,0.0,1.2012,5.3454,70.399,49.9902
04:25:00,BUS-05,100,0.0,1.168,5.3033,70.418,49.9941
04:25:10,BUS-05,100,0.0,1.1883,5.2852,70.437,49.9923
04:25:20,BUS-05,100,0.0,1.202,5.2645,70.457,49.9954
04:25:30,BUS-05,100,0.0,1.2248,5.3306,70.476,49.9924
04:25:40,BUS-05,100,0.0,1.2086,5.3094,70.495,49.9967
04:25:50,BUS-05,100,0.0,1.2208,5.2807,70.514,49.9955
04:26:00,BUS-05,100,0.0,1.2134,5.3425,70.533,49.9973
04:26:10,BUS-05,100,0.0,1.165,5.3166,70.552,49.9958
04:26:20,BUS-05,100,0.0,1.1786,5.3401,70.571,49.9936
04:26:30,BUS-05,100,0.0,1.2269,5.3293,70.59,49.9886
04:26:40,BUS-05,100,0.0,1.2227,5.3068,70.609,49.9913
04:26:50,BUS-05,100,0.0,1.2057,5.2864,70.628,49.9873
04:27:00,BUS-05,100,0.0,1.2147,5.3374,70.647,49.9874
04:27:10,BUS-05,100,0.0,1.1954,5.2896,70.666,49.9777
04:27:20,BUS-05,100,0.0,1.2065,5.299,70.685,49.9798
04:27:30,BUS-05,100,0.0,1.1867,5.2819,70.705,49.9865
04:27:40,BUS-05,100,0.0,1.2144,5.2728,70.724,49.9848
04:27:50,BUS-05,100,0.0,1.2271,5.2812,70.742,49.9746
04:28:00,BUS-05,100,0.0,1.2094,5.3139,70.761,49.9743
04:28:10,BUS-05,100,0.0,1.1999,5.3431,70.781,49.9736
04:28:20,BUS-05,100,0.0,1.1977,5.2741,70.8,49.9741
04:28:30,BUS-05,100,0.0,1.1883,5.3083,70.819,49.9779
04:28:40,BUS-05,100,0.0,1.2018,5.312,70.838,49.9756
04:28:50,BUS-05,100,0.0,1.1711,5.2897,70.857,49.9755
04:29:00,BUS-05,100,0.0,1.1866,5.2822,70.877,49.9769
04:29:10,BUS-05,100,0.0,1.1874,5.3122,70.896,49.9849
04:29:20,BUS-05,100,0.0,1.2236,5.3199,70.915,49.9847
04:29:30,BUS-05,100,0.0,1.2161,5.3491,70.934,49.9897
04:29:40,BUS-05,100,0.0,1.198,5.2964,70.953,49.9905
04:29:50,BUS-05,100,0.0,1.1388,5.2932,70.972,49.9851
04:30:00,BUS-05,100,0.0,1.2136,5.3229,70.991,49.982
04:30:10,BUS-05,100,0.0,1.2254,5.3301,71.01,49.9805
04:30:20,BUS-05,100,0.0,1.2339,5.2798,71.029,49.9827
04:30:30,BUS-05,100,0.0,1.2289,5.2922,71.048,49.9823
04:30:40,BUS-05,100,0.0,1.2045,5.3211,71.067,49.9808
04:30:50,BUS-05,100,0.0,1.2165,5.3117,71.086,49.986
04:31:00,BUS-05,100,0.0,1.1882,5.3157,71.105,49.9856
04:31:10,BUS-05,100,0.0,1.1952,5.2926,71.124,49.9972
04:31:20,BUS-05,100,0.0,1.192,5.3133,71.144,50.0007
04:31:30,BUS-05,100,0.0,1.2021,5.3073,71.163,49.9982
04:31:40,BUS-05,100,0.0,1.2177,5.2932,71.182,49.9998
04:31:50,BUS-05,100,0.0,1.2105,5.3152,71.201,50.0018
04:32:00,BUS-05,100,0.0,1.147,5.2775,71.22,49.9974
04:32:10,BUS-05,100,0.0,1.1986,5.3176,71.239,49.9963
04:32:20,BUS-05,100,0.0,1.2139,5.2998,71.258,49.9946
04:32:30,BUS-05,100,0.0,1.2345,5.3075,71.277,49.991
04:32:40,BUS-05,100,0.0,1.231,5.2574,71.296,49.9918
04:32:50,BUS-05,100,0.0,1.2096,5.2967,71.315,49.9899
04:33:00,BUS-05,100,0.0,1.2218,5.2945,71.334,49.9912
04:33:10,BUS-05,100,0.0,1.219,5.3021,71.353,49.9923
04:33:20,BUS-05,100,0.0,1.2084,5.2918,71.372,49.9928
04:33:30,BUS-05,100,0.0,1.1947,5.2777,71.391,49.9923
04:33:40,BUS-05,100,0.0,1.1803,5.2917,71.411,49.997
04:33:50,BUS-05,100,0.0,1.2026,5.2991,71.43,49.9951
04:34:00,BUS-05,100,0.0,1.2035,5.2817,71.449,49.9944
04:34:10,BUS-05,100,0.0,1.2199,5.322,71.468,49.9906
04:34:20,BUS-05,100,0.0,1.1685,5.317,71.487,49.9864
04:34:30,BUS-05,100,0.0,1.2005,5.3065,71.506,49.9833
04:34:40,BUS-05,100,0.0,1.1843,5.2503,71.525,49.984
04:34:50,BUS-05,100,0.0,1.195,5.3096,71.545,49.9815
04:35:00,BUS-05,100,0.0,1.219,5.3342,71.564,49.9782
04:35:10,BUS-05,100,0.0,1.1926,5.2476,71.583,49.971
04:35:20,BUS-05,100,0.0,1.2311,5.2874,71.602,49.9717
04:35:30,BUS-05,100,0.0,1.1898,5.3265,71.621,49.9691
04:35:40,BUS-05,100,0.0,1.2018,5.2946,71.64,49.9778
04:35:50,BUS-05,100,0.0,1.161,5.2878,71.659,49.9825
04:36:00,BUS-05,100,0.0,1.1992,5.2931,71.678,49.9886
04:36:10,BUS-05,100,0.0,1.2244,5.2848,71.697,49.988
04:36:20,BUS-05,100,0.0,1.2127,5.3258,71.716,49.9855
04:36:30,BUS-05,100,0.0,1.2209,5.3134,71.735,49.9856
04:36:40,BUS-05,100,0.0,1.2138,5.3189,71.754,49.9846
04:36:50,BUS-05,100,0.0,1.1995,5.2787,71.773,49.9873
04:37:00,BUS-05,100,0.0,1.2055,5.2826,71.792,49.9887
04:37:10,BUS-05,100,0.0,1.1962,5.3141,71.812,49.9864
04:37:20,BUS-05,100,0.0,1.1908,5.3306,71.831,49.9881
04:37:30,BUS-05,100,0.0,1.2103,5.3026,71.85,49.9812
04:37:40,BUS-05,100,0.0,1.2227,5.3245,71.869,49.9804
04:37:50,BUS-05,100,0.0,1.2151,5.2948,71.888,49.9827
04:38:00,BUS-05,100,0.0,1.1948,5.3001,71.907,49.9822
04:38:10,BUS-05,100,0.0,1.2135,5.294,71.926,49.9841
04:38:20,BUS-05,100,0.0,1.2053,5.2653,71.945,49.9859
04:38:30,BUS-05,100,0.0,1.1903,5.2943,71.964,49.9829
04:38:40,BUS-05,100,0.0,1.1993,5.2809,71.983,49.9821
04:38:50,BUS-05,100,0.0,1.2165,5.266,72.002,49.9834
04:39:00,BUS-05,100,0.0,1.2046,5.336,72.021,49.9793
04:39:10,BUS-05,100,0.0,1.1962,5.3011,72.041,49.9785
04:39:20,BUS-05,100,0.0,1.2009,5.3325,72.06,49.979
04:39:30,BUS-05,100,0.0,1.2086,5.3243,72.079,49.983
04:39:40,BUS-05,100,0.0,1.187,5.3132,72.098,49.9903
04:39:50,BUS-05,100,0.0,1.2219,5.3188,72.117,49.986
04:40:00,BUS-05,100,0.0,1.2121,5.3492,72.136,49.984
04:40:10,BUS-05,100,0.0,1.215,5.3051,72.155,49.9832
04:40:20,BUS-05,100,0.0,1.2212,5.3139,72.174,49.988
04:40:30,BUS-05,100,0.0,1.2268,5.2759,72.193,49.9936
04:40:40,BUS-05,100,0.0,1.1961,5.3017,72.212,49.9895
04:40:50,BUS-05,100,0.0,1.231,5.2803,72.231,49.9913
04:41:00,BUS-05,100,0.0,1.1997,5.2887,72.25,49.9953
04:41:10,BUS-05,100,0.0,1.2033,5.2617,72.269,49.9956
04:41:20,BUS-05,100,0.0,1.2192,5.3137,72.288,49.9958
04:41:30,BUS-05,100,0.0,1.1874,5.2865,72.307,49.9922
04:41:40,BUS-05,100,0.0,1.2097,5.3036,72.326,49.9916
04:41:50,BUS-05,100,0.0,1.2376,5.2879,72.345,49.996
04:42:00,BUS-05,100,0.0,1.1934,5.293,72.364,50.0024
04:42:10,BUS-05,100,0.0,1.2302,5.2912,72.383,50.0067
04:42:20,BUS-05,100,0.0,1.2005,5.282,72.402,50.0054
04:42:30,BUS-05,100,0.0,1.1877,5.3174,72.421,50.002
04:42:40,BUS-05,100,0.0,1.1974,5.2903,72.44,49.9995
04:42:50,BUS-05,100,0.0,1.1808,5.2492,72.46,50.0044
04:43:00,BUS-05,100,0.0,1.1937,5.2703,72.479,50.0047
04:43:10,BUS-05,100,0.0,1.2165,5.2836,72.498,50.0076
04:43:20,BUS-05,100,0.0,1.2094,5.312,72.517,50.0011
04:43:30,BUS-05,100,0.0,1.2073,5.3301,72.536,50.0005
04:43:40,BUS-05,100,0.0,1.2143,5.3152,72.555,50.0044
04:43:50,BUS-05,100,0.0,1.1841,5.3097,72.574,50.004
04:44:00,BUS-05,100,0.0,1.1797,5.3005,72.593,50.0076
04:44:10,BUS-05,100,0.0,1.2126,5.3032,72.612,50.0015
04:44:20,BUS-05,100,0.0,1.2114,5.3033,72.632,49.9987
04:44:30,BUS-05,100,0.0,1.1677,5.2745,72.651,50.0034
04:44:40,BUS-05,100,0.0,1.1666,5.2804,72.67,49.9979
04:44:50,BUS-05,100,0.0,1.2159,5.3081,72.689,49.9926
04:45:00,BUS-05,100,0.0,1.1888,5.3115,72.708,50.0011
04:45:10,BUS-05,100,0.0,1.2416,5.3183,72.727,49.9949
04:45:20,BUS-05,100,0.0,1.189,5.3144,72.746,49.997
04:45:30,BUS-05,100,0.0,1.1775,5.2744,72.766,49.9915
04:45:40,BUS-05,100,0.0,1.1792,5.2789,72.785,49.9881
04:45:50,BUS-05,100,0.0,1.1803,5.311,72.804,49.9883
04:46:00,BUS-05,100,0.0,1.1827,5.2998,72.823,49.9858
04:46:10,BUS-05,100,0.0,1.2023,5.3184,72.843,49.9828
04:46:20,BUS-05,100,0.0,1.2219,5.2984,72.861,49.9857
04:46:30,BUS-05,100,0.0,1.2425,5.296,72.88,49.9924
04:46:40,BUS-05,100,0.0,1.2045,5.2845,72.899,49.9969
04:46:50,BUS-05,100,0.0,1.2139,5.2873,72.918,49.9959
04:47:00,BUS-05,100,0.0,1.2025,5.2899,72.937,49.9887
04:47:10,BUS-05,100,0.0,1.1707,5.3308,72.957,49.998
04:47:20,BUS-05,100,0.0,1.2291,5.3247,72.976,49.9973
04:47:30,BUS-05,100,0.0,1.2299,5.3231,72.995,50.0002
04:47:40,BUS-05,100,0.0,1.1904,5.2892,73.014,50.0009
04:47:50,BUS-05,100,0.0,1.1856,5.3092,73.033,49.9949
04:48:00,BUS-05,100,0.0,1.2261,5.3404,73.052,49.9881
04:48:10,BUS-05,100,0.0,1.2337,5.2942,73.071,49.9862
04:48:20,BUS-05,100,0.0,1.2058,5.2937,73.09,49.9904
04:48:30,BUS-05,100,0.0,1.1871,5.2566,73.109,49.9915
04:48:40,BUS-05,100,0.0,1.2098,5.3087,73.128,49.9953
04:48:50,BUS-05,100,0.0,1.2214,5.3186,73.147,49.9961
04:49:00,BUS-05,100,0.0,1.21,5.2975,73.166,49.9919
04:49:10,BUS-05,100,0.0,1.2061,5.3365,73.185,49.9963
04:49:20,BUS-05,100,0.0,1.2151,5.2873,73.204,49.9921
04:49:30,BUS-05,100,0.0,1.2041,5.3091,73.223,49.9971
04:49:40,BUS-05,100,0.0,1.2066,5.3209,73.242,49.9929
04:49:50,BUS-05,100,0.0,1.2129,5.305,73.261,49.9919
04:50:00,BUS-05,100,0.0,1.2383,5.3407,73.28,49.9903
04:50:10,BUS-05,100,0.0,1.2303,5.323,73.299,49.9901
04:50:20,BUS-05,100,0.0,1.2057,5.2967,73.318,49.9866
04:50:30,BUS-05,100,0.0,1.1915,5.3016,73.337,49.9887
04:50:40,BUS-05,100,0.0,1.2183,5.2373,73.356,49.9914
04:50:50,BUS-05,100,0.0,1.2138,5.3067,73.375,49.9836
04:51:00,BUS-05,100,0.0,1.1923,5.3304,73.394,49.9845
04:51:10,BUS-05,100,0.0,1.1773,5.2987,73.414,49.9855
04:51:20,BUS-05,100,0.0,1.1741,5.3009,73.433,49.9882
04:51:30,BUS-05,100,0.0,1.1992,5.3703,73.452,49.9848
04:51:40,BUS-05,100,0.0,1.2014,5.2827,73.471,49.9776
04:51:50,BUS-05,100,0.0,1.202,5.3008,73.49,49.9769
04:52:00,BUS-05,100,0.0,1.1897,5.2913,73.51,49.9801
04:52:10,BUS-05,100,0.0,1.1841,5.293,73.529,49.9774
04:52:20,BUS-05,100,0.0,1.2242,5.2973,73.548,49.9797
04:52:30,BUS-05,100,0.0,1.2093,5.3466,73.567,49.9813
04:52:40,BUS-05,100,0.0,1.1978,5.3179,73.586,49.9838
04:52:50,BUS-05,100,0.0,1.1918,5.3055,73.605,49.9848
04:53:00,BUS-05,100,0.0,1.2007,5.3246,73.624,49.987
04:53:10,BUS-05,100,0.0,1.2298,5.3092,73.643,49.9858
04:53:20,BUS-05,100,0.0,1.252,5.3117,73.662,49.981
04:53:30,BUS-05,100,0.0,1.2256,5.3189,73.681,49.9823
04:53:40,BUS-05,100,0.0,1.2127,5.3312,73.7,49.9858
04:53:50,BUS-05,100,0.0,1.2056,5.3023,73.719,49.9866
04:54:00,BUS-05,100,0.0,1.2024,5.2793,73.738,49.9865
04:54:10,BUS-05,100,0.0,1.2233,5.3412,73.757,49.993
04:54:20,BUS-05,100,0.0,1.233,5.3381,73.776,49.9882
04:54:30,BUS-05,100,0.0,1.197,5.3422,73.795,49.9881
04:54:40,BUS-05,100,0.0,1.1906,5.3086,73.814,49.9913
04:54:50,BUS-05,100,0.0,1.2074,5.313,73.833,49.9871
04:55:00,BUS-05,100,0.0,1.2018,5.3296,73.852,49.9912
04:55:10,BUS-05,100,0.0,1.1853,5.2956,73.871,49.9888
04:55:20,BUS-05,100,0.0,1.189,5.3046,73.891,49.984
04:55:30,BUS-05,100,0.0,1.2068,5.2928,73.91,49.9773
04:55:40,BUS-05,100,0.0,1.2201,5.2857,73.929,49.9732
04:55:50,BUS-05,100,0.0,1.2396,5.2726,73.947,49.9794
04:56:00,BUS-05,100,0.0,1.1863,5.2775,73.967,49.9821
04:56:10,BUS-05,100,0.0,1.2063,5.3163,73.986,49.9804
04:56:20,BUS-05,100,0.0,1.1651,5.2752,74.005,49.9726
04:56:30,BUS-05,100,0.0,1.2295,5.2702,74.024,49.9726
04:56:40,BUS-05,100,0.0,1.2202,5.3005,74.043,49.9768
04:56:50,BUS-05,100,0.0,1.2053,5.3303,74.062,49.9796
04:57:00,BUS-05,100,0.0,1.2142,5.3044,74.081,49.9822
04:57:10,BUS-05,100,0.0,1.2046,5.3101,74.1,49.979
04:57:20,BUS-05,100,0.0,1.2062,5.3246,74.119,49.9786
04:57:30,BUS-05,100,0.0,1.2206,5.2727,74.138,49.9826
04:57:40,BUS-05,100,0.0,1.222,5.2892,74.157,49.9805
04:57:50,BUS-05,100,0.0,1.1965,5.3219,74.176,49.9862
04:58:00,BUS-05,100,0.0,1.199,5.3049,74.195,49.9815
04:58:10,BUS-05,100,0.0,1.2038,5.2741,74.214,49.9885
04:58:20,BUS-05,100,0.0,1.179,5.3034,74.234,49.9875
04:58:30,BUS-05,100,0.0,1.2148,5.3501,74.253,49.9899
04:58:40,BUS-05,100,0.0,1.2063,5.2682,74.272,49.9874
04:58:50,BUS-05,100,0.0,1.2171,5.3009,74.291,49.9905
04:59:00,BUS-05,100,0.0,1.2342,5.34,74.31,49.9899
04:59:10,BUS-05,100,0.0,1.2189,5.2932,74.329,49.9854
04:59:20,BUS-05,100,0.0,1.1851,5.3098,74.348,49.9788
04:59:30,BUS-05,100,0.0,1.2289,5.3065,74.367,49.9868
04:59:40,BUS-05,100,0.0,1.2089,5.3271,74.386,49.9825
04:59:50,BUS-05,100,0.0,1.2204,5.3218,74.405,49.9803
05:00:00,BUS-05,100,0.0,1.2237,5.3233,74.424,49.9732
05:00:10,BUS-05,100,0.0,1.2161,5.2981,74.443,49.973
05:00:20,BUS-05,100,0.0,1.2455,5.3482,74.461,49.98
05:00:30,BUS-05,100,0.0,1.1929,5.3245,74.481,49.9785
05:00:40,BUS-05,100,0.0,1.1919,5.267,74.5,49.9764
05:00:50,BUS-05,100,0.0,1.2478,5.3196,74.519,49.9809
05:01:00,BUS-05,100,0.0,1.2182,5.2991,74.537,49.98
05:01:10,BUS-05,100,0.0,1.2255,5.3343,74.556,49.9776
05:01:20,BUS-05,100,0.0,1.2055,5.3342,74.575,49.9751
05:01:30,BUS-05,100,0.0,1.212,5.2985,74.595,49.9783
05:01:40,BUS-05,100,0.0,1.1737,5.2757,74.614,49.9817
05:01:50,BUS-05,100,0.0,1.2346,5.2697,74.633,49.9751
05:02:00,BUS-05,100,0.0,1.2206,5.3105,74.652,49.978
05:02:10,BUS-05,100,0.0,1.193,5.275,74.671,49.9826
05:02:20,BUS-05,100,0.0,1.2068,5.2993,74.69,49.9796
05:02:30,BUS-05,100,0.0,1.2309,5.3213,74.709,49.9774
05:02:40,BUS-05,100,0.0,1.2282,5.2844,74.728,49.9714
05:02:50,BUS-05,100,0.0,1.2087,5.3142,74.747,49.9706
05:03:00,BUS-05,100,0.0,1.1806,5.3214,74.766,49.9753
05:03:10,BUS-05,100,0.0,1.2129,5.3083,74.785,49.9705
05:03:20,BUS-05,100,0.0,1.2063,5.306,74.804,49.9743
05:03:30,BUS-05,100,0.0,1.2295,5.3404,74.823,49.9734
05:03:40,BUS-05,100,0.0,1.1743,5.3158,74.842,49.9712
05:03:50,BUS-05,100,0.0,1.1889,5.2809,74.861,49.9754
05:04:00,BUS-05,100,0.0,1.2184,5.2998,74.88,49.9725
05:04:10,BUS-05,100,0.0,1.22,5.3013,74.899,49.9733
05:04:20,BUS-05,100,0.0,1.2563,5.2917,74.918,49.9741
05:04:30,BUS-05,100,0.0,1.234,5.3366,74.937,49.9787
05:04:40,BUS-05,100,0.0,1.2499,5.3345,74.956,49.9754
05:04:50,BUS-05,100,0.0,1.2382,5.3164,74.975,49.9765
05:05:00,BUS-05,100,0.0,1.1627,5.3432,74.994,49.976
05:05:10,BUS-05,100,0.0,1.1851,5.3132,75.013,49.9746
05:05:20,BUS-05,100,0.0,1.2284,5.2733,75.032,49.9817
05:05:30,BUS-05,100,0.0,1.2188,5.2821,75.051,49.9856
05:05:40,BUS-05,100,0.0,1.2175,5.338,75.07,49.9932
05:05:50,BUS-05,100,0.0,1.2282,5.3082,75.089,49.9818
05:06:00,BUS-05,100,0.0,1.2256,5.3095,75.108,49.9809
05:06:10,BUS-05,100,0.0,1.275,5.2943,75.126,49.9799
05:06:20,BUS-05,100,0.0,1.2233,5.3043,75.145,49.9798
05:06:30,BUS-05,100,0.0,1.2174,5.3156,75.164,49.9835
05:06:40,BUS-05,100,0.0,1.1972,5.3191,75.183,49.9834
05:06:50,BUS-05,100,0.0,1.2108,5.3267,75.202,49.988
05:07:00,BUS-05,100,0.0,1.2014,5.3517,75.222,49.9892
05:07:10,BUS-05,100,0.0,1.2482,5.3325,75.24,49.988
05:07:20,BUS-05,100,0.0,1.2075,5.322,75.259,49.9824
05:07:30,BUS-05,100,0.0,1.2245,5.3112,75.278,49.9846
05:07:40,BUS-05,100,0.0,1.2261,5.322,75.297,49.9826
05:07:50,BUS-05,100,0.0,1.2356,5.3301,75.316,49.9825
05:08:00,BUS-05,100,0.0,1.1881,5.3398,75.335,49.9802
05:08:10,BUS-05,100,0.0,1.253,5.3123,75.354,49.981
05:08:20,BUS-05,100,0.0,1.1977,5.3267,75.373,49.9835
05:08:30,BUS-05,100,0.0,1.1939,5.3204,75.392,49.986
05:08:40,BUS-05,100,0.0,1.2293,5.3244,75.411,49.981
05:08:50,BUS-05,100,0.0,1.194,5.3131,75.43,49.9878
05:09:00,BUS-05,100,0.0,1.2003,5.3353,75.449,49.9929
05:09:10,BUS-05,100,0.0,1.2099,5.2904,75.469,50.0009
05:09:20,BUS-05,100,0.0,1.2277,5.265,75.487,50.0039
05:09:30,BUS-05,100,0.0,1.2405,5.314,75.506,50.0016
05:09:40,BUS-05,100,0.0,1.2026,5.2879,75.525,50.0017
05:09:50,BUS-05,100,0.0,1.2048,5.2857,75.544,49.9983
05:10:00,BUS-05,100,0.0,1.2516,5.2996,75.563,49.9911
05:10:10,BUS-05,100,0.0,1.2171,5.3298,75.582,49.9909
05:10:20,BUS-05,100,0.0,1.2381,5.3066,75.601,49.9889
05:10:30,BUS-05,100,0.0,1.224,5.3286,75.62,49.992
05:10:40,BUS-05,100,0.0,1.2141,5.3586,75.639,49.9832
05:10:50,BUS-05,100,0.0,1.2412,5.3226,75.658,49.9842
05:11:00,BUS-05,100,0.0,1.2144,5.3063,75.677,49.9806
05:11:10,BUS-05,100,0.0,1.2201,5.283,75.696,49.9785
05:11:20,BUS-05,100,0.0,1.2186,5.3035,75.715,49.9815
05:11:30,BUS-05,100,0.0,1.225,5.3102,75.734,49.9735
05:11:40,BUS-05,100,0.0,1.2225,5.2778,75.753,49.9698
05:11:50,BUS-05,100,0.0,1.2325,5.3259,75.771,49.968
05:12:00,BUS-05,100,0.0,1.2175,5.3072,75.79,49.9724
05:12:10,BUS-05,100,0.0,1.1977,5.306,75.81,49.9736
05:12:20,BUS-05,100,0.0,1.2377,5.3079,75.828,49.9725
05:12:30,BUS-05,100,0.0,1.2416,5.3329,75.847,49.9784
05:12:40,BUS-05,100,0.0,1.2451,5.3335,75.866,49.9809
05:12:50,BUS-05,100,0.0,1.2424,5.3184,75.885,49.9829
05:13:00,BUS-05,100,0.0,1.2291,5.3164,75.904,49.9929
05:13:10,BUS-05,100,0.0,1.2223,5.315,75.923,49.9908
05:13:20,BUS-05,100,0.0,1.2314,5.2745,75.942,49.9856
05:13:30,BUS-05,100,0.0,1.2326,5.3223,75.96,49.9791
05:13:40,BUS-05,100,0.0,1.23,5.3523,75.979,49.9844
05:13:50,BUS-05,100,0.0,1.2344,5.2923,75.998,49.9822
05:14:00,BUS-05,100,0.0,1.2133,5.2717,76.017,49.9829
05:14:10,BUS-05,100,0.0,1.2295,5.3308,76.036,49.9829
05:14:20,BUS-05,100,0.0,1.2221,5.301,76.055,49.9836
05:14:30,BUS-05,100,0.0,1.22,5.3193,76.074,49.9767
05:14:40,BUS-05,100,0.0,1.2573,5.3276,76.093,49.9778
05:14:50,BUS-05,100,0.0,1.2109,5.2999,76.112,49.9848
05:15:00,BUS-05,100,0.0,1.2441,5.2986,76.131,49.9849
05:15:10,BUS-05,100,0.0,1.2485,5.3233,76.149,49.9849
05:15:20,BUS-05,100,0.0,1.2381,5.3108,76.168,49.985
05:15:30,BUS-05,100,0.0,1.2386,5.3204,76.187,49.9834
05:15:40,BUS-05,100,0.0,1.2179,5.3032,76.206,49.9778
05:15:50,BUS-05,100,0.0,1.2214,5.3432,76.225,49.9786
05:16:00,BUS-05,100,0.0,1.1996,5.2693,76.244,49.9801
05:16:10,BUS-05,100,0.0,1.2117,5.2696,76.263,49.9784
05:16:20,BUS-05,100,0.0,1.197,5.3181,76.282,49.9799
05:16:30,BUS-05,100,0.0,1.2294,5.3651,76.301,49.9769
05:16:40,BUS-05,100,0.0,1.2288,5.355,76.32,49.9743
05:16:50,BUS-05,100,0.0,1.2434,5.346,76.339,49.9737
05:17:00,BUS-05,100,0.0,1.2352,5.3252,76.358,49.9775
05:17:10,BUS-05,100,0.0,1.2136,5.322,76.377,49.9824
05:17:20,BUS-05,100,0.0,1.2142,5.3391,76.396,49.9797
05:17:30,BUS-05,100,0.0,1.2263,5.3339,76.415,49.9803
05:17:40,BUS-05,100,0.0,1.2358,5.3344,76.433,49.9746
05:17:50,BUS-05,100,0.0,1.251,5.3567,76.452,49.9789
05:18:00,BUS-05,100,0.0,1.2407,5.3554,76.471,49.9828
05:18:10,BUS-05,100,0.0,1.2288,5.3577,76.49,49.9901
05:18:20,BUS-05,100,0.0,1.249,5.3407,76.509,49.9967
05:18:30,BUS-05,100,0.0,1.2185,5.3272,76.528,50.0005
05:18:40,BUS-05,100,0.0,1.2427,5.3514,76.546,49.9993
05:18:50,BUS-05,100,0.0,1.2456,5.3332,76.565,49.995
05:19:00,BUS-05,100,0.0,1.2492,5.314,76.584,49.9911
05:19:10,BUS-05,100,0.0,1.2288,5.3292,76.603,49.9883
05:19:20,BUS-05,100,0.0,1.2551,5.3495,76.622,49.9953
05:19:30,BUS-05,100,0.0,1.2555,5.3527,76.64,49.9988
05:19:40,BUS-05,100,0.0,1.2298,5.3293,76.659,50.0005
05:19:50,BUS-05,100,0.0,1.2347,5.3122,76.678,49.9971
05:20:00,BUS-05,100,0.0,1.2324,5.3341,76.697,49.991
05:20:10,BUS-05,100,0.0,1.2373,5.3308,76.716,49.9908
05:20:20,BUS-05,100,0.0,1.2515,5.3226,76.734,49.9877
05:20:30,BUS-05,100,0.0,1.2084,5.2803,76.754,49.979
05:20:40,BUS-05,100,0.0,1.2672,5.3366,76.772,49.9717
05:20:50,BUS-05,100,0.0,1.2664,5.3613,76.791,49.9712
05:21:00,BUS-05,100,0.0,1.2736,5.3779,76.809,49.9762
05:21:10,BUS-05,100,0.0,1.2512,5.3369,76.828,49.9744
05:21:20,BUS-05,100,0.0,1.2317,5.2973,76.847,49.9705
05:21:30,BUS-05,100,0.0,1.2833,5.3283,76.866,49.9692
05:21:40,BUS-05,100,0.0,1.2283,5.3196,76.884,49.972
05:21:50,BUS-05,100,0.0,1.2334,5.2952,76.903,49.9685
05:22:00,BUS-05,100,0.0,1.2275,5.3693,76.922,49.9714
05:22:10,BUS-05,100,0.0,1.2614,5.3384,76.941,49.9797
05:22:20,BUS-05,100,0.0,1.2405,5.3267,76.96,49.9753
05:22:30,BUS-05,100,0.0,1.2025,5.3585,76.979,49.9756
05:22:40,BUS-05,100,0.0,1.249,5.3196,76.998,49.9806
05:22:50,BUS-05,100,0.0,1.2176,5.317,77.017,49.9796
05:23:00,BUS-05,100,0.0,1.2661,5.3138,77.035,49.9876
05:23:10,BUS-05,100,0.0,1.2373,5.3201,77.054,49.9871
05:23:20,BUS-05,100,0.0,1.2211,5.3341,77.073,49.9876
05:23:30,BUS-05,100,0.0,1.2519,5.3267,77.092,49.9823
05:23:40,BUS-05,100,0.0,1.2126,5.3045,77.111,49.9868
05:23:50,BUS-05,100,0.0,1.2403,5.3162,77.13,49.9846
05:24:00,BUS-05,100,0.0,1.226,5.3647,77.148,49.9779
05:24:10,BUS-05,100,0.0,1.251,5.3747,77.167,49.9795
05:24:20,BUS-05,100,0.0,1.2447,5.3301,77.186,49.9825
05:24:30,BUS-05,100,0.0,1.2691,5.3386,77.205,49.9846
05:24:40,BUS-05,100,0.0,1.2426,5.3548,77.223,49.9861
05:24:50,BUS-05,100,0.0,1.2089,5.3186,77.242,49.9861
05:25:00,BUS-05,100,0.0,1.2425,5.346,77.261,49.9778
05:25:10,BUS-05,100,0.0,1.2326,5.3191,77.28,49.9779
05:25:20,BUS-05,100,0.0,1.2176,5.2896,77.299,49.9771
05:25:30,BUS-05,100,0.0,1.2316,5.3301,77.318,49.9767
05:25:40,BUS-05,100,0.0,1.2507,5.3776,77.337,49.9769
05:25:50,BUS-05,100,0.0,1.2582,5.3197,77.355,49.9728
05:26:00,BUS-05,100,0.0,1.2381,5.3185,77.374,49.9737
05:26:10,BUS-05,100,0.0,1.2347,5.3323,77.393,49.9816
05:26:20,BUS-05,100,0.0,1.2449,5.3278,77.412,49.981
05:26:30,BUS-05,100,0.0,1.2777,5.3592,77.43,49.983
05:26:40,BUS-05,100,0.0,1.1935,5.3514,77.45,49.9857
05:26:50,BUS-05,100,0.0,1.2894,5.3001,77.468,49.9848
05:27:00,BUS-05,100,0.0,1.2639,5.2967,77.487,49.9828
05:27:10,BUS-05,100,0.0,1.2416,5.359,77.506,49.9876
05:27:20,BUS-05,100,0.0,1.2672,5.3894,77.524,49.983
05:27:30,BUS-05,100,0.0,1.2321,5.3023,77.543,49.9835
05:27:40,BUS-05,100,0.0,1.2793,5.3561,77.562,49.985
05:27:50,BUS-05,100,0.0,1.2566,5.3393,77.58,49.9851
05:28:00,BUS-05,100,0.0,1.2198,5.3524,77.599,49.9897
05:28:10,BUS-05,100,0.0,1.2484,5.3418,77.618,49.989
05:28:20,BUS-05,100,0.0,1.2858,5.3396,77.637,49.99
05:28:30,BUS-05,100,0.0,1.2471,5.3231,77.655,49.9841
05:28:40,BUS-05,100,0.0,1.2585,5.3387,77.674,49.9832
05:28:50,BUS-05,100,0.0,1.2716,5.3443,77.693,49.9852
05:29:00,BUS-05,100,0.0,1.2704,5.3379,77.711,49.9861
05:29:10,BUS-05,100,0.0,1.2674,5.3653,77.73,49.9792
05:29:20,BUS-05,100,0.0,1.2346,5.3365,77.749,49.9837
05:29:30,BUS-05,100,0.0,1.2803,5.32,77.767,49.9836
05:29:40,BUS-05,100,0.0,1.2802,5.343,77.786,49.9847
05:29:50,BUS-05,100,0.0,1.2619,5.3567,77.804,49.9891
05:30:00,BUS-05,100,0.0,1.2652,5.3312,77.795,49.9826
05:30:10,BUS-05,100,0.0,1.2633,5.3481,77.786,49.9903
05:30:20,BUS-05,100,0.0,1.26,5.3376,77.777,49.9948
05:30:30,BUS-05,100,0.0,1.2617,5.3084,77.768,49.9946
05:30:40,BUS-05,100,0.0,1.2809,5.3361,77.759,49.9953
05:30:50,BUS-05,100,0.0,1.2416,5.3692,77.75,49.9958
05:31:00,BUS-05,100,0.0,1.2516,5.3494,77.741,49.9906
05:31:10,BUS-05,100,0.0,1.2339,5.3298,77.732,49.9816
05:31:20,BUS-05,100,0.0,1.2516,5.3292,77.723,49.9808
05:31:30,BUS-05,100,0.0,1.2715,5.33,77.714,49.9803
05:31:40,BUS-05,100,0.0,1.257,5.3624,77.704,49.9837
05:31:50,BUS-05,100,0.0,1.2833,5.2739,77.695,49.9865
05:32:00,BUS-05,100,0.0,1.2477,5.3462,77.686,49.9857
05:32:10,BUS-05,100,0.0,1.2365,5.3477,77.677,49.9917
05:32:20,BUS-05,100,0.0,1.2559,5.3356,77.668,49.9917
05:32:30,BUS-05,100,0.0,1.2538,5.3335,77.659,49.9933
05:32:40,BUS-05,100,0.0,1.2419,5.3401,77.65,49.9903
05:32:50,BUS-05,100,0.0,1.2487,5.3201,77.641,49.995
05:33:00,BUS-05,100,0.0,1.3032,5.3279,77.632,49.9972
05:33:10,BUS-05,100,0.0,1.2728,5.3418,77.623,50.0013
05:33:20,BUS-05,100,0.0,1.2481,5.3868,77.614,50.0006
05:33:30,BUS-05,100,0.0,1.243,5.3444,77.605,50.0016
05:33:40,BUS-05,100,0.0,1.2697,5.3398,77.595,49.9983
05:33:50,BUS-05,100,0.0,1.2923,5.3274,77.586,49.9993
05:34:00,BUS-05,100,0.0,1.3028,5.3641,77.577,49.9928
05:34:10,BUS-05,100,0.0,1.2771,5.3558,77.567,49.9973
05:34:20,BUS-05,100,0.0,1.2943,5.3707,77.558,49.9961
05:34:30,BUS-05,100,0.0,1.2813,5.3343,77.549,50.0039
05:34:40,BUS-05,100,0.0,1.2981,5.3546,77.539,50.0039
05:34:50,BUS-05,100,0.0,1.265,5.317,77.53,50.0045
05:35:00,BUS-05,100,0.0,1.2502,5.3144,77.521,50.0058
05:35:10,BUS-05,100,0.0,1.3044,5.3576,77.512,50.0023
05:35:20,BUS-05,100,0.0,1.279,5.3446,77.503,50.0028
05:35:30,BUS-05,100,0.0,1.2711,5.3727,77.493,50.0008
05:35:40,BUS-05,100,0.0,1.3004,5.3608,77.484,50.0043
05:35:50,BUS-05,100,0.0,1.2754,5.365,77.475,49.9962
05:36:00,BUS-05,100,0.0,1.296,5.3705,77.465,49.9935
05:36:10,BUS-05,100,0.0,1.3051,5.3769,77.456,49.9931
05:36:20,BUS-05,100,0.0,1.2869,5.3431,77.447,49.9858
05:36:30,BUS-05,100,0.0,1.2737,5.334,77.438,49.9883
05:36:40,BUS-05,100,0.0,1.2738,5.352,77.428,49.9844
05:36:50,BUS-05,100,0.0,1.2841,5.371,77.419,49.9885
05:37:00,BUS-05,100,0.0,1.2865,5.3568,77.41,49.9894
05:37:10,BUS-05,100,0.0,1.2861,5.3016,77.4,49.9954
05:37:20,BUS-05,100,0.0,1.2812,5.3789,77.391,49.9959
05:37:30,BUS-05,100,0.0,1.2641,5.3722,77.382,49.9967
05:37:40,BUS-05,100,0.0,1.2772,5.3474,77.373,49.988
05:37:50,BUS-05,100,0.0,1.2633,5.3361,77.364,49.9908
05:38:00,BUS-05,100,0.0,1.3214,5.3421,77.354,49.9903
05:38:10,BUS-05,100,0.0,1.2779,5.3645,77.345,49.9862
05:38:20,BUS-05,100,0.0,1.3171,5.3795,77.335,49.985
05:38:30,BUS-05,100,0.0,1.2707,5.4057,77.326,49.987
05:38:40,BUS-05,100,0.0,1.2624,5.3811,77.317,49.9921
05:38:50,BUS-05,100,0.0,1.2538,5.3348,77.308,49.9861
05:39:00,BUS-05,100,0.0,1.3096,5.3569,77.299,49.9839
05:39:10,BUS-05,100,0.0,1.3052,5.3653,77.289,49.9848
05:39:20,BUS-05,100,0.0,1.2859,5.3426,77.28,49.9898
05:39:30,BUS-05,100,0.0,1.3252,5.3457,77.27,49.9877
05:39:40,BUS-05,100,0.0,1.3059,5.3191,77.261,49.9897
05:39:50,BUS-05,100,0.0,1.2984,5.3436,77.252,49.9841
05:40:00,BUS-05,100,0.0,1.31,5.3702,77.242,49.9809
05:40:10,BUS-05,100,0.0,1.288,5.3592,77.233,49.9895
05:40:20,BUS-05,100,0.0,1.2732,5.341,77.224,49.9851
05:40:30,BUS-05,100,0.0,1.2992,5.3836,77.214,49.985
05:40:40,BUS-05,100,0.0,1.3006,5.3702,77.205,49.9857
05:40:50,BUS-05,100,0.0,1.2955,5.38,77.195,49.9871
05:41:00,BUS-05,100,0.0,1.3139,5.3271,77.186,49.9847
05:41:10,BUS-05,100,0.0,1.2836,5.3096,77.177,49.9864
05:41:20,BUS-05,100,0.0,1.2907,5.3518,77.167,49.9882
05:41:30,BUS-05,100,0.0,1.2789,5.393,77.158,49.9952
05:41:40,BUS-05,100,0.0,1.2963,5.3929,77.149,49.9995
05:41:50,BUS-05,100,0.0,1.28,5.344,77.14,50.0091
05:42:00,BUS-05,100,0.0,1.2976,5.3675,77.13,50.0023
05:42:10,BUS-05,100,0.0,1.2777,5.3879,77.121,50.001
05:42:20,BUS-05,100,0.0,1.3083,5.4006,77.112,49.9981
05:42:30,BUS-05,100,0.0,1.2873,5.3597,77.102,50.0011
05:42:40,BUS-05,100,0.0,1.3098,5.3711,77.093,49.9995
05:42:50,BUS-05,100,0.0,1.3052,5.3561,77.083,49.9951
05:43:00,BUS-05,100,0.0,1.3156,5.3445,77.074,49.9937
05:43:10,BUS-05,100,0.0,1.2938,5.367,77.064,49.9904
05:43:20,BUS-05,100,0.0,1.3119,5.3559,77.055,49.9902
05:43:30,BUS-05,100,0.0,1.3094,5.3082,77.046,49.9843
05:43:40,BUS-05,100,0.0,1.3087,5.3501,77.036,49.9778
05:43:50,BUS-05,100,0.0,1.2868,5.343,77.027,49.9814
05:44:00,BUS-05,100,0.0,1.3166,5.3452,77.017,49.9796
05:44:10,BUS-05,100,0.0,1.2809,5.3775,77.008,49.9824
05:44:20,BUS-05,100,0.0,1.3278,5.3792,76.998,49.9895
05:44:30,BUS-05,100,0.0,1.3189,5.3752,76.989,49.9887
05:44:40,BUS-05,100,0.0,1.3072,5.4152,76.979,49.9849
05:44:50,BUS-05,100,0.0,1.2781,5.38,76.97,49.9863
05:45:00,BUS-05,100,0.0,1.3185,5.3699,76.961,49.9818
05:45:10,BUS-05,100,0.0,1.3072,5.3725,76.951,49.9779
05:45:20,BUS-05,100,0.0,1.309,5.3887,76.942,49.9764
05:45:30,BUS-05,100,0.0,1.2968,5.3603,76.932,49.9791
05:45:40,BUS-05,100,0.0,1.327,5.3814,76.923,49.9796
05:45:50,BUS-05,100,0.0,1.2999,5.356,76.913,49.9772
05:46:00,BUS-05,100,0.0,1.3235,5.3999,76.904,49.9807
05:46:10,BUS-05,100,0.0,1.3109,5.3414,76.894,49.9815
05:46:20,BUS-05,100,0.0,1.2777,5.3596,76.885,49.9787
05:46:30,BUS-05,100,0.0,1.2917,5.3869,76.876,49.972
05:46:40,BUS-05,100,0.0,1.3073,5.4269,76.866,49.9663
05:46:50,BUS-05,100,0.0,1.3274,5.3936,76.857,49.9665
05:47:00,BUS-05,100,0.0,1.3098,5.345,76.847,49.9748
05:47:10,BUS-05,100,0.0,1.2997,5.3612,76.838,49.9752
05:47:20,BUS-05,100,0.0,1.3544,5.3667,76.828,49.969
05:47:30,BUS-05,100,0.0,1.332,5.4026,76.819,49.9729
05:47:40,BUS-05,100,0.0,1.3349,5.3715,76.809,49.9826
05:47:50,BUS-05,100,0.0,1.3324,5.3751,76.799,49.9861
05:48:00,BUS-05,100,0.0,1.3239,5.3678,76.79,49.984
05:48:10,BUS-05,100,0.0,1.3081,5.3476,76.78,49.9818
05:48:20,BUS-05,100,0.0,1.339,5.428,76.771,49.9752
05:48:30,BUS-05,100,0.0,1.3661,5.3818,76.761,49.98
05:48:40,BUS-05,100,0.0,1.3214,5.3871,76.751,49.9856
05:48:50,BUS-05,100,0.0,1.3451,5.4084,76.742,49.9821
05:49:00,BUS-05,100,0.0,1.3189,5.3468,76.732,49.9829
05:49:10,BUS-05,100,0.0,1.3227,5.375,76.722,49.9848
05:49:20,BUS-05,100,0.0,1.3277,5.384,76.713,49.9876
05:49:30,BUS-05,100,0.0,1.3624,5.401,76.703,49.977
05:49:40,BUS-05,100,0.0,1.3486,5.3603,76.693,49.9715
05:49:50,BUS-05,100,0.0,1.357,5.3757,76.684,49.9682
05:50:00,BUS-05,100,0.0,1.3523,5.3997,76.674,49.9682
05:50:10,BUS-05,100,0.0,1.3238,5.4109,76.664,49.9711
05:50:20,BUS-05,100,0.0,1.3487,5.4041,76.654,49.9632
05:50:30,BUS-05,100,0.0,1.3443,5.4202,76.645,49.9615
05:50:40,BUS-05,100,0.0,1.3091,5.3744,76.635,49.9714
05:50:50,BUS-05,100,0.0,1.3767,5.3653,76.625,49.9715
05:51:00,BUS-05,100,0.0,1.348,5.4038,76.616,49.9741
05:51:10,BUS-05,100,0.0,1.3684,5.4049,76.606,49.9711
05:51:20,BUS-05,100,0.0,1.3628,5.3743,76.596,49.9711
05:51:30,BUS-05,100,0.0,1.3297,5.4094,76.586,49.9755
05:51:40,BUS-05,100,0.0,1.3332,5.4197,76.577,49.9708
05:51:50,BUS-05,100,0.0,1.3196,5.3752,76.567,49.9727
05:52:00,BUS-05,100,0.0,1.3165,5.3887,76.558,49.9741
05:52:10,BUS-05,100,0.0,1.3821,5.3945,76.548,49.9832
05:52:20,BUS-05,100,0.0,1.3747,5.3873,76.538,49.9872
05:52:30,BUS-05,100,0.0,1.3375,5.3882,76.528,49.9935
05:52:40,BUS-05,100,0.0,1.3555,5.3952,76.518,49.9909
05:52:50,BUS-05,100,0.0,1.3448,5.4248,76.509,49.9931
05:53:00,BUS-05,100,0.0,1.3506,5.3999,76.499,49.9864
05:53:10,BUS-05,100,0.0,1.329,5.4241,76.489,49.9836
05:53:20,BUS-05,100,0.0,1.4074,5.3815,76.479,49.984
05:53:30,BUS-05,100,0.0,1.3771,5.3876,76.469,49.9751
05:53:40,BUS-05,100,0.0,1.3933,5.3747,76.459,49.9785
05:53:50,BUS-05,100,0.0,1.3295,5.3989,76.449,49.9829
05:54:00,BUS-05,100,0.0,1.3524,5.39,76.44,49.9842
05:54:10,BUS-05,100,0.0,1.3264,5.3869,76.43,49.9874
05:54:20,BUS-05,100,0.0,1.3462,5.4083,76.42,49.9813
05:54:30,BUS-05,100,0.0,1.3513,5.3982,76.411,49.9838
05:54:40,BUS-05,100,0.0,1.3909,5.3936,76.401,49.9815
05:54:50,BUS-05,100,0.0,1.3297,5.4189,76.391,49.9779
05:55:00,BUS-05,100,0.0,1.4336,5.3899,76.381,49.972
05:55:10,BUS-05,100,0.0,1.3791,5.394,76.371,49.9754
05:55:20,BUS-05,100,0.0,1.3749,5.4024,76.361,49.9697
05:55:30,BUS-05,100,0.0,1.3929,5.4072,76.351,49.9771
05:55:40,BUS-05,100,0.0,1.3703,5.4335,76.341,49.9796
05:55:50,BUS-05,100,0.0,1.3867,5.4192,76.331,49.9766
05:56:00,BUS-05,100,0.0,1.3978,5.3843,76.321,49.9741
05:56:10,BUS-05,100,0.0,1.3895,5.4338,76.311,49.9763
05:56:20,BUS-05,100,0.0,1.382,5.4036,76.301,49.9743
05:56:30,BUS-05,100,0.0,1.3602,5.3998,76.291,49.9715
05:56:40,BUS-05,100,0.0,1.3726,5.3871,76.281,49.9768
05:56:50,BUS-05,100,0.0,1.3828,5.447,76.271,49.9748
05:57:00,BUS-05,100,0.0,1.3904,5.4338,76.261,49.9739
05:57:10,BUS-05,100,0.0,1.3875,5.4497,76.251,49.9728
05:57:20,BUS-05,100,0.0,1.4021,5.4434,76.241,49.9803
05:57:30,BUS-05,100,0.0,1.4047,5.3959,76.231,49.9809
05:57:40,BUS-05,100,0.0,1.4045,5.4345,76.22,49.9813
05:57:50,BUS-05,100,0.0,1.3909,5.3979,76.21,49.9787
05:58:00,BUS-05,100,0.0,1.4068,5.4153,76.2,49.9839
05:58:10,BUS-05,100,0.0,1.403,5.4038,76.19,49.9892
05:58:20,BUS-05,100,0.0,1.3877,5.4467,76.18,49.9842
05:58:30,BUS-05,100,0.0,1.4015,5.3873,76.17,49.9819
05:58:40,BUS-05,100,0.0,1.3936,5.4167,76.16,49.9859
05:58:50,BUS-05,100,0.0,1.3897,5.3969,76.15,49.9881
05:59:00,BUS-05,100,0.0,1.4009,5.4082,76.14,49.9897
05:59:10,BUS-05,100,0.0,1.3838,5.4222,76.13,49.9901
05:59:20,BUS-05,100,0.0,1.3975,5.4309,76.12,49.9899
05:59:30,BUS-05,100,0.0,1.3843,5.4354,76.11,49.9866
05:59:40,BUS-05,100,0.0,1.4285,5.4117,76.099,49.991
05:59:50,BUS-05,100,0.0,1.4292,5.43,76.089,49.993
06:00:00,BUS-05,100,0.0,1.4179,5.469,76.079,49.9953
06:00:10,BUS-05,100,0.0011,1.3868,5.4242,76.069,49.9937
06:00:20,BUS-05,100,0.0024,1.4344,5.4269,76.058,49.988
06:00:30,BUS-05,100,0.0036,1.4164,5.4306,76.048,49.991
06:00:40,BUS-05,100,0.0052,1.4164,5.4336,76.038,49.9973
06:00:50,BUS-05,100,0.0071,1.4068,5.4213,76.028,49.9939
06:01:00,BUS-05,100,0.0085,1.3865,5.4417,76.018,49.994
06:01:10,BUS-05,100,0.0099,1.4205,5.4181,76.008,49.9893
06:01:20,BUS-05,100,0.0116,1.4275,5.4197,75.998,49.995
06:01:30,BUS-05,100,0.0128,1.4095,5.4087,75.987,49.9994
06:01:40,BUS-05,100,0.0155,1.4374,5.4535,75.977,49.9968
06:01:50,BUS-05,100,0.0164,1.3776,5.4375,75.967,49.9895
06:02:00,BUS-05,100,0.018,1.4241,5.4458,75.957,49.992
06:02:10,BUS-05,100,0.0198,1.4142,5.4339,75.947,49.9853
06:02:20,BUS-05,100,0.0215,1.4715,5.4313,75.937,49.986
06:02:30,BUS-05,100,0.0241,1.4451,5.4032,75.926,49.985
06:02:40,BUS-05,100,0.0265,1.4186,5.4535,75.916,49.9841
06:02:50,BUS-05,100,0.0259,1.4207,5.4478,75.906,49.9855
06:03:00,BUS-05,100,0.029,1.42,5.4286,75.896,49.9864
06:03:10,BUS-05,100,0.031,1.4411,5.4405,75.886,49.9764
06:03:20,BUS-05,100,0.0323,1.4225,5.4323,75.876,49.9788
06:03:30,BUS-05,100,0.0361,1.4482,5.412,75.866,49.9795
06:03:40,BUS-05,100,0.0379,1.4225,5.4265,75.856,49.9791
06:03:50,BUS-05,100,0.0394,1.4377,5.4596,75.846,49.9803
06:04:00,BUS-05,100,0.0405,1.4234,5.4448,75.836,49.9797
06:04:10,BUS-05,100,0.0425,1.3977,5.4737,75.826,49.975
06:04:20,BUS-05,100,0.047,1.4773,5.4401,75.816,49.9781
06:04:30,BUS-05,100,0.0464,1.4661,5.4311,75.805,49.981
06:04:40,BUS-05,100,0.0494,1.4344,5.448,75.795,49.9886
06:04:50,BUS-05,100,0.0549,1.4969,5.4533,75.785,49.9822
06:05:00,BUS-05,100,0.0525,1.4296,5.448,75.775,49.9809
06:05:10,BUS-05,100,0.0563,1.4723,5.4535,75.765,49.9816
06:05:20,BUS-05,100,0.057,1.4556,5.4529,75.755,49.9842
06:05:30,BUS-05,100,0.0566,1.4655,5.4921,75.744,49.987
06:05:40,BUS-05,100,0.0584,1.4601,5.4476,75.734,49.992
06:05:50,BUS-05,100,0.0626,1.3931,5.458,75.725,49.9943
06:06:00,BUS-05,100,0.0663,1.4861,5.4151,75.714,49.9927
06:06:10,BUS-05,100,0.0675,1.4367,5.4323,75.705,49.9949
06:06:20,BUS-05,100,0.0702,1.4491,5.414,75.695,49.9861
06:06:30,BUS-05,100,0.0719,1.459,5.408,75.685,49.9838
06:06:40,BUS-05,100,0.0705,1.4661,5.4568,75.675,49.9862
06:06:50,BUS-05,100,0.077,1.4729,5.4778,75.664,49.9837
06:07:00,BUS-05,100,0.0786,1.4958,5.4489,75.654,49.9886
06:07:10,BUS-05,100,0.0804,1.4903,5.4609,75.644,49.9842
06:07:20,BUS-05,100,0.0806,1.4603,5.484,75.634,49.9847
06:07:30,BUS-05,100,0.0844,1.4666,5.4644,75.624,49.9787
06:07:40,BUS-05,100,0.0883,1.5004,5.4539,75.614,49.9807
06:07:50,BUS-05,100,0.0881,1.4554,5.4359,75.604,49.9761
06:08:00,BUS-05,100,0.0881,1.4991,5.436,75.594,49.9834
06:08:10,BUS-05,100,0.0895,1.4895,5.4444,75.584,49.9841
06:08:20,BUS-05,100,0.0945,1.4826,5.4779,75.574,49.9824
06:08:30,BUS-05,100,0.0954,1.5166,5.4721,75.563,49.9855
06:08:40,BUS-05,100,0.1058,1.4844,5.453,75.553,49.9771
06:08:50,BUS-05,100,0.1005,1.4467,5.5485,75.544,49.9772
06:09:00,BUS-05,100,0.1092,1.496,5.4605,75.534,49.9825
06:09:10,BUS-05,100,0.1112,1.5007,5.4757,75.524,49.9832
06:09:20,BUS-05,100,0.1033,1.5029,5.4801,75.514,49.9798
06:09:30,BUS-05,100,0.1073,1.5056,5.4709,75.503,49.9788
06:09:40,BUS-05,100,0.1149,1.4918,5.4764,75.494,49.9799
06:09:50,BUS-05,100,0.1112,1.4654,5.4372,75.484,49.9817
06:10:00,BUS-05,100,0.1147,1.5046,5.4896,75.474,49.9782
06:10:10,BUS-05,100,0.1162,1.4852,5.476,75.464,49.9763
06:10:20,BUS-05,100,0.1138,1.5634,5.4768,75.453,49.9759
06:10:30,BUS-05,100,0.1224,1.525,5.508,75.443,49.9672
06:10:40,BUS-05,100,0.1258,1.481,5.4524,75.433,49.9639
06:10:50,BUS-05,100,0.1316,1.496,5.4648,75.424,49.969
06:11:00,BUS-05,100,0.1291,1.5201,5.4842,75.414,49.9705
06:11:10,BUS-05,100,0.1304,1.5246,5.4867,75.403,49.9711
06:11:20,BUS-05,100,0.1319,1.5144,5.4718,75.393,49.9792
06:11:30,BUS-05,100,0.1382,1.5312,5.436,75.383,49.9843
06:11:40,BUS-05,100,0.1388,1.5623,5.4898,75.373,49.9788
06:11:50,BUS-05,100,0.1441,1.5688,5.4779,75.363,49.9742
06:12:00,BUS-05,100,0.1382,1.5497,5.4814,75.353,49.9744
06:12:10,BUS-05,100,0.1453,1.5705,5.475,75.342,49.9802
06:12:20,BUS-05,100,0.1533,1.5049,5.4472,75.333,49.9837
06:12:30,BUS-05,100,0.1541,1.5395,5.4933,75.323,49.9807
06:12:40,BUS-05,100,0.1512,1.5329,5.4745,75.313,49.9786
06:12:50,BUS-05,100,0.1496,1.5224,5.4568,75.303,49.9789
06:13:00,BUS-05,100,0.1577,1.5322,5.509,75.293,49.9751
06:13:10,BUS-05,100,0.1668,1.5766,5.522,75.283,49.9699
06:13:20,BUS-05,100,0.1625,1.5392,5.4924,75.273,49.9692
06:13:30,BUS-05,100,0.1678,1.5679,5.4807,75.263,49.9685
06:13:40,BUS-05,100,0.1704,1.5284,5.4699,75.253,49.9778
06:13:50,BUS-05,100,0.1679,1.5398,5.5037,75.243,49.9751
06:14:00,BUS-05,100,0.1649,1.5544,5.5235,75.233,49.9715
06:14:10,BUS-05,100,0.1772,1.551,5.4888,75.223,49.9707
06:14:20,BUS-05,100,0.1743,1.5562,5.4987,75.213,49.9674
06:14:30,BUS-05,100,0.1737,1.5684,5.5161,75.203,49.9729
06:14:40,BUS-05,100,0.1816,1.5296,5.5118,75.193,49.9742
06:14:50,BUS-05,100,0.1769,1.5668,5.5248,75.183,49.9691
06:15:00,BUS-05,100,0.1887,1.556,5.5349,75.173,49.972
06:15:10,BUS-05,100,0.1949,1.5275,5.5156,75.164,49.9702
06:15:20,BUS-05,100,0.1833,1.5884,5.5005,75.153,49.9722
06:15:30,BUS-05,100,0.1938,1.5526,5.4829,75.144,49.9695
06:15:40,BUS-05,100,0.2008,1.5766,5.4745,75.134,49.9684
06:15:50,BUS-05,100,0.2048,1.6171,5.4877,75.123,49.9707
06:16:00,BUS-05,100,0.2021,1.5518,5.5411,75.114,49.9688
06:16:10,BUS-05,100,0.2055,1.5706,5.4887,75.104,49.9659
06:16:20,BUS-05,100,0.2072,1.5511,5.5015,75.094,49.9667
06:16:30,BUS-05,100,0.2093,1.5788,5.5066,75.084,49.9739
06:16:40,BUS-05,100,0.2103,1.5499,5.4975,75.075,49.9808
06:16:50,BUS-05,100,0.2105,1.5767,5.5183,75.065,49.9823
06:17:00,BUS-05,100,0.2137,1.5587,5.5358,75.055,49.9862
06:17:10,BUS-05,100,0.2231,1.6012,5.5079,75.045,49.9842
06:17:20,BUS-05,100,0.2124,1.6035,5.4775,75.035,49.9836
06:17:30,BUS-05,100,0.2178,1.575,5.5288,75.025,49.9791
06:17:40,BUS-05,100,0.2224,1.5687,5.5004,75.015,49.9785
06:17:50,BUS-05,100,0.224,1.6214,5.4932,75.005,49.9791
06:18:00,BUS-05,100,0.2276,1.5791,5.5063,74.996,49.9787
06:18:10,BUS-05,100,0.2429,1.5957,5.5171,74.986,49.9786
06:18:20,BUS-05,100,0.2522,1.5853,5.5317,74.976,49.9855
06:18:30,BUS-05,100,0.2321,1.6131,5.5291,74.966,49.9841
06:18:40,BUS-05,100,0.2335,1.6015,5.5358,74.956,49.981
06:18:50,BUS-05,100,0.227,1.6082,5.5544,74.946,49.9813
06:19:00,BUS-05,100,0.2462,1.5878,5.5428,74.937,49.9762
06:19:10,BUS-05,100,0.2378,1.5789,5.5772,74.927,49.9756
06:19:20,BUS-05,100,0.2401,1.593,5.5328,74.917,49.978
06:19:30,BUS-05,100,0.2425,1.6489,5.5264,74.907,49.9715
06:19:40,BUS-05,100,0.257,1.6208,5.4985,74.897,49.9773
06:19:50,BUS-05,100,0.2558,1.5944,5.5403,74.888,49.9814
06:20:00,BUS-05,100,0.2515,1.6062,5.553,74.878,49.9848
06:20:10,BUS-05,100,0.2604,1.6831,5.5127,74.867,49.9902
06:20:20,BUS-05,100,0.259,1.6077,5.5152,74.858,49.9884
06:20:30,BUS-05,100,0.2663,1.6099,5.5493,74.848,49.9861
06:20:40,BUS-05,100,0.2692,1.6232,5.5437,74.838,49.9914
06:20:50,BUS-05,100,0.2716,1.6311,5.5509,74.828,49.9907
06:21:00,BUS-05,100,0.2835,1.6105,5.5621,74.819,49.9964
06:21:10,BUS-05,100,0.2638,1.6202,5.5439,74.809,49.993
06:21:20,BUS-05,100,0.2777,1.6542,5.5763,74.799,49.9905
06:21:30,BUS-05,100,0.2906,1.6204,5.5118,74.79,49.9938
06:21:40,BUS-05,100,0.2796,1.6456,5.5046,74.78,49.9886
06:21:50,BUS-05,100,0.2903,1.6034,5.5476,74.77,49.9871
06:22:00,BUS-05,100,0.2865,1.6178,5.5108,74.761,49.9854
06:22:10,BUS-05,100,0.2956,1.6056,5.5235,74.751,49.986
06:22:20,BUS-05,100,0.3,1.6457,5.5285,74.741,49.9924
06:22:30,BUS-05,100,0.3153,1.6654,5.5813,74.732,49.9917
06:22:40,BUS-05,100,0.3121,1.59,5.504,74.722,49.9916
06:22:50,BUS-05,100,0.3112,1.6742,5.5789,74.713,49.9945
06:23:00,BUS-05,100,0.2977,1.6568,5.5529,74.703,49.9915
06:23:10,BUS-05,100,0.3026,1.6698,5.5746,74.693,49.9907
06:23:20,BUS-05,100,0.3304,1.6703,5.5295,74.683,49.9987
06:23:30,BUS-05,100,0.3,1.6508,5.5685,74.673,49.9924
06:23:40,BUS-05,100,0.3048,1.6428,5.5742,74.664,49.9905
06:23:50,BUS-05,100,0.3137,1.6608,5.569,74.654,49.9932
06:24:00,BUS-05,100,0.3286,1.6832,5.5653,74.644,49.9881
06:24:10,BUS-05,100,0.3319,1.6587,5.5367,74.635,49.9911
06:24:20,BUS-05,100,0.3135,1.7099,5.5708,74.625,49.994
06:24:30,BUS-05,100,0.3165,1.6577,5.5626,74.615,49.9923
06:24:40,BUS-05,100,0.3353,1.6641,5.5632,74.605,49.986
06:24:50,BUS-05,100,0.314,1.6842,5.5403,74.595,49.9864
06:25:00,BUS-05,100,0.3289,1.6245,5.583,74.586,49.986
06:25:10,BUS-05,100,0.3522,1.677,5.5908,74.576,49.991
06:25:20,BUS-05,100,0.3436,1.7247,5.5868,74.567,49.9874
06:25:30,BUS-05,100,0.345,1.7184,5.5388,74.557,49.986
06:25:40,BUS-05,100,0.3488,1.7136,5.576,74.547,49.9806
06:25:50,BUS-05,100,0.3466,1.7173,5.5921,74.537,49.9838
06:26:00,BUS-05,100,0.3472,1.6645,5.5927,74.527,49.9862
06:26:10,BUS-05,100,0.3328,1.7398,5.5967,74.517,49.9845
06:26:20,BUS-05,100,0.3732,1.7377,5.5706,74.507,49.9811
06:26:30,BUS-05,100,0.3667,1.6826,5.6023,74.498,49.9766
06:26:40,BUS-05,100,0.3658,1.7356,5.5669,74.488,49.968
06:26:50,BUS-05,100,0.3479,1.7335,5.5821,74.478,49.9683
06:27:00,BUS-05,100,0.3688,1.7397,5.5748,74.468,49.9709
06:27:10,BUS-05,100,0.3669,1.7198,5.5804,74.458,49.9752
06:27:20,BUS-05,100,0.3523,1.7486,5.5854,74.448,49.9801
06:27:30,BUS-05,100,0.3745,1.7537,5.6221,74.438,49.9839
06:27:40,BUS-05,100,0.377,1.7132,5.5915,74.429,49.9836
06:27:50,BUS-05,100,0.3768,1.6885,5.5689,74.419,49.9828
06:28:00,BUS-05,100,0.3639,1.7277,5.6017,74.409,49.9877
06:28:10,BUS-05,100,0.374,1.7838,5.603,74.399,49.982
06:28:20,BUS-05,100,0.3891,1.695,5.5824,74.39,49.9805
06:28:30,BUS-05,100,0.3896,1.7472,5.6092,74.38,49.9874
06:28:40,BUS-05,100,0.4031,1.7099,5.5944,74.37,49.9822
06:28:50,BUS-05,100,0.3846,1.7136,5.5833,74.361,49.9872
06:29:00,BUS-05,100,0.3903,1.7319,5.6298,74.351,49.9854
06:29:10,BUS-05,100,0.3848,1.7206,5.5635,74.341,49.9875
06:29:20,BUS-05,100,0.4156,1.7444,5.589,74.332,49.987
06:29:30,BUS-05,100,0.3937,1.7381,5.6052,74.322,49.9841
06:29:40,BUS-05,100,0.419,1.7917,5.5895,74.312,49.9813
06:29:50,BUS-05,100,0.3878,1.7801,5.6014,74.302,49.9794
06:30:00,BUS-05,100,0.4003,1.7356,5.5687,74.293,49.9816
06:30:10,BUS-05,100,0.4071,1.7433,5.5764,74.283,49.982
06:30:20,BUS-05,100,0.4138,1.7985,5.6039,74.273,49.9804
06:30:30,BUS-05,100,0.408,1.755,5.6147,74.263,49.9854
06:30:40,BUS-05,100,0.4353,1.7724,5.6247,74.253,49.9823
06:30:50,BUS-05,100,0.4142,1.7786,5.5811,74.244,49.9849
06:31:00,BUS-05,100,0.4167,1.7979,5.6475,74.234,49.9859
06:31:10,BUS-05,100,0.4229,1.7985,5.6097,74.224,49.9853
06:31:20,BUS-05,100,0.419,1.7552,5.6279,74.214,49.9855
06:31:30,BUS-05,100,0.4348,1.7423,5.6175,74.205,49.9874
06:31:40,BUS-05,100,0.4518,1.7651,5.6312,74.195,49.9819
06:31:50,BUS-05,100,0.4143,1.8369,5.6339,74.185,49.9815
06:32:00,BUS-05,100,0.4335,1.8032,5.5932,74.175,49.9807
06:32:10,BUS-05,100,0.4532,1.8035,5.6035,74.165,49.9783
06:32:20,BUS-05,100,0.4486,1.7902,5.6223,74.156,49.9788
06:32:30,BUS-05,100,0.4339,1.8075,5.6422,74.146,49.9678
06:32:40,BUS-05,100,0.435,1.8464,5.6397,74.135,49.966
06:32:50,BUS-05,100,0.4654,1.8368,5.6301,74.125,49.9728
06:33:00,BUS-05,100,0.4648,1.8253,5.6584,74.116,49.9719
06:33:10,BUS-05,100,0.4752,1.8338,5.6559,74.106,49.9712
06:33:20,BUS-05,100,0.4699,1.7917,5.6093,74.096,49.9622
06:33:30,BUS-05,100,0.461,1.8427,5.602,74.086,49.964
06:33:40,BUS-05,100,0.4781,1.8674,5.6491,74.076,49.9654
06:33:50,BUS-05,100,0.4922,1.8376,5.6054,74.067,49.9681
06:34:00,BUS-05,100,0.4931,1.8248,5.629,74.057,49.9717
06:34:10,BUS-05,100,0.4794,1.8511,5.6079,74.047,49.9744
06:34:20,BUS-05,100,0.4899,1.8134,5.6483,74.038,49.9746
06:34:30,BUS-05,100,0.4787,1.8936,5.6371,74.027,49.975
06:34:40,BUS-05,100,0.4847,1.8267,5.5986,74.018,49.9706
06:34:50,BUS-05,100,0.487,1.8836,5.6536,74.008,49.9753
06:35:00,BUS-05,100,0.5008,1.8537,5.6223,73.998,49.979
06:35:10,BUS-05,100,0.4797,1.8855,5.7112,73.988,49.9793
06:35:20,BUS-05,100,0.5208,1.8579,5.6643,73.978,49.9787
06:35:30,BUS-05,100,0.5053,1.8601,5.6334,73.968,49.9753
06:35:40,BUS-05,100,0.4788,1.8709,5.6724,73.958,49.972
06:35:50,BUS-05,100,0.4913,1.848,5.6601,73.948,49.9688
06:36:00,BUS-05,100,0.5094,1.8579,5.6987,73.939,49.9693
06:36:10,BUS-05,100,0.4806,1.859,5.6617,73.929,49.9704
06:36:20,BUS-05,100,0.4884,1.8784,5.6635,73.919,49.9756
06:36:30,BUS-05,100,0.4913,1.876,5.6638,73.909,49.9779
06:36:40,BUS-05,100,0.5116,1.9175,5.6714,73.898,49.973
06:36:50,BUS-05,100,0.527,1.8582,5.6613,73.889,49.9703
06:37:00,BUS-05,100,0.5228,1.8802,5.6499,73.879,49.969
06:37:10,BUS-05,100,0.5171,1.888,5.6644,73.869,49.9705
06:37:20,BUS-05,100,0.5277,1.8306,5.6732,73.86,49.9776
06:37:30,BUS-05,100,0.5385,1.9125,5.6444,73.85,49.9752
06:37:40,BUS-05,100,0.5505,1.9215,5.6845,73.84,49.9779
06:37:50,BUS-05,100,0.5364,1.9132,5.6775,73.83,49.9791
06:38:00,BUS-05,100,0.5246,1.9144,5.6923,73.82,49.9765
06:38:10,BUS-05,100,0.504,1.8992,5.6316,73.81,49.9772
06:38:20,BUS-05,100,0.5563,1.9648,5.67,73.8,49.9799
06:38:30,BUS-05,100,0.5443,1.8837,5.6638,73.79,49.9807
06:38:40,BUS-05,100,0.5613,1.9226,5.6613,73.78,49.9827
06:38:50,BUS-05,100,0.5531,1.8614,5.6912,73.771,49.9805
06:39:00,BUS-05,100,0.5821,1.9704,5.7137,73.761,49.9807
06:39:10,BUS-05,100,0.5593,1.9737,5.7118,73.75,49.9813
06:39:20,BUS-05,100,0.5532,1.9303,5.6921,73.74,49.9787
06:39:30,BUS-05,100,0.577,1.9174,5.7226,73.731,49.978
06:39:40,BUS-05,100,0.5466,1.9717,5.6903,73.721,49.9814
06:39:50,BUS-05,100,0.5779,1.9795,5.7136,73.71,49.9813
06:40:00,BUS-05,100,0.5777,1.9291,5.6934,73.701,49.9833
06:40:10,BUS-05,100,0.5586,1.9588,5.6759,73.691,49.9846
06:40:20,BUS-05,100,0.5856,1.9688,5.6905,73.681,49.9871
06:40:30,BUS-05,100,0.5768,2.0397,5.6943,73.67,49.986
06:40:40,BUS-05,100,0.5755,1.9983,5.6887,73.66,49.9897
06:40:50,BUS-05,100,0.58,1.9704,5.7021,73.65,49.9927
06:41:00,BUS-05,100,0.5966,1.9409,5.6857,73.64,49.9875
06:41:10,BUS-05,100,0.5601,1.9901,5.7063,73.63,49.9888
06:41:20,BUS-05,100,0.5987,1.9462,5.6975,73.62,49.9914
06:41:30,BUS-05,100,0.6109,1.9705,5.7118,73.61,49.9932
06:41:40,BUS-05,100,0.584,1.9572,5.7305,73.6,49.9896
06:41:50,BUS-05,100,0.6081,1.9986,5.7124,73.59,49.9939
06:42:00,BUS-05,100,0.5991,1.9751,5.675,73.58,50.0001
06:42:10,BUS-05,100,0.6162,1.9975,5.7722,73.57,49.9985
06:42:20,BUS-05,100,0.6247,2.0259,5.7359,73.56,49.9932
06:42:30,BUS-05,100,0.6149,1.9858,5.714,73.55,49.9932
06:42:40,BUS-05,100,0.6454,2.0178,5.731,73.54,49.996
06:42:50,BUS-05,100,0.6388,1.9486,5.719,73.531,49.9995
06:43:00,BUS-05,100,0.6341,1.9934,5.7461,73.521,49.9943
06:43:10,BUS-05,100,0.609,1.9798,5.7002,73.511,49.9931
06:43:20,BUS-05,100,0.6375,2.014,5.7538,73.501,49.987
06:43:30,BUS-05,100,0.6407,2.0015,5.7245,73.491,49.9876
06:43:40,BUS-05,100,0.6032,2.0061,5.7229,73.481,49.9841
06:43:50,BUS-05,100,0.6547,2.0714,5.7596,73.471,49.9786
06:44:00,BUS-05,100,0.6324,2.0344,5.76,73.461,49.9809
06:44:10,BUS-05,100,0.637,2.0153,5.7216,73.451,49.9821
06:44:20,BUS-05,100,0.6433,2.0404,5.728,73.441,49.9794
06:44:30,BUS-05,100,0.6635,2.0474,5.7284,73.431,49.9812
06:44:40,BUS-05,100,0.6534,2.0637,5.7758,73.421,49.9833
06:44:50,BUS-05,100,0.6505,2.0198,5.7304,73.411,49.9815
06:45:00,BUS-05,100,0.6731,2.107,5.7653,73.4,49.9743
06:45:10,BUS-05,100,0.6799,2.0368,5.7481,73.391,49.9764
06:45:20,BUS-05,100,0.6685,2.0605,5.7517,73.38,49.9768
06:45:30,BUS-05,100,0.6737,2.056,5.7574,73.37,49.9733
06:45:40,BUS-05,100,0.6579,2.0601,5.733,73.36,49.9768
06:45:50,BUS-05,100,0.6537,2.0566,5.7526,73.35,49.9795
06:46:00,BUS-05,100,0.6797,2.0722,5.7734,73.34,49.974
06:46:10,BUS-05,100,0.6704,2.0526,5.782,73.33,49.9747
06:46:20,BUS-05,100,0.7116,2.0995,5.7566,73.32,49.9761
06:46:30,BUS-05,100,0.6933,2.0669,5.7749,73.31,49.983
06:46:40,BUS-05,100,0.6888,2.0684,5.7705,73.3,49.9839
06:46:50,BUS-05,100,0.6375,2.0671,5.7984,73.29,49.9813
06:47:00,BUS-05,100,0.6465,2.0987,5.7394,73.279,49.9812
06:47:10,BUS-05,100,0.6956,2.1545,5.7989,73.269,49.9767
06:47:20,BUS-05,100,0.7056,2.0767,5.751,73.259,49.9785
06:47:30,BUS-05,100,0.6713,2.123,5.786,73.249,49.983
06:47:40,BUS-05,100,0.6647,2.0767,5.8148,73.238,49.9895
06:47:50,BUS-05,100,0.7354,2.0736,5.7746,73.229,49.9903
06:48:00,BUS-05,100,0.7005,2.1119,5.7903,73.218,49.9942
06:48:10,BUS-05,100,0.7501,2.0635,5.7575,73.209,49.9975
06:48:20,BUS-05,100,0.6933,2.1112,5.7998,73.199,49.9951
06:48:30,BUS-05,100,0.7022,2.1326,5.8125,73.188,49.9908
06:48:40,BUS-05,100,0.7621,2.1262,5.8077,73.179,49.9878
06:48:50,BUS-05,100,0.7044,2.1344,5.8005,73.168,49.9916
06:49:00,BUS-05,100,0.716,2.1099,5.7703,73.158,49.995
06:49:10,BUS-05,100,0.7392,2.1818,5.832,73.148,49.9922
06:49:20,BUS-05,100,0.7403,2.1967,5.8457,73.137,49.9917
06:49:30,BUS-05,100,0.7118,2.1929,5.8047,73.127,49.9897
06:49:40,BUS-05,100,0.7028,2.1393,5.8096,73.116,49.9929
06:49:50,BUS-05,100,0.7656,2.1584,5.8049,73.106,49.9903
06:50:00,BUS-05,100,0.7302,2.1675,5.8283,73.096,49.9886
06:50:10,BUS-05,100,0.7698,2.1627,5.8143,73.086,49.9858
06:50:20,BUS-05,100,0.7423,2.1233,5.8406,73.076,49.983
06:50:30,BUS-05,100,0.7583,2.1933,5.8487,73.065,49.9893
06:50:40,BUS-05,100,0.7358,2.1964,5.8204,73.055,49.9829
06:50:50,BUS-05,100,0.7394,2.1673,5.7841,73.044,49.9822
06:51:00,BUS-05,100,0.7316,2.2279,5.8403,73.034,49.9789
06:51:10,BUS-05,100,0.7785,2.1355,5.8117,73.024,49.9844
06:51:20,BUS-05,100,0.7514,2.1563,5.8548,73.014,49.9768
06:51:30,BUS-05,100,0.7485,2.1952,5.8422,73.003,49.9735
06:51:40,BUS-05,100,0.7395,2.2441,5.7974,72.992,49.9716
06:51:50,BUS-05,100,0.7734,2.2223,5.8309,72.982,49.9818
06:52:00,BUS-05,100,0.7572,2.1914,5.7985,72.972,49.9853
06:52:10,BUS-05,100,0.781,2.2325,5.8178,72.961,49.9829
06:52:20,BUS-05,100,0.8196,2.2459,5.8494,72.951,49.9815
06:52:30,BUS-05,100,0.7674,2.2716,5.8188,72.94,49.9797
06:52:40,BUS-05,100,0.7822,2.2159,5.8258,72.93,49.9792
06:52:50,BUS-05,100,0.7567,2.1744,5.8571,72.919,49.9761
06:53:00,BUS-05,100,0.7705,2.2122,5.8593,72.909,49.979
06:53:10,BUS-05,100,0.7783,2.2083,5.8559,72.899,49.982
06:53:20,BUS-05,100,0.8007,2.2095,5.8729,72.888,49.9822
06:53:30,BUS-05,100,0.8182,2.2124,5.8264,72.878,49.9841
06:53:40,BUS-05,100,0.8217,2.2779,5.9001,72.868,49.9783
06:53:50,BUS-05,100,0.7826,2.2111,5.8728,72.858,49.9778
06:54:00,BUS-05,100,0.8043,2.2707,5.8697,72.847,49.9831
06:54:10,BUS-05,100,0.8747,2.301,5.8017,72.837,49.9842
06:54:20,BUS-05,100,0.787,2.2452,5.8661,72.826,49.9841
06:54:30,BUS-05,100,0.7879,2.2239,5.8597,72.816,49.9832
06:54:40,BUS-05,100,0.8407,2.1827,5.8584,72.806,49.9844
06:54:50,BUS-05,100,0.7963,2.2815,5.8956,72.795,49.9824
06:55:00,BUS-05,100,0.8344,2.3112,5.8548,72.785,49.9814
06:55:10,BUS-05,100,0.8388,2.3234,5.8267,72.774,49.9798
06:55:20,BUS-05,100,0.7825,2.2549,5.8814,72.763,49.985
06:55:30,BUS-05,100,0.8251,2.2629,5.9042,72.753,49.9952
06:55:40,BUS-05,100,0.8315,2.2468,5.8371,72.743,49.9895
06:55:50,BUS-05,100,0.8967,2.3016,5.8788,72.733,49.995
06:56:00,BUS-05,100,0.8453,2.2871,5.8491,72.722,49.9975
06:56:10,BUS-05,100,0.8898,2.2405,5.9146,72.712,49.9982
06:56:20,BUS-05,100,0.8828,2.3159,5.8977,72.702,49.9933
06:56:30,BUS-05,100,0.8744,2.3648,5.9136,72.691,49.9898
06:56:40,BUS-05,100,0.8157,2.2932,5.9264,72.681,49.9912
06:56:50,BUS-05,100,0.8226,2.3492,5.9157,72.67,49.9932
06:57:00,BUS-05,100,0.794,2.3082,5.9216,72.659,49.9962
06:57:10,BUS-05,100,0.8159,2.3453,5.9279,72.648,49.9887
06:57:20,BUS-05,100,0.8756,2.36,5.9119,72.637,49.9875
06:57:30,BUS-05,100,0.8577,2.3174,5.9088,72.626,49.9839
06:57:40,BUS-05,100,0.8932,2.3258,5.8836,72.616,49.9869
06:57:50,BUS-05,100,0.8422,2.4087,5.9409,72.605,49.9867
06:58:00,BUS-05,100,0.8166,2.3935,5.9471,72.593,49.99
06:58:10,BUS-05,100,0.8187,2.4032,5.9187,72.582,49.9863
06:58:20,BUS-05,100,0.9152,2.341,5.9394,72.572,49.985
06:58:30,BUS-05,100,0.8443,2.3807,5.9102,72.56,49.9795
06:58:40,BUS-05,100,0.9119,2.3684,5.9385,72.55,49.9799
06:58:50,BUS-05,100,0.8072,2.3132,5.934,72.539,49.9782
06:59:00,BUS-05,100,0.8643,2.3604,5.9702,72.528,49.9804
06:59:10,BUS-05,100,0.8746,2.3737,5.9733,72.517,49.9772
06:59:20,BUS-05,100,0.9134,2.3801,5.9518,72.507,49.9829
06:59:30,BUS-05,100,0.9256,2.3527,5.9368,72.497,49.9867
06:59:40,BUS-05,100,0.8874,2.426,5.9238,72.485,49.9847
06:59:50,BUS-05,100,0.8877,2.4212,5.9119,72.474,49.986
07:00:00,BUS-05,100,0.8984,2.3938,5.9401,72.464,49.9856
07:00:10,BUS-05,100,0.9051,2.3957,5.965,72.453,49.977
07:00:20,BUS-05,100,0.9073,2.384,5.9635,72.442,49.9744
07:00:30,BUS-05,100,0.9307,2.378,5.9786,72.432,49.9802
07:00:40,BUS-05,100,0.9367,2.4579,5.9783,72.421,49.9748
07:00:50,BUS-05,100,0.9457,2.4622,5.9512,72.41,49.9788
07:01:00,BUS-05,100,0.9554,2.4046,5.9215,72.399,49.985
07:01:10,BUS-05,100,0.9352,2.4609,5.961,72.388,49.9874
07:01:20,BUS-05,100,0.9598,2.4724,5.9229,72.377,49.9906
07:01:30,BUS-05,100,0.9356,2.4662,5.9761,72.366,49.985
07:01:40,BUS-05,100,0.9622,2.3907,5.9415,72.356,49.9927
07:01:50,BUS-05,100,0.9527,2.4784,5.9313,72.345,49.9932
07:02:00,BUS-05,100,0.9467,2.4714,5.9657,72.334,49.9951
07:02:10,BUS-05,100,0.9536,2.4935,6.0014,72.323,49.9964
07:02:20,BUS-05,100,0.9768,2.4645,5.9793,72.312,49.9965
07:02:30,BUS-05,100,0.9736,2.4429,5.9658,72.301,50.0003
07:02:40,BUS-05,100,0.9668,2.4955,5.983,72.29,49.9935
07:02:50,BUS-05,100,0.9438,2.5191,5.9855,72.279,49.9848
07:03:00,BUS-05,100,1.0143,2.4516,5.9717,72.269,49.9861
07:03:10,BUS-05,100,0.9704,2.4564,5.9566,72.258,49.9831
07:03:20,BUS-05,100,0.9431,2.4814,5.9568,72.247,49.9877
07:03:30,BUS-05,100,0.9494,2.4853,6.0254,72.236,49.9818
07:03:40,BUS-05,100,1.0135,2.4151,5.9798,72.226,49.978
07:03:50,BUS-05,100,0.9138,2.5797,6.032,72.214,49.9701
07:04:00,BUS-05,100,0.9619,2.5072,5.9709,72.202,49.9726
07:04:10,BUS-05,100,1.0236,2.5096,5.9943,72.192,49.9728
07:04:20,BUS-05,100,1.0408,2.5538,6.0025,72.181,49.9712
07:04:30,BUS-05,100,0.9676,2.4929,5.9837,72.17,49.9707
07:04:40,BUS-05,100,0.9313,2.454,6.0037,72.159,49.9691
07:04:50,BUS-05,100,0.9765,2.5673,6.0238,72.147,49.9691
07:05:00,BUS-05,100,0.9915,2.5541,6.0523,72.136,49.9705
07:05:10,BUS-05,100,0.9833,2.5185,6.0184,72.125,49.9657
07:05:20,BUS-05,100,1.0566,2.5254,6.0242,72.114,49.9669
07:05:30,BUS-05,100,1.0519,2.5743,6.0485,72.103,49.9628
07:05:40,BUS-05,100,1.0032,2.5444,6.006,72.092,49.9634
07:05:50,BUS-05,100,0.9401,2.5353,6.0234,72.081,49.9667
07:06:00,BUS-05,100,1.0101,2.5169,6.026,72.07,49.9783
07:06:10,BUS-05,100,1.0657,2.5423,6.0132,72.059,49.9761
07:06:20,BUS-05,100,1.0106,2.5404,6.037,72.048,49.9791
07:06:30,BUS-05,100,1.0167,2.538,6.0152,72.037,49.9799
07:06:40,BUS-05,100,1.0018,2.5684,6.0317,72.026,49.9768
07:06:50,BUS-05,100,1.0388,2.5352,6.0056,72.015,49.9774
07:07:00,BUS-05,100,1.0147,2.5553,6.0357,72.004,49.9769
07:07:10,BUS-05,100,1.0058,2.5749,6.0588,71.992,49.9827
07:07:20,BUS-05,100,1.0635,2.5912,6.0304,71.981,49.9844
07:07:30,BUS-05,100,1.1182,2.5946,6.0591,71.971,49.9888
07:07:40,BUS-05,100,1.0587,2.5808,6.0505,71.96,49.9965
07:07:50,BUS-05,100,1.0815,2.6407,6.0827,71.948,49.9972
07:08:00,BUS-05,100,1.0613,2.6132,6.1093,71.937,49.9933
07:08:10,BUS-05,100,1.0524,2.6203,6.0395,71.926,49.9975
07:08:20,BUS-05,100,1.028,2.6129,6.0454,71.914,49.9958
07:08:30,BUS-05,100,1.0509,2.6381,6.0501,71.903,49.9921
07:08:40,BUS-05,100,1.0419,2.6173,6.0741,71.892,49.9949
07:08:50,BUS-05,100,1.0239,2.6318,6.0331,71.88,49.9952
07:09:00,BUS-05,100,1.0648,2.6377,6.0431,71.869,49.992
07:09:10,BUS-05,100,1.1297,2.6084,6.0525,71.858,49.9911
07:09:20,BUS-05,100,1.0821,2.676,6.04,71.846,49.9931
07:09:30,BUS-05,100,1.1753,2.602,6.0509,71.836,49.9938
07:09:40,BUS-05,100,1.1057,2.6543,6.0764,71.825,49.9868
07:09:50,BUS-05,100,1.0987,2.6514,6.0599,71.814,49.987
07:10:00,BUS-05,100,1.0045,2.6236,6.0455,71.802,49.9895
07:10:10,BUS-05,100,1.1355,2.6457,6.0878,71.791,49.9884
07:10:20,BUS-05,100,1.1082,2.6575,6.067,71.78,49.9875
07:10:30,BUS-05,100,1.0808,2.7221,6.0809,71.768,49.9807
07:10:40,BUS-05,100,1.057,2.6952,6.1085,71.756,49.9838
07:10:50,BUS-05,100,1.0747,2.7608,6.0576,71.744,49.9856
07:11:00,BUS-05,100,1.1011,2.667,6.0881,71.733,49.9881
07:11:10,BUS-05,100,1.0812,2.6841,6.1018,71.721,49.9854
07:11:20,BUS-05,100,1.1239,2.7137,6.1237,71.71,49.989
07:11:30,BUS-05,100,1.0898,2.6265,6.0789,71.699,49.9883
07:11:40,BUS-05,100,1.1332,2.7416,6.1048,71.687,49.9865
07:11:50,BUS-05,100,1.101,2.7545,6.1291,71.675,49.9842
07:12:00,BUS-05,100,1.1605,2.728,6.1208,71.664,49.9864
07:12:10,BUS-05,100,1.0877,2.6928,6.0465,71.652,49.9855
07:12:20,BUS-05,100,1.1521,2.7345,6.104,71.641,49.9857
07:12:30,BUS-05,100,1.1223,2.7655,6.1677,71.629,49.9883
07:12:40,BUS-05,100,1.1569,2.7557,6.1209,71.617,49.9901
07:12:50,BUS-05,100,1.1316,2.7426,6.0806,71.606,49.9932
07:13:00,BUS-05,100,1.1537,2.7257,6.1151,71.594,49.9893
07:13:10,BUS-05,100,1.1496,2.7133,6.1532,71.583,49.992
07:13:20,BUS-05,100,1.1146,2.7648,6.1418,71.571,49.991
07:13:30,BUS-05,100,1.0708,2.8051,6.0946,71.559,49.9904
07:13:40,BUS-05,100,1.1584,2.7821,6.1517,71.547,49.9926
07:13:50,BUS-05,100,1.1255,2.7736,6.1634,71.535,49.9926
07:14:00,BUS-05,100,1.1505,2.7582,6.1615,71.523,49.9873
07:14:10,BUS-05,100,1.128,2.7472,6.1174,71.512,49.9849
07:14:20,BUS-05,100,1.1976,2.7616,6.1689,71.5,49.9883
07:14:30,BUS-05,100,1.1286,2.8351,6.1844,71.488,49.9878
07:14:40,BUS-05,100,1.1141,2.8719,6.1666,71.475,49.981
07:14:50,BUS-05,100,1.1309,2.7715,6.1301,71.464,49.9838
07:15:00,BUS-05,100,1.1661,2.6987,6.1572,71.452,49.9853
07:15:10,BUS-05,100,1.1758,2.8313,6.1387,71.44,49.9826
07:15:20,BUS-05,100,1.1579,2.7321,6.1655,71.429,49.9873
07:15:30,BUS-05,100,1.1703,2.8848,6.1832,71.417,49.9782
07:15:40,BUS-05,100,1.1389,2.8485,6.1693,71.404,49.9723
07:15:50,BUS-05,100,1.1433,2.8399,6.1487,71.392,49.972
07:16:00,BUS-05,100,1.1394,2.768,6.1551,71.38,49.9742
07:16:10,BUS-05,100,1.0982,2.7929,6.1492,71.368,49.9808
07:16:20,BUS-05,100,1.1509,2.8188,6.136,71.356,49.9825
07:16:30,BUS-05,100,1.1861,2.8325,6.1464,71.344,49.9861
07:16:40,BUS-05,100,1.1873,2.8068,6.1376,71.333,49.9939
07:16:50,BUS-05,100,1.1757,2.8493,6.1944,71.32,49.9931
07:17:00,BUS-05,100,1.2101,2.8476,6.1646,71.309,49.9934
07:17:10,BUS-05,100,1.1468,2.8374,6.1668,71.296,49.9901
07:17:20,BUS-05,100,1.2322,2.8402,6.1918,71.285,49.9916
07:17:30,BUS-05,100,1.127,2.9001,6.1957,71.272,49.9902
07:17:40,BUS-05,100,1.1671,2.8553,6.2189,71.26,49.9922
07:17:50,BUS-05,100,1.2123,2.9059,6.2163,71.248,49.9933
07:18:00,BUS-05,100,1.2609,2.943,6.1982,71.235,49.9927
07:18:10,BUS-05,100,1.2289,2.8794,6.214,71.223,49.9899
07:18:20,BUS-05,100,1.1958,2.8484,6.1847,71.212,49.9903
07:18:30,BUS-05,100,1.1538,2.8712,6.2056,71.199,49.9915
07:18:40,BUS-05,100,1.2459,2.8804,6.1849,71.187,49.9921
07:18:50,BUS-05,100,1.2165,2.973,6.257,71.175,49.9932
07:19:00,BUS-05,100,1.2386,2.8687,6.2307,71.163,49.9902
07:19:10,BUS-05,100,1.1992,2.885,6.2344,71.151,49.9936
07:19:20,BUS-05,100,1.2831,2.8663,6.2711,71.139,49.9942
07:19:30,BUS-05,100,1.2242,2.979,6.202,71.127,49.9898
07:19:40,BUS-05,100,1.2485,2.9176,6.2204,71.115,49.9926
07:19:50,BUS-05,100,1.2207,2.855,6.2453,71.103,49.9971
07:20:00,BUS-05,100,1.2477,2.914,6.2234,71.091,49.9944
07:20:10,BUS-05,100,1.2876,2.8549,6.2207,71.079,49.9917
07:20:20,BUS-05,100,1.2668,2.8235,6.1657,71.068,49.9959
07:20:30,BUS-05,100,1.2783,2.9977,6.1964,71.056,49.9896
07:20:40,BUS-05,100,1.2735,2.9872,6.2296,71.043,49.991
07:20:50,BUS-05,100,1.2986,2.9091,6.2516,71.032,49.9874
07:21:00,BUS-05,100,1.2362,2.8765,6.2661,71.02,49.9808
07:21:10,BUS-05,100,1.2312,2.8774,6.2432,71.008,49.9832
07:21:20,BUS-05,100,1.343,3.0487,6.2613,70.996,49.9846
07:21:30,BUS-05,100,1.2462,2.8828,6.2374,70.984,49.9836
07:21:40,BUS-05,100,1.2472,2.9061,6.2712,70.972,49.9798
07:21:50,BUS-05,100,1.2721,2.9871,6.2596,70.959,49.9781
07:22:00,BUS-05,100,1.2774,2.9436,6.2671,70.947,49.9722
07:22:10,BUS-05,100,1.3035,3.0188,6.2662,70.935,49.9742
07:22:20,BUS-05,100,1.3005,3.0694,6.2389,70.922,49.9691
07:22:30,BUS-05,100,1.3355,3.0169,6.2795,70.91,49.974
07:22:40,BUS-05,100,1.2432,2.9988,6.2243,70.897,49.971
07:22:50,BUS-05,100,1.2506,2.9784,6.2637,70.885,49.9725
07:23:00,BUS-05,100,1.3319,2.9154,6.2252,70.874,49.9778
07:23:10,BUS-05,100,1.3342,3.01,6.2889,70.861,49.9759
07:23:20,BUS-05,100,1.3506,3.0162,6.2659,70.849,49.9771
07:23:30,BUS-05,100,1.3426,3.0344,6.2634,70.837,49.978
07:23:40,BUS-05,100,1.3016,2.9822,6.2806,70.825,49.9761
07:23:50,BUS-05,100,1.3153,3.0282,6.2847,70.813,49.976
07:24:00,BUS-05,100,1.3673,3.0934,6.2942,70.8,49.9739
07:24:10,BUS-05,100,1.3205,3.0149,6.2686,70.788,49.9738
07:24:20,BUS-05,100,1.2326,2.974,6.3185,70.775,49.9746
07:24:30,BUS-05,100,1.3494,2.9981,6.2915,70.763,49.9746
07:24:40,BUS-05,100,1.3238,3.0066,6.2321,70.751,49.9742
07:24:50,BUS-05,100,1.3303,3.0559,6.3113,70.739,49.9646
07:25:00,BUS-05,100,1.3463,3.0491,6.2859,70.727,49.9677
07:25:10,BUS-05,100,1.324,3.0073,6.3508,70.714,49.9674
07:25:20,BUS-05,100,1.3251,3.1409,6.3176,70.701,49.9653
07:25:30,BUS-05,100,1.3199,3.0884,6.3555,70.689,49.9632
07:25:40,BUS-05,100,1.2889,3.1146,6.295,70.675,49.9572
07:25:50,BUS-05,100,1.3741,3.0816,6.2686,70.663,49.9593
07:26:00,BUS-05,100,1.3792,3.0858,6.2982,70.651,49.9612
07:26:10,BUS-05,100,1.3561,3.106,6.3184,70.638,49.958
07:26:20,BUS-05,100,1.3994,3.0263,6.2842,70.626,49.9633
07:26:30,BUS-05,100,1.4138,3.0983,6.3121,70.614,49.9559
07:26:40,BUS-05,100,1.3049,3.1673,6.297,70.601,49.9554
07:26:50,BUS-05,100,1.2736,3.0942,6.3179,70.588,49.9516
07:27:00,BUS-05,100,1.3879,3.1077,6.3538,70.575,49.957
07:27:10,BUS-05,100,1.4053,3.1375,6.3249,70.563,49.9552
07:27:20,BUS-05,100,1.4701,3.2551,6.3537,70.55,49.9601
07:27:30,BUS-05,100,1.365,3.1594,6.3291,70.537,49.9694
07:27:40,BUS-05,100,1.4728,3.1147,6.3376,70.525,49.9638
07:27:50,BUS-05,100,1.3604,3.0435,6.3255,70.513,49.9645
07:28:00,BUS-05,100,1.3586,3.1349,6.3145,70.5,49.9644
07:28:10,BUS-05,100,1.3359,3.1132,6.3142,70.487,49.9683
07:28:20,BUS-05,100,1.3787,3.1674,6.3793,70.474,49.9679
07:28:30,BUS-05,100,1.3203,3.1446,6.2822,70.461,49.9703
07:28:40,BUS-05,100,1.3849,3.1562,6.355,70.448,49.9661
07:28:50,BUS-05,100,1.488,3.1336,6.394,70.436,49.967
07:29:00,BUS-05,100,1.3818,3.2168,6.396,70.423,49.9627
07:29:10,BUS-05,100,1.4169,3.1499,6.3265,70.411,49.9644
07:29:20,BUS-05,100,1.3728,3.143,6.3549,70.398,49.9592
07:29:30,BUS-05,100,1.4842,3.2487,6.3676,70.385,49.9609
07:29:40,BUS-05,100,1.4764,3.193,6.3506,70.373,49.9644
07:29:50,BUS-05,100,1.4698,3.1545,6.3466,70.36,49.9765
07:30:00,BUS-05,100,1.4591,3.0799,6.3632,70.349,49.9772
07:30:10,BUS-05,100,1.4305,3.24,6.3273,70.336,49.9698
07:30:20,BUS-05,100,1.381,3.1832,6.3465,70.323,49.9718
07:30:30,BUS-05,100,1.3704,3.1728,6.3699,70.31,49.9709
07:30:40,BUS-05,100,1.494,3.2221,6.3557,70.297,49.9717
07:30:50,BUS-05,100,1.4548,3.2914,6.4041,70.284,49.9735
07:31:00,BUS-05,100,1.4857,3.2717,6.4065,70.271,49.9771
07:31:10,BUS-05,100,1.4187,3.1649,6.3885,70.258,49.9772
07:31:20,BUS-05,100,1.4613,3.2111,6.3778,70.246,49.9774
07:31:30,BUS-05,100,1.4872,3.1362,6.3606,70.234,49.981
07:31:40,BUS-05,100,1.4709,3.2424,6.3481,70.221,49.9796
07:31:50,BUS-05,100,1.4304,3.1644,6.3725,70.208,49.9863
07:32:00,BUS-05,100,1.411,3.2099,6.4106,70.196,49.9828
07:32:10,BUS-05,100,1.3381,3.1303,6.4046,70.183,49.9849
07:32:20,BUS-05,100,1.5078,3.2054,6.3448,70.17,49.9892
07:32:30,BUS-05,100,1.517,3.2306,6.394,70.158,49.9853
07:32:40,BUS-05,100,1.4592,3.2891,6.396,70.145,49.9784
07:32:50,BUS-05,100,1.4984,3.1823,6.4298,70.133,49.9731
07:33:00,BUS-05,100,1.4788,3.1707,6.399,70.12,49.9677
07:33:10,BUS-05,100,1.5295,3.3047,6.4138,70.108,49.973
07:33:20,BUS-05,100,1.4929,3.2641,6.4078,70.095,49.976
07:33:30,BUS-05,100,1.5,3.3167,6.4363,70.082,49.9802
07:33:40,BUS-05,100,1.4558,3.3001,6.3953,70.068,49.9779
07:33:50,BUS-05,100,1.4834,3.2563,6.3927,70.055,49.982
07:34:00,BUS-05,100,1.4887,3.4337,6.4679,70.041,49.9845
07:34:10,BUS-05,100,1.4852,3.1548,6.3591,70.029,49.9928
07:34:20,BUS-05,100,1.4587,3.3206,6.4448,70.016,49.9873
07:34:30,BUS-05,100,1.5116,3.1946,6.4077,70.004,49.9858
07:34:40,BUS-05,100,1.6642,3.3252,6.4417,69.992,49.9867
07:34:50,BUS-05,100,1.4758,3.292,6.4813,69.979,49.9851
07:35:00,BUS-05,100,1.5518,3.3078,6.5045,69.966,49.9841
07:35:10,BUS-05,100,1.5408,3.2206,6.4426,69.954,49.9866
07:35:20,BUS-05,100,1.4652,3.2507,6.449,69.941,49.9835
07:35:30,BUS-05,100,1.4712,3.2497,6.4747,69.928,49.9852
07:35:40,BUS-05,100,1.4908,3.2859,6.5156,69.915,49.9813
07:35:50,BUS-05,100,1.5225,3.342,6.5152,69.902,49.9847
07:36:00,BUS-05,100,1.4628,3.3798,6.4554,69.888,49.9823
07:36:10,BUS-05,100,1.4752,3.3081,6.4333,69.875,49.9811
07:36:20,BUS-05,100,1.5361,3.346,6.4176,69.862,49.9753
07:36:30,BUS-05,100,1.567,3.3088,6.4568,69.849,49.9782
07:36:40,BUS-05,100,1.5168,3.1708,6.4451,69.837,49.9762
07:36:50,BUS-05,100,1.5225,3.2791,6.5346,69.825,49.9726
07:37:00,BUS-05,100,1.5365,3.3796,6.4703,69.811,49.9718
07:37:10,BUS-05,100,1.5295,3.3575,6.501,69.798,49.9724
07:37:20,BUS-05,100,1.5657,3.3937,6.4824,69.785,49.9781
07:37:30,BUS-05,100,1.4723,3.306,6.4776,69.772,49.9751
07:37:40,BUS-05,100,1.6075,3.3795,6.4556,69.759,49.9737
07:37:50,BUS-05,100,1.6152,3.4022,6.4888,69.746,49.9719
07:38:00,BUS-05,100,1.5779,3.4366,6.4338,69.733,49.9713
07:38:10,BUS-05,100,1.596,3.4379,6.4767,69.719,49.9725
07:38:20,BUS-05,100,1.5638,3.3111,6.512,69.707,49.9736
07:38:30,BUS-05,100,1.6396,3.3165,6.5109,69.695,49.975
07:38:40,BUS-05,100,1.5907,3.3325,6.4904,69.682,49.9794
07:38:50,BUS-05,100,1.5615,3.3106,6.4538,69.669,49.9813
07:39:00,BUS-05,100,1.5913,3.3156,6.5082,69.657,49.9774
07:39:10,BUS-05,100,1.4955,3.3329,6.5406,69.644,49.9729
07:39:20,BUS-05,100,1.5856,3.3525,6.4735,69.631,49.9751
07:39:30,BUS-05,100,1.5972,3.4561,6.4639,69.617,49.976
07:39:40,BUS-05,100,1.4597,3.3144,6.5037,69.604,49.9753
07:39:50,BUS-05,100,1.6658,3.4447,6.4988,69.591,49.9753
07:40:00,BUS-05,100,1.6709,3.4344,6.5231,69.578,49.9724
07:40:10,BUS-05,100,1.5842,3.4022,6.4927,69.565,49.9755
07:40:20,BUS-05,100,1.6353,3.3636,6.5015,69.553,49.9766
07:40:30,BUS-05,100,1.6301,3.4153,6.535,69.54,49.9745
07:40:40,BUS-05,100,1.6807,3.4471,6.5381,69.527,49.9801
07:40:50,BUS-05,100,1.6177,3.4189,6.5951,69.514,49.977
07:41:00,BUS-05,100,1.6418,3.4215,6.4856,69.501,49.9827
07:41:10,BUS-05,100,1.5986,3.3939,6.4915,69.488,49.978
07:41:20,BUS-05,100,1.6836,3.4134,6.5224,69.476,49.9816
07:41:30,BUS-05,100,1.5426,3.4452,6.5486,69.462,49.9819
07:41:40,BUS-05,100,1.6366,3.3913,6.5143,69.449,49.9823
07:41:50,BUS-05,100,1.5964,3.3996,6.5459,69.436,49.9775
07:42:00,BUS-05,100,1.6481,3.4733,6.5271,69.423,49.9765
07:42:10,BUS-05,100,1.5438,3.5638,6.5648,69.409,49.979
07:42:20,BUS-05,100,1.6131,3.4649,6.5131,69.395,49.9797
07:42:30,BUS-05,100,1.6355,3.3926,6.5607,69.383,49.9739
07:42:40,BUS-05,100,1.4741,3.5263,6.5716,69.368,49.9645
07:42:50,BUS-05,100,1.6523,3.4828,6.5684,69.355,49.9698
07:43:00,BUS-05,100,1.7384,3.5204,6.5697,69.342,49.9712
07:43:10,BUS-05,100,1.6461,3.3939,6.583,69.329,49.9674
07:43:20,BUS-05,100,1.6825,3.6041,6.5596,69.315,49.9612
07:43:30,BUS-05,100,1.6684,3.4871,6.5814,69.302,49.9682
07:43:40,BUS-05,100,1.7296,3.3502,6.528,69.29,49.9695
07:43:50,BUS-05,100,1.651,3.5666,6.5335,69.276,49.9615
07:44:00,BUS-05,100,1.7126,3.4987,6.5556,69.264,49.9705
07:44:10,BUS-05,100,1.7515,3.4745,6.5954,69.251,49.9702
07:44:20,BUS-05,100,1.6849,3.5147,6.5756,69.238,49.9688
07:44:30,BUS-05,100,1.6417,3.4813,6.5535,69.225,49.9689
07:44:40,BUS-05,100,1.6831,3.5251,6.5676,69.211,49.9687
07:44:50,BUS-05,100,1.7694,3.5003,6.5505,69.199,49.9708
07:45:00,BUS-05,100,1.718,3.5,6.5682,69.186,49.9701
07:45:10,BUS-05,100,1.6957,3.5053,6.5881,69.173,49.9721
07:45:20,BUS-05,100,1.6361,3.4357,6.5988,69.16,49.9622
07:45:30,BUS-05,100,1.7592,3.5839,6.612,69.147,49.964
07:45:40,BUS-05,100,1.6898,3.5266,6.5641,69.133,49.959
07:45:50,BUS-05,100,1.7456,3.5004,6.5679,69.121,49.9685
07:46:00,BUS-05,100,1.7158,3.5547,6.5436,69.107,49.9653
07:46:10,BUS-05,100,1.6311,3.4981,6.5895,69.094,49.9649
07:46:20,BUS-05,100,1.6988,3.5316,6.5679,69.081,49.9684
07:46:30,BUS-05,100,1.6245,3.5915,6.6155,69.067,49.9679
07:46:40,BUS-05,100,1.6312,3.5054,6.582,69.053,49.9723
07:46:50,BUS-05,100,1.7554,3.5921,6.5987,69.04,49.9731
07:47:00,BUS-05,100,1.7382,3.6062,6.6077,69.026,49.9694
07:47:10,BUS-05,100,1.7321,3.5862,6.6002,69.013,49.971
07:47:20,BUS-05,100,1.6762,3.5535,6.6376,68.999,49.9656
07:47:30,BUS-05,100,1.7388,3.529,6.6071,68.986,49.9618
07:47:40,BUS-05,100,1.8838,3.5218,6.5674,68.975,49.9611
07:47:50,BUS-05,100,1.792,3.6192,6.6166,68.961,49.9522
07:48:00,BUS-05,100,1.6725,3.6188,6.6075,68.947,49.956
07:48:10,BUS-05,100,1.7206,3.5217,6.5751,68.934,49.9579
07:48:20,BUS-05,100,1.718,3.6974,6.6504,68.92,49.9547
07:48:30,BUS-05,100,1.8139,3.5771,6.6218,68.907,49.9583
07:48:40,BUS-05,100,1.756,3.5889,6.6173,68.894,49.9585
07:48:50,BUS-05,100,1.7147,3.6765,6.6233,68.88,49.9567
07:49:00,BUS-05,100,1.7741,3.6203,6.5898,68.867,49.9636
07:49:10,BUS-05,100,1.7467,3.6066,6.6323,68.853,49.9636
07:49:20,BUS-05,100,1.7731,3.4902,6.581,68.841,49.9672
07:49:30,BUS-05,100,1.843,3.5934,6.6387,68.828,49.9664
07:49:40,BUS-05,100,1.7219,3.5893,6.6239,68.815,49.9625
07:49:50,BUS-05,100,1.8104,3.674,6.6623,68.801,49.9611
07:50:00,BUS-05,100,1.7339,3.6003,6.6141,68.788,49.9643
07:50:10,BUS-05,100,1.8414,3.5258,6.6397,68.775,49.9605
07:50:20,BUS-05,100,1.7745,3.531,6.6216,68.763,49.9606
07:50:30,BUS-05,100,1.7732,3.4983,6.6089,68.75,49.9626
07:50:40,BUS-05,100,1.8343,3.6148,6.6456,68.737,49.9606
07:50:50,BUS-05,100,1.8049,3.5595,6.7037,68.725,49.9652
07:51:00,BUS-05,100,1.8105,3.6727,6.623,68.711,49.9707
07:51:10,BUS-05,100,1.7616,3.6845,6.6846,68.697,49.9681
07:51:20,BUS-05,100,1.8638,3.6422,6.6533,68.685,49.9649
07:51:30,BUS-05,100,1.782,3.6042,6.6761,68.671,49.9582
07:51:40,BUS-05,100,1.7468,3.6465,6.6368,68.658,49.9538
07:51:50,BUS-05,100,1.7969,3.7131,6.6758,68.644,49.9546
07:52:00,BUS-05,100,1.8175,3.6414,6.666,68.631,49.9608
07:52:10,BUS-05,100,1.7445,3.6908,6.6597,68.617,49.9612
07:52:20,BUS-05,100,1.809,3.652,6.6535,68.603,49.9615
07:52:30,BUS-05,100,1.7846,3.7,6.6858,68.59,49.9573
07:52:40,BUS-05,100,1.8026,3.7041,6.6491,68.576,49.9599
07:52:50,BUS-05,100,1.8794,3.6436,6.6658,68.563,49.9664
07:53:00,BUS-05,100,1.7356,3.6424,6.6871,68.549,49.9672
07:53:10,BUS-05,100,1.9342,3.7166,6.692,68.536,49.9711
07:53:20,BUS-05,100,1.8937,3.6024,6.6985,68.524,49.9761
07:53:30,BUS-05,100,1.8562,3.7014,6.6583,68.511,49.9806
07:53:40,BUS-05,100,1.8932,3.7024,6.6445,68.498,49.9777
07:53:50,BUS-05,100,1.8445,3.6937,6.6965,68.484,49.9797
07:54:00,BUS-05,100,1.859,3.6317,6.6661,68.471,49.9848
07:54:10,BUS-05,100,1.783,3.6602,6.7364,68.458,49.9862
07:54:20,BUS-05,100,1.8879,3.6044,6.6598,68.446,49.9908
07:54:30,BUS-05,100,1.7932,3.6606,6.6926,68.432,49.9849
07:54:40,BUS-05,100,1.859,3.7183,6.6947,68.419,49.9876
07:54:50,BUS-05,100,1.9343,3.6227,6.659,68.406,49.9934
07:55:00,BUS-05,100,1.884,3.7837,6.7462,68.393,49.9901
07:55:10,BUS-05,100,1.7742,3.5558,6.682,68.38,49.993
07:55:20,BUS-05,100,1.9466,3.6419,6.65,68.368,49.9946
07:55:30,BUS-05,100,1.9136,3.6598,6.6369,68.355,49.9996
07:55:40,BUS-05,100,1.8495,3.7114,6.6958,68.342,49.9894
07:55:50,BUS-05,100,1.8439,3.6136,6.7079,68.329,49.9958
07:56:00,BUS-05,100,1.9092,3.745,6.7269,68.316,49.9948
07:56:10,BUS-05,100,1.8595,3.6419,6.6799,68.303,49.9972
07:56:20,BUS-05,100,1.9486,3.6837,6.681,68.29,50.002
07:56:30,BUS-05,100,1.9174,3.6655,6.682,68.277,50.0008
07:56:40,BUS-05,100,1.9187,3.7445,6.7844,68.264,49.9981
07:56:50,BUS-05,100,1.9362,3.7883,6.7888,68.251,50.0
07:57:00,BUS-05,100,1.8542,3.7763,6.7204,68.237,49.9983
07:57:10,BUS-05,100,1.9114,3.688,6.707,68.224,49.9991
07:57:20,BUS-05,100,1.9459,3.6946,6.7295,68.212,49.9913
07:57:30,BUS-05,100,1.918,3.7238,6.7582,68.199,49.9803
07:57:40,BUS-05,100,1.8573,3.6309,6.6972,68.186,49.9831
07:57:50,BUS-05,100,1.7836,3.7052,6.7321,68.172,49.9794
07:58:00,BUS-05,100,1.8952,3.7667,6.7357,68.158,49.9808
07:58:10,BUS-05,100,1.8721,3.6948,6.6995,68.145,49.9889
07:58:20,BUS-05,100,1.9211,3.8013,6.7112,68.132,49.9931
07:58:30,BUS-05,100,1.9386,3.7642,6.7334,68.118,49.9914
07:58:40,BUS-05,100,1.9183,3.6957,6.743,68.106,49.9893
07:58:50,BUS-05,100,1.847,3.7349,6.7307,68.092,49.9856
07:59:00,BUS-05,100,2.0039,3.6922,6.7411,68.08,49.989
07:59:10,BUS-05,100,1.9088,3.7018,6.691,68.067,49.9909
07:59:20,BUS-05,100,1.9393,3.766,6.7354,68.054,49.9875
07:59:30,BUS-05,100,1.9498,3.6884,6.6938,68.041,49.983
07:59:40,BUS-05,100,1.8999,3.8267,6.7698,68.027,49.9723
07:59:50,BUS-05,100,1.7415,3.7088,6.7734,68.013,49.9722
08:00:00,BUS-05,100,2.044,3.7728,6.747,68.0,49.9752
08:00:10,BUS-05,100,1.9578,3.6995,6.7471,67.988,49.9816
08:00:20,BUS-05,100,1.8378,3.766,6.716,67.974,49.9778
08:00:30,BUS-05,100,1.9116,3.8019,6.722,67.96,49.9798
08:00:40,BUS-05,100,1.8894,3.8652,6.8268,67.946,49.9792
08:00:50,BUS-05,100,1.9095,3.7744,6.7758,67.933,49.9829
08:01:00,BUS-05,100,1.8487,3.8126,6.7022,67.918,49.9822
08:01:10,BUS-05,100,1.9697,3.8715,6.7732,67.905,49.9808
08:01:20,BUS-05,100,1.8996,3.7949,6.7498,67.891,49.9871
08:01:30,BUS-05,100,2.0528,3.6715,6.7689,67.879,49.9957
08:01:40,BUS-05,100,1.9221,3.8018,6.8075,67.866,49.9949
08:01:50,BUS-05,100,2.0707,3.8184,6.7759,67.853,49.9919
08:02:00,BUS-05,100,1.8925,3.8269,6.7458,67.839,49.9821
08:02:10,BUS-05,100,2.0094,3.7808,6.7517,67.826,49.9829
08:02:20,BUS-05,100,1.9908,3.7716,6.7689,67.813,49.9848
08:02:30,BUS-05,100,2.0038,3.7764,6.7777,67.801,49.9827
08:02:40,BUS-05,100,2.0884,3.7528,6.7564,67.789,49.9838
08:02:50,BUS-05,100,1.9738,3.74,6.7591,67.776,49.983
08:03:00,BUS-05,100,1.9282,3.7493,6.7684,67.763,49.9823
08:03:10,BUS-05,100,2.0741,3.8167,6.7059,67.75,49.9818
08:03:20,BUS-05,100,1.8929,3.7792,6.7999,67.736,49.9749
08:03:30,BUS-05,100,1.9672,3.8208,6.7685,67.723,49.9733
08:03:40,BUS-05,100,2.0372,3.6912,6.8057,67.711,49.9749
08:03:50,BUS-05,100,2.0714,3.7319,6.7855,67.699,49.9729
08:04:00,BUS-05,100,2.0583,3.7379,6.7388,67.687,49.9718
08:04:10,BUS-05,100,2.0457,3.7861,6.8096,67.674,49.9737
08:04:20,BUS-05,100,1.8612,3.8426,6.7339,67.66,49.97
08:04:30,BUS-05,100,2.0604,3.7757,6.7359,67.648,49.9687
08:04:40,BUS-05,100,2.0082,3.807,6.7843,67.635,49.9753
08:04:50,BUS-05,100,2.1343,3.8303,6.7686,67.623,49.9751
08:05:00,BUS-05,100,2.0469,3.7452,6.807,67.61,49.9799
08:05:10,BUS-05,100,1.991,3.8007,6.7426,67.597,49.9757
08:05:20,BUS-05,100,2.1197,3.811,6.7133,67.585,49.9682
08:05:30,BUS-05,100,1.9418,3.8851,6.7594,67.571,49.9678
08:05:40,BUS-05,100,2.0905,3.8513,6.8025,67.558,49.9718
08:05:50,BUS-05,100,2.0802,3.8109,6.8087,67.546,49.9804
08:06:00,BUS-05,100,1.9994,3.7718,6.7773,67.533,49.9791
08:06:10,BUS-05,100,2.0145,3.8147,6.788,67.52,49.9816
08:06:20,BUS-05,100,2.0549,3.8325,6.754,67.507,49.9843
08:06:30,BUS-05,100,2.0787,3.9033,6.808,67.494,49.9852
08:06:40,BUS-05,100,2.1057,3.8761,6.7833,67.481,49.9864
08:06:50,BUS-05,100,2.0764,3.7216,6.7709,67.469,49.9862
08:07:00,BUS-05,100,1.9512,3.9541,6.8422,67.455,49.9818
08:07:10,BUS-05,100,2.1458,3.8728,6.7622,67.442,49.9798
08:07:20,BUS-05,100,2.0536,3.8544,6.8016,67.429,49.986
08:07:30,BUS-05,100,2.1023,3.8313,6.7941,67.417,49.9853
08:07:40,BUS-05,100,2.0755,3.7826,6.7972,67.404,49.9834
08:07:50,BUS-05,100,1.9879,3.7412,6.8012,67.392,49.9846
08:08:00,BUS-05,100,2.0695,3.7682,6.8472,67.38,49.9808
08:08:10,BUS-05,100,2.1935,3.7349,6.7918,67.368,49.9796
08:08:20,BUS-05,100,2.0656,3.8104,6.8199,67.356,49.9815
08:08:30,BUS-05,100,2.0354,3.8098,6.8394,67.343,49.9895
08:08:40,BUS-05,100,2.0766,3.8354,6.8032,67.33,49.9901
08:08:50,BUS-05,100,2.0375,3.8968,6.7888,67.317,49.9882
08:09:00,BUS-05,100,2.2142,3.9041,6.8123,67.305,49.9892
08:09:10,BUS-05,100,2.0849,3.9107,6.8378,67.291,49.9833
08:09:20,BUS-05,100,2.0935,3.8599,6.8122,67.279,49.9897
08:09:30,BUS-05,100,2.1313,3.7295,6.8444,67.267,49.9907
08:09:40,BUS-05,100,2.0992,3.8315,6.8117,67.255,49.9902
08:09:50,BUS-05,100,2.1227,3.7524,6.836,67.243,49.9894
08:10:00,BUS-05,100,2.0471,3.9718,6.7995,67.229,49.9815
08:10:10,BUS-05,100,2.077,3.797,6.8367,67.217,49.9841
08:10:20,BUS-05,100,2.0258,3.7607,6.8393,67.204,49.9764
08:10:30,BUS-05,100,2.0288,3.9124,6.8256,67.19,49.9688
08:10:40,BUS-05,100,2.1939,3.8996,6.8274,67.178,49.9729
08:10:50,BUS-05,100,2.0967,3.8563,6.814,67.165,49.9809
08:11:00,BUS-05,100,2.105,3.7742,6.8082,67.153,49.976
08:11:10,BUS-05,100,2.0568,3.9018,6.8798,67.14,49.9792
08:11:20,BUS-05,100,2.0664,3.8611,6.8105,67.127,49.9766
08:11:30,BUS-05,100,2.0632,3.7662,6.8082,67.115,49.9772
08:11:40,BUS-05,100,2.0691,3.8753,6.8513,67.102,49.9841
08:11:50,BUS-05,100,2.1071,3.8923,6.8121,67.089,49.9911
08:12:00,BUS-05,100,2.2208,3.946,6.8052,67.076,49.9874
08:12:10,BUS-05,100,2.2192,3.9497,6.8244,67.064,49.9863
08:12:20,BUS-05,100,2.1075,3.8539,6.803,67.051,49.985
08:12:30,BUS-05,100,2.1904,3.8182,6.8321,67.039,49.9823
08:12:40,BUS-05,100,2.2124,3.8497,6.8479,67.028,49.986
08:12:50,BUS-05,100,2.2117,3.88,6.8327,67.016,49.9847
08:13:00,BUS-05,100,2.1526,3.7922,6.8143,67.004,49.988
08:13:10,BUS-05,100,2.1026,3.8702,6.811,66.991,49.9915
08:13:20,BUS-05,100,2.1727,3.8677,6.8113,66.979,49.9952
08:13:30,BUS-05,100,2.0531,3.7874,6.793,66.966,49.9924
08:13:40,BUS-05,100,2.2739,3.8763,6.7806,66.955,49.9841
08:13:50,BUS-05,100,2.2633,3.8636,6.8253,66.943,49.9854
08:14:00,BUS-05,100,2.223,3.8752,6.8381,66.931,49.9913
08:14:10,BUS-05,100,2.1571,3.7745,6.7971,66.919,49.9918
08:14:20,BUS-05,100,2.1563,3.8314,6.8436,66.907,49.9876
08:14:30,BUS-05,100,2.1217,3.8241,6.8285,66.895,49.984
08:14:40,BUS-05,100,2.2135,3.9691,6.846,66.882,49.9892
08:14:50,BUS-05,100,2.2243,3.7226,6.7755,66.872,49.9882
08:15:00,BUS-05,100,2.3204,3.7847,6.7936,66.861,49.9821
08:15:10,BUS-05,100,2.2489,3.9144,6.8243,66.849,49.9732
08:15:20,BUS-05,100,2.1945,3.8174,6.8087,66.837,49.9778
08:15:30,BUS-05,100,2.3074,3.8288,6.8069,66.826,49.9722
08:15:40,BUS-05,100,2.13,3.8747,6.7994,66.814,49.9683
08:15:50,BUS-05,100,2.1742,3.8565,6.8593,66.802,49.9737
08:16:00,BUS-05,100,2.1931,3.8502,6.8314,66.79,49.976
08:16:10,BUS-05,100,2.293,3.7768,6.8382,66.779,49.9798
08:16:20,BUS-05,100,2.2828,3.7683,6.8342,66.768,49.9888
08:16:30,BUS-05,100,2.2292,3.7631,6.8277,66.757,49.9877
08:16:40,BUS-05,100,2.2628,3.8337,6.8316,66.746,49.9851
08:16:50,BUS-05,100,2.2389,3.8072,6.8121,66.734,49.9891
08:17:00,BUS-05,100,2.1752,3.8858,6.831,66.722,49.9855
08:17:10,BUS-05,100,2.186,3.9194,6.7995,66.709,49.9899
08:17:20,BUS-05,100,2.3022,3.8375,6.7968,66.698,49.9943
08:17:30,BUS-05,100,2.3026,3.7754,6.8361,66.688,49.9891
08:17:40,BUS-05,100,2.2451,3.816,6.8712,66.676,49.9969
08:17:50,BUS-05,100,2.155,3.895,6.844,66.664,49.9949
08:18:00,BUS-05,100,2.3423,3.84,6.8323,66.653,49.9897
08:18:10,BUS-05,100,2.2029,3.853,6.8012,66.641,49.9944
08:18:20,BUS-05,100,2.2623,3.8469,6.792,66.63,49.9852
08:18:30,BUS-05,100,2.3134,3.7885,6.8396,66.619,49.9903
08:18:40,BUS-05,100,2.1117,3.8587,6.8311,66.606,49.9874
08:18:50,BUS-05,100,2.3573,3.9126,6.8501,66.595,49.9982
08:19:00,BUS-05,100,2.1968,3.8915,6.8078,66.583,49.9955
08:19:10,BUS-05,100,2.1882,3.8959,6.8207,66.571,49.9932
08:19:20,BUS-05,100,2.3046,3.8158,6.8343,66.56,49.9922
08:19:30,BUS-05,100,2.3722,3.7842,6.8486,66.549,49.9901
08:19:40,BUS-05,100,2.11,3.967,6.8509,66.536,49.9803
08:19:50,BUS-05,100,2.2476,3.9101,6.8211,66.524,49.9842
08:20:00,BUS-05,100,2.1997,3.8742,6.7596,66.512,49.9874
08:20:10,BUS-05,100,2.4131,3.7304,6.7897,66.502,49.9919
08:20:20,BUS-05,100,2.3625,3.9691,6.8262,66.491,49.9926
08:20:30,BUS-05,100,2.3274,3.8761,6.8502,66.48,49.9856
08:20:40,BUS-05,100,2.3847,3.8284,6.8077,66.469,49.9921
08:20:50,BUS-05,100,2.3109,3.8032,6.8184,66.458,49.9935
08:21:00,BUS-05,100,2.343,3.8313,6.8622,66.448,49.9944
08:21:10,BUS-05,100,2.2405,3.8514,6.8625,66.436,49.9848
08:21:20,BUS-05,100,2.281,3.8172,6.7903,66.425,49.9844
08:21:30,BUS-05,100,2.1245,3.8132,6.8216,66.413,49.9809
08:21:40,BUS-05,100,2.3426,3.9434,6.8444,66.401,49.9812
08:21:50,BUS-05,100,2.26,3.8776,6.8315,66.39,49.9803
08:22:00,BUS-05,100,2.3216,3.9802,6.8673,66.378,49.9721
08:22:10,BUS-05,100,2.251,3.9856,6.8495,66.365,49.9865
08:22:20,BUS-05,100,2.2816,3.8915,6.807,66.353,49.9864
08:22:30,BUS-05,100,2.1713,3.7695,6.8085,66.342,49.9909
08:22:40,BUS-05,100,2.3508,3.8529,6.8346,66.331,49.9887
08:22:50,BUS-05,100,2.2943,3.8246,6.8371,66.32,49.9881
08:23:00,BUS-05,100,2.2394,3.7691,6.8393,66.309,49.9842
08:23:10,BUS-05,100,2.4411,3.9102,6.8578,66.298,49.9862
08:23:20,BUS-05,100,2.4176,3.8349,6.8382,66.288,49.9872
08:23:30,BUS-05,100,2.3402,3.8099,6.7977,66.277,49.9943
08:23:40,BUS-05,100,2.3005,3.826,6.8873,66.266,49.9966
08:23:50,BUS-05,100,2.1448,3.8064,6.8645,66.254,49.9962
08:24:00,BUS-05,100,2.3311,3.7242,6.7604,66.244,49.9978
08:24:10,BUS-05,100,2.3833,3.8629,6.8027,66.234,49.9965
08:24:20,BUS-05,100,2.3078,3.7798,6.8043,66.223,49.9974
08:24:30,BUS-05,100,2.3843,3.9077,6.8841,66.212,49.9865
08:24:40,BUS-05,100,2.319,3.8293,6.7836,66.201,49.9868
08:24:50,BUS-05,100,2.1815,3.8301,6.8849,66.189,49.9806
08:25:00,BUS-05,100,2.3395,3.8926,6.8653,66.178,49.9779
08:25:10,BUS-05,100,2.3828,3.8136,6.7985,66.168,49.9825
08:25:20,BUS-05,100,2.2138,3.8626,6.8018,66.156,49.9862
08:25:30,BUS-05,100,2.323,3.777,6.8521,66.145,49.9911
08:25:40,BUS-05,100,2.4152,3.8345,6.826,66.135,49.9928
08:25:50,BUS-05,100,2.2067,3.6983,6.8325,66.124,49.9816
08:26:00,BUS-05,100,2.3699,3.7971,6.822,66.114,49.9835
08:26:10,BUS-05,100,2.2711,3.75,6.8674,66.103,49.975
08:26:20,BUS-05,100,2.2846,3.8622,6.8532,66.092,49.9736
08:26:30,BUS-05,100,2.3432,3.9019,6.872,66.081,49.9754
08:26:40,BUS-05,100,2.3359,3.7022,6.803,66.071,49.9783
08:26:50,BUS-05,100,2.4584,3.9302,6.8045,66.06,49.9785
08:27:00,BUS-05,100,2.4435,3.8547,6.8145,66.05,49.9776
08:27:10,BUS-05,100,2.3928,3.7146,6.8482,66.04,49.983
08:27:20,BUS-05,100,2.4633,3.8349,6.8101,66.03,49.9802
08:27:30,BUS-05,100,2.4379,3.8707,6.8426,66.02,49.9766
08:27:40,BUS-05,100,2.4599,3.847,6.8098,66.01,49.9783
08:27:50,BUS-05,100,2.537,3.82,6.797,66.001,49.9808
08:28:00,BUS-05,100,2.3189,3.815,6.8244,65.99,49.9797
08:28:10,BUS-05,100,2.4223,3.8503,6.8928,65.98,49.9852
08:28:20,BUS-05,100,2.3541,3.7791,6.8244,65.969,49.987
08:28:30,BUS-05,100,2.3743,3.799,6.8287,65.959,49.989
08:28:40,BUS-05,100,2.4046,3.6612,6.8465,65.95,49.9919
08:28:50,BUS-05,100,2.3645,3.7535,6.8061,65.94,49.9945
08:29:00,BUS-05,100,2.4636,3.7923,6.8187,65.93,49.9973
08:29:10,BUS-05,100,2.5071,3.719,6.7941,65.922,49.9956
08:29:20,BUS-05,100,2.4998,3.9015,6.8102,65.912,49.988
08:29:30,BUS-05,100,2.379,3.7671,6.8452,65.902,49.9798
08:29:40,BUS-05,100,2.457,3.8257,6.8267,65.892,49.9788
08:29:50,BUS-05,100,2.3619,3.816,6.8114,65.881,49.977
08:30:00,BUS-05,100,2.4637,3.8178,6.8015,65.871,49.9734
08:30:10,BUS-05,100,2.3726,3.879,6.813,65.861,49.9733
08:30:20,BUS-05,100,2.4442,3.8468,6.789,65.85,49.9737
08:30:30,BUS-05,100,2.5149,3.7575,6.7718,65.841,49.9794
08:30:40,BUS-05,100,2.4356,3.8616,6.8271,65.831,49.9735
08:30:50,BUS-05,100,2.4128,3.7321,6.812,65.822,49.9731
08:31:00,BUS-05,100,2.329,3.7375,6.8066,65.811,49.9754
08:31:10,BUS-05,100,2.5031,3.8349,6.82,65.802,49.9797
08:31:20,BUS-05,100,2.4398,3.8389,6.8296,65.792,49.9753
08:31:30,BUS-05,100,2.4393,3.6027,6.789,65.783,49.9798
08:31:40,BUS-05,100,2.5238,3.833,6.8007,65.774,49.9792
08:31:50,BUS-05,100,2.4207,3.8217,6.8399,65.764,49.9769
08:32:00,BUS-05,100,2.6315,3.7907,6.7463,65.755,49.9796
08:32:10,BUS-05,100,2.5746,3.7926,6.8472,65.747,49.9789
08:32:20,BUS-05,100,2.4295,3.8559,6.7844,65.736,49.9751
08:32:30,BUS-05,100,2.5386,3.782,6.7699,65.727,49.9806
08:32:40,BUS-05,100,2.3757,3.7043,6.773,65.718,49.9734
08:32:50,BUS-05,100,2.4745,3.6549,6.8161,65.709,49.978
08:33:00,BUS-05,100,2.4393,3.7436,6.824,65.7,49.9773
08:33:10,BUS-05,100,2.4978,3.7256,6.7867,65.691,49.9776
08:33:20,BUS-05,100,2.4101,3.7428,6.7654,65.681,49.9815
08:33:30,BUS-05,100,2.3937,3.7655,6.8363,65.671,49.9875
08:33:40,BUS-05,100,2.4668,3.69,6.7979,65.662,49.9842
08:33:50,BUS-05,100,2.702,3.7586,6.8204,65.655,49.9807
08:34:00,BUS-05,100,2.5282,3.6993,6.8095,65.646,49.9836
08:34:10,BUS-05,100,2.4943,3.7552,6.8052,65.637,49.9827
08:34:20,BUS-05,100,2.3984,3.7978,6.7765,65.627,49.9793
08:34:30,BUS-05,100,2.4529,3.6714,6.8564,65.618,49.9864
08:34:40,BUS-05,100,2.4255,3.8026,6.7768,65.608,49.9847
08:34:50,BUS-05,100,2.6191,3.7483,6.8125,65.6,49.9899
08:35:00,BUS-05,100,2.3696,3.7121,6.8019,65.591,49.9789
08:35:10,BUS-05,100,2.6245,3.7514,6.7889,65.582,49.9805
08:35:20,BUS-05,100,2.6111,3.731,6.7551,65.574,49.9809
08:35:30,BUS-05,100,2.563,3.7762,6.757,65.566,49.9819
08:35:40,BUS-05,100,2.3993,3.7117,6.7932,65.556,49.9728
08:35:50,BUS-05,100,2.5806,3.685,6.7816,65.548,49.9824
08:36:00,BUS-05,100,2.4929,3.8099,6.7635,65.539,49.9834
08:36:10,BUS-05,100,2.5168,3.7128,6.805,65.53,49.9841
08:36:20,BUS-05,100,2.5533,3.5958,6.7788,65.522,49.9828
08:36:30,BUS-05,100,2.5177,3.7235,6.7558,65.514,49.9797
08:36:40,BUS-05,100,2.4967,3.7301,6.7497,65.505,49.9818
08:36:50,BUS-05,100,2.4719,3.7745,6.7818,65.495,49.9861
08:37:00,BUS-05,100,2.5435,3.7254,6.7841,65.487,49.9901
08:37:10,BUS-05,100,2.6104,3.7642,6.8274,65.479,49.9928
08:37:20,BUS-05,100,2.6627,3.6501,6.7259,65.471,49.9944
08:37:30,BUS-05,100,2.5467,3.7146,6.7669,65.463,49.9986
08:37:40,BUS-05,100,2.5839,3.6879,6.7889,65.455,49.9903
08:37:50,BUS-05,100,2.6793,3.6264,6.7612,65.448,49.9986
08:38:00,BUS-05,100,2.5851,3.5906,6.7853,65.441,49.9977
08:38:10,BUS-05,100,2.4791,3.6612,6.7529,65.432,49.994
08:38:20,BUS-05,100,2.52,3.7758,6.7825,65.423,49.9896
08:38:30,BUS-05,100,2.5433,3.6031,6.7537,65.416,49.9909
08:38:40,BUS-05,100,2.6799,3.6566,6.7227,65.409,49.9933
08:38:50,BUS-05,100,2.6433,3.6441,6.7632,65.401,49.9899
08:39:00,BUS-05,100,2.6287,3.6642,6.7589,65.394,49.9885
08:39:10,BUS-05,100,2.6179,3.615,6.8069,65.387,49.9851
08:39:20,BUS-05,100,2.5741,3.6597,6.7628,65.379,49.9876
08:39:30,BUS-05,100,2.5904,3.6633,6.7377,65.371,49.9847
08:39:40,BUS-05,100,2.6876,3.6166,6.7396,65.364,49.9841
08:39:50,BUS-05,100,2.6556,3.6281,6.7278,65.357,49.9922
08:40:00,BUS-05,100,2.612,3.6815,6.7743,65.35,49.9894
08:40:10,BUS-05,100,2.6717,3.577,6.7187,65.343,49.992
08:40:20,BUS-05,100,2.6759,3.7349,6.7173,65.335,49.9946
08:40:30,BUS-05,100,2.5685,3.6278,6.7942,65.328,49.9965
08:40:40,BUS-05,100,2.6146,3.5339,6.7721,65.321,49.9967
08:40:50,BUS-05,100,2.5135,3.6355,6.7311,65.313,49.9927
08:41:00,BUS-05,100,2.6217,3.5918,6.7544,65.306,49.992
08:41:10,BUS-05,100,2.8076,3.5479,6.7471,65.301,49.9995
08:41:20,BUS-05,100,2.4498,3.5578,6.7493,65.293,49.9907
08:41:30,BUS-05,100,2.7314,3.7513,6.781,65.285,49.9892
08:41:40,BUS-05,100,2.63,3.6925,6.7592,65.278,49.9936
08:41:50,BUS-05,100,2.5366,3.5854,6.7755,65.27,49.9926
08:42:00,BUS-05,100,2.5039,3.5438,6.6713,65.263,49.9944
08:42:10,BUS-05,100,2.6011,3.7174,6.8026,65.255,49.9958
08:42:20,BUS-05,100,2.5542,3.5331,6.7314,65.247,50.0057
08:42:30,BUS-05,100,2.6603,3.6037,6.7719,65.241,50.0087
08:42:40,BUS-05,100,2.6173,3.6141,6.7469,65.233,50.0059
08:42:50,BUS-05,100,2.6581,3.6776,6.7156,65.226,50.0113
08:43:00,BUS-05,100,2.7925,3.6318,6.7329,65.22,50.0164
08:43:10,BUS-05,100,2.5944,3.5508,6.7406,65.213,50.0117
08:43:20,BUS-05,100,2.5364,3.583,6.7524,65.206,50.0053
08:43:30,BUS-05,100,2.5435,3.6399,6.6949,65.198,50.0014
08:43:40,BUS-05,100,2.9493,3.56,6.6915,65.193,50.006
08:43:50,BUS-05,100,2.564,3.5558,6.7292,65.186,49.9925
08:44:00,BUS-05,100,2.7862,3.5701,6.7245,65.18,49.9879
08:44:10,BUS-05,100,2.5078,3.6561,6.6961,65.172,49.9865
08:44:20,BUS-05,100,2.7915,3.6082,6.7207,65.166,49.9904
08:44:30,BUS-05,100,2.697,3.5385,6.7086,65.16,49.9947
08:44:40,BUS-05,100,2.7079,3.566,6.6688,65.154,49.9974
08:44:50,BUS-05,100,2.6222,3.574,6.7486,65.147,49.9975
08:45:00,BUS-05,100,2.7873,3.5848,6.6953,65.141,49.9944
08:45:10,BUS-05,100,2.6886,3.5106,6.7018,65.135,49.9941
08:45:20,BUS-05,100,2.68,3.4955,6.7221,65.129,49.992
08:45:30,BUS-05,100,2.7849,3.544,6.6488,65.124,49.9935
08:45:40,BUS-05,100,2.5734,3.5463,6.755,65.117,49.9946
08:45:50,BUS-05,100,2.7308,3.5513,6.6405,65.111,49.9899
08:46:00,BUS-05,100,2.6756,3.5195,6.7052,65.105,49.9835
08:46:10,BUS-05,100,2.7526,3.5637,6.721,65.099,49.9908
08:46:20,BUS-05,100,2.7107,3.5237,6.669,65.093,49.9932
08:46:30,BUS-05,100,2.7794,3.6127,6.6805,65.087,49.9918
08:46:40,BUS-05,100,2.7771,3.7441,6.7568,65.08,49.9938
08:46:50,BUS-05,100,2.7274,3.5876,6.6725,65.074,49.9975
08:47:00,BUS-05,100,2.5843,3.5701,6.7216,65.067,49.9969
08:47:10,BUS-05,100,2.8752,3.4438,6.7002,65.063,49.9964
08:47:20,BUS-05,100,2.744,3.4967,6.7533,65.057,49.9912
08:47:30,BUS-05,100,2.872,3.578,6.6991,65.052,49.995
08:47:40,BUS-05,100,2.7037,3.5274,6.6926,65.046,49.9958
08:47:50,BUS-05,100,2.6113,3.5081,6.7093,65.04,49.9932
08:48:00,BUS-05,100,2.7584,3.4878,6.6498,65.035,49.9943
08:48:10,BUS-05,100,2.6698,3.4614,6.6744,65.029,49.9921
08:48:20,BUS-05,100,2.6435,3.5673,6.7096,65.022,49.9821
08:48:30,BUS-05,100,2.7274,3.4793,6.7157,65.017,49.9954
08:48:40,BUS-05,100,2.8198,3.5324,6.6973,65.012,49.996
08:48:50,BUS-05,100,2.6828,3.4647,6.7185,65.006,49.9929
08:49:00,BUS-05,100,2.6943,3.578,6.6776,65.0,49.9963
08:49:10,BUS-05,100,2.7213,3.5488,6.673,64.994,50.0004
08:49:20,BUS-05,100,2.749,3.4726,6.6504,64.988,50.0014
08:49:30,BUS-05,100,2.8971,3.4114,6.5985,64.985,50.0014
08:49:40,BUS-05,100,2.5186,3.36,6.7101,64.979,49.9943
08:49:50,BUS-05,100,2.7317,3.3909,6.6869,64.974,49.9887
08:50:00,BUS-05,100,2.789,3.4946,6.704,64.969,49.9941
08:50:10,BUS-05,100,2.715,3.5269,6.6374,64.963,49.9873
08:50:20,BUS-05,100,2.9208,3.3748,6.6394,64.96,49.9913
08:50:30,BUS-05,100,2.9418,3.4757,6.673,64.956,49.9885
08:50:40,BUS-05,100,2.7592,3.4781,6.6792,64.951,49.979
08:50:50,BUS-05,100,2.7355,3.4188,6.6522,64.946,49.9818
08:51:00,BUS-05,100,2.72,3.5151,6.6646,64.94,49.9823
08:51:10,BUS-05,100,2.8383,3.4532,6.674,64.935,49.9844
08:51:20,BUS-05,100,2.6591,3.4107,6.6827,64.93,49.9836
08:51:30,BUS-05,100,2.7313,3.4176,6.6481,64.925,49.9839
08:51:40,BUS-05,100,2.8145,3.4323,6.6774,64.921,49.9786
08:51:50,BUS-05,100,2.7162,3.4691,6.658,64.915,49.9842
08:52:00,BUS-05,100,2.6915,3.5127,6.6508,64.909,49.991
08:52:10,BUS-05,100,2.8603,3.3223,6.5915,64.906,49.9942
08:52:20,BUS-05,100,2.6303,3.4164,6.6375,64.9,49.9929
08:52:30,BUS-05,100,2.9227,3.4101,6.5999,64.897,49.9966
08:52:40,BUS-05,100,2.7978,3.3706,6.6072,64.893,49.9999
08:52:50,BUS-05,100,2.8855,3.3626,6.613,64.889,50.0007
08:53:00,BUS-05,100,2.703,3.5238,6.591,64.883,49.997
08:53:10,BUS-05,100,2.8616,3.3945,6.5802,64.879,50.0045
08:53:20,BUS-05,100,2.8812,3.4508,6.6831,64.875,50.0027
08:53:30,BUS-05,100,2.7392,3.4033,6.5711,64.87,50.0025
08:53:40,BUS-05,100,2.9042,3.4816,6.6299,64.866,50.001
08:53:50,BUS-05,100,2.9892,3.4243,6.565,64.863,49.9996
08:54:00,BUS-05,100,2.7976,3.2861,6.5979,64.86,49.9922
08:54:10,BUS-05,100,2.7873,3.4105,6.6441,64.855,49.987
08:54:20,BUS-05,100,2.8487,3.375,6.5667,64.851,49.9928
08:54:30,BUS-05,100,3.0491,3.3338,6.5528,64.849,49.9953
08:54:40,BUS-05,100,2.7833,3.365,6.5919,64.845,49.987
08:54:50,BUS-05,100,2.8347,3.3736,6.5507,64.841,49.9905
08:55:00,BUS-05,100,2.9076,3.2932,6.6167,64.838,49.991
08:55:10,BUS-05,100,2.7174,3.3833,6.5769,64.833,49.9904
08:55:20,BUS-05,100,2.9513,3.3773,6.5815,64.83,50.0023
08:55:30,BUS-05,100,2.8724,3.3964,6.5202,64.827,50.0038
08:55:40,BUS-05,100,2.8741,3.3365,6.5622,64.823,50.0056
08:55:50,BUS-05,100,2.9481,3.3956,6.5735,64.82,50.0052
08:56:00,BUS-05,100,2.8659,3.3309,6.6198,64.817,50.0089
08:56:10,BUS-05,100,2.7744,3.3214,6.6106,64.813,50.0034
08:56:20,BUS-05,100,2.885,3.3534,6.5859,64.809,50.0055
08:56:30,BUS-05,100,2.7696,3.332,6.5847,64.805,50.0009
08:56:40,BUS-05,100,2.8312,3.3547,6.6134,64.802,49.999
08:56:50,BUS-05,100,2.8859,3.307,6.5432,64.798,49.9986
08:57:00,BUS-05,100,2.8215,3.2496,6.5878,64.795,49.9949
08:57:10,BUS-05,100,2.8349,3.2648,6.5602,64.792,49.9978
08:57:20,BUS-05,100,2.9475,3.345,6.5477,64.789,49.9912
08:57:30,BUS-05,100,2.9953,3.2672,6.5601,64.787,49.9928
08:57:40,BUS-05,100,2.8475,3.3986,6.5781,64.783,49.9903
08:57:50,BUS-05,100,2.9921,3.295,6.5722,64.781,49.9971
08:58:00,BUS-05,100,2.8536,3.3073,6.5457,64.778,49.994
08:58:10,BUS-05,100,2.9183,3.2181,6.5409,64.776,49.9993
08:58:20,BUS-05,100,2.8921,3.2723,6.5544,64.773,49.9992
08:58:30,BUS-05,100,2.8158,3.3839,6.5771,64.769,49.9982
08:58:40,BUS-05,100,2.873,3.2936,6.5291,64.766,49.9954
08:58:50,BUS-05,100,3.0243,3.3213,6.5455,64.764,49.9944
08:59:00,BUS-05,100,2.9876,3.3081,6.5446,64.762,49.9954
08:59:10,BUS-05,100,2.7985,3.3229,6.5003,64.758,49.9934
08:59:20,BUS-05,100,2.831,3.1763,6.5443,64.755,49.9895
08:59:30,BUS-05,100,2.8791,3.32,6.5303,64.752,49.9886
08:59:40,BUS-05,100,2.9204,3.2538,6.5136,64.75,49.992
08:59:50,BUS-05,100,2.865,3.224,6.5147,64.747,49.9955
09:00:00,BUS-05,100,2.8921,3.3307,6.4986,64.744,50.0003
09:00:10,BUS-05,100,2.958,3.2211,6.5099,64.742,50.0039
09:00:20,BUS-05,100,2.9246,3.3517,6.5101,64.739,50.0026
09:00:30,BUS-05,100,2.9963,3.3288,6.4724,64.736,50.0047
09:00:40,BUS-05,100,2.882,3.2614,6.541,64.734,50.005
09:00:50,BUS-05,100,2.9448,3.2032,6.5096,64.732,50.0092
09:01:00,BUS-05,100,2.8346,3.2199,6.4801,64.729,50.0039
09:01:10,BUS-05,100,2.9397,3.2801,6.5075,64.727,49.9988
09:01:20,BUS-05,100,2.6428,3.1654,6.5508,64.723,50.0013
09:01:30,BUS-05,100,2.872,3.1526,6.4886,64.721,50.0044
09:01:40,BUS-05,100,2.8924,3.1788,6.4825,64.719,50.0027
09:01:50,BUS-05,100,2.9198,3.2266,6.497,64.717,49.9989
09:02:00,BUS-05,100,3.0705,3.1322,6.4725,64.716,49.9948
09:02:10,BUS-05,100,2.9818,3.2249,6.5198,64.714,49.9942
09:02:20,BUS-05,100,2.9414,3.1504,6.4692,64.713,49.9956
09:02:30,BUS-05,100,3.0639,3.1721,6.4594,64.712,49.9943
09:02:40,BUS-05,100,2.9335,3.1835,6.4756,64.71,49.9938
09:02:50,BUS-05,100,2.9667,3.2107,6.5138,64.708,49.9962
09:03:00,BUS-05,100,3.1034,3.1484,6.4774,64.708,49.997
09:03:10,BUS-05,100,2.9332,3.1925,6.5168,64.706,49.9869
09:03:20,BUS-05,100,2.892,3.1448,6.4743,64.704,49.9923
09:03:30,BUS-05,100,3.1135,3.2673,6.4687,64.703,49.9969
09:03:40,BUS-05,100,2.8499,3.2091,6.4802,64.701,49.9953
09:03:50,BUS-05,100,2.9917,3.1467,6.4811,64.7,49.9921
09:04:00,BUS-05,100,2.8566,3.2259,6.5126,64.697,49.9908
09:04:10,BUS-05,100,2.8824,3.1808,6.4868,64.695,49.9883
09:04:20,BUS-05,100,2.88,3.2435,6.4478,64.692,49.9885
09:04:30,BUS-05,100,3.0062,3.1397,6.4295,64.691,49.9919
09:04:40,BUS-05,100,2.9671,3.2479,6.4851,64.689,49.9902
09:04:50,BUS-05,100,2.9656,3.1457,6.4198,64.688,49.9959
09:05:00,BUS-05,100,3.0776,3.1761,6.4329,64.687,49.9998
09:05:10,BUS-05,100,2.8358,3.1368,6.4588,64.685,49.9968
09:05:20,BUS-05,100,3.0035,3.1736,6.4172,64.684,49.9969
09:05:30,BUS-05,100,3.0053,3.127,6.4327,64.683,50.0024
09:05:40,BUS-05,100,2.9862,3.1019,6.4237,64.682,50.0003
09:05:50,BUS-05,100,2.8564,3.0188,6.4429,64.681,49.9949
09:06:00,BUS-05,100,3.0137,3.1135,6.3972,64.68,50.0006
09:06:10,BUS-05,100,3.0372,3.1659,6.4616,64.679,49.9974
09:06:20,BUS-05,100,2.9049,3.0433,6.4324,64.678,49.9966
09:06:30,BUS-05,100,2.8174,3.0963,6.4289,64.676,49.994
09:06:40,BUS-05,100,3.1328,3.218,6.3855,64.676,49.9971
09:06:50,BUS-05,100,2.9085,3.1127,6.4297,64.674,49.9967
09:07:00,BUS-05,100,3.0373,3.0747,6.3902,64.674,49.9976
09:07:10,BUS-05,100,3.0694,3.1592,6.3871,64.673,49.996
09:07:20,BUS-05,100,3.0705,3.0931,6.4359,64.673,50.0005
09:07:30,BUS-05,100,2.9221,3.102,6.4383,64.672,50.0066
09:07:40,BUS-05,100,3.1443,3.1148,6.3803,64.672,50.0025
09:07:50,BUS-05,100,3.1336,3.0496,6.3749,64.673,49.9983
09:08:00,BUS-05,100,3.0875,3.1377,6.4388,64.672,49.9955
09:08:10,BUS-05,100,3.0724,3.0045,6.3923,64.673,49.9965
09:08:20,BUS-05,100,2.9591,3.0482,6.3564,64.672,49.9959
09:08:30,BUS-05,100,3.0078,3.0806,6.3746,64.672,50.0001
09:08:40,BUS-05,100,3.0748,3.0222,6.3213,64.672,50.0064
09:08:50,BUS-05,100,3.0976,3.0539,6.3495,64.672,50.0002
09:09:00,BUS-05,100,2.9692,3.0734,6.4242,64.672,49.996
09:09:10,BUS-05,100,2.9682,2.998,6.3451,64.671,49.9881
09:09:20,BUS-05,100,3.2029,2.9811,6.3184,64.673,49.9971
09:09:30,BUS-05,100,3.1202,3.1204,6.3856,64.673,49.9943
09:09:40,BUS-05,100,2.9841,3.0452,6.3449,64.673,49.9872
09:09:50,BUS-05,100,3.0232,3.0239,6.3848,64.673,49.9863
09:10:00,BUS-05,100,3.1384,2.9725,6.3473,64.674,49.9878
09:10:10,BUS-05,100,3.0594,2.966,6.3042,64.675,49.9853
09:10:20,BUS-05,100,3.0579,3.011,6.3562,64.675,49.9896
09:10:30,BUS-05,100,3.0093,2.9627,6.3186,64.675,49.9809
09:10:40,BUS-05,100,3.2047,3.0613,6.3439,64.677,49.9871
09:10:50,BUS-05,100,3.1138,3.0257,6.3165,64.677,49.9811
09:11:00,BUS-05,100,3.1793,3.0481,6.3246,64.678,49.9846
09:11:10,BUS-05,100,3.0249,2.9745,6.2881,64.679,49.9817
09:11:20,BUS-05,100,3.0355,2.994,6.3773,64.679,49.9826
09:11:30,BUS-05,100,3.0151,3.0095,6.2971,64.679,49.9863
09:11:40,BUS-05,100,3.1055,3.0257,6.3406,64.68,49.9878
09:11:50,BUS-05,100,3.0414,3.0394,6.3829,64.68,49.9843
09:12:00,BUS-05,100,3.2229,2.9718,6.3169,64.682,49.9862
09:12:10,BUS-05,100,3.1466,2.9388,6.2917,64.683,49.9863
09:12:20,BUS-05,100,3.1221,3.0312,6.3093,64.684,49.9785
09:12:30,BUS-05,100,2.9814,2.9186,6.3029,64.684,49.9781
09:12:40,BUS-05,100,3.0227,2.9563,6.2986,64.685,49.9731
09:12:50,BUS-05,100,2.9722,2.9893,6.3275,64.685,49.9773
09:13:00,BUS-05,100,3.1288,2.927,6.286,64.686,49.9792
09:13:10,BUS-05,100,3.1456,2.8978,6.2727,64.688,49.9876
09:13:20,BUS-05,100,2.9077,2.9908,6.2882,64.688,49.9816
09:13:30,BUS-05,100,3.0526,3.0096,6.2495,64.688,49.988
09:13:40,BUS-05,100,3.1621,2.9353,6.2155,64.69,49.9913
09:13:50,BUS-05,100,3.1873,2.9339,6.2887,64.692,49.998
09:14:00,BUS-05,100,3.0949,2.8485,6.2563,64.694,50.002
09:14:10,BUS-05,100,3.0721,2.9427,6.3024,64.695,50.0011
09:14:20,BUS-05,100,3.386,2.8831,6.2595,64.699,50.0062
09:14:30,BUS-05,100,3.1272,2.8776,6.2321,64.701,50.0021
09:14:40,BUS-05,100,3.1506,2.8392,6.1953,64.703,50.0026
09:14:50,BUS-05,100,3.0972,2.8086,6.2754,64.705,50.0021
09:15:00,BUS-05,100,3.1839,2.8439,6.2407,64.708,50.0017
09:15:10,BUS-05,100,3.2233,2.8875,6.2733,64.71,50.0041
09:15:20,BUS-05,100,3.1065,2.8597,6.2417,64.712,49.9984
09:15:30,BUS-05,100,3.0917,2.8683,6.2654,64.714,50.0014
09:15:40,BUS-05,100,3.1499,2.9142,6.2539,64.716,50.006
09:15:50,BUS-05,100,3.1876,2.919,6.2441,64.718,50.009
09:16:00,BUS-05,100,3.0064,2.8199,6.2594,64.72,50.0153
09:16:10,BUS-05,100,3.1292,2.8883,6.3144,64.721,50.0128
09:16:20,BUS-05,100,3.1413,2.817,6.2051,64.724,50.0126
09:16:30,BUS-05,100,3.0832,2.8065,6.2223,64.726,50.0098
09:16:40,BUS-05,100,3.0405,2.8919,6.2786,64.727,50.0092
09:16:50,BUS-05,100,3.0465,2.8912,6.2598,64.728,49.9967
09:17:00,BUS-05,100,3.1012,2.8702,6.2199,64.73,50.0033
09:17:10,BUS-05,100,3.0606,2.8495,6.2181,64.732,50.0043
09:17:20,BUS-05,100,3.2637,2.8194,6.1703,64.735,50.0077
09:17:30,BUS-05,100,3.243,2.8662,6.2004,64.738,50.0034
09:17:40,BUS-05,100,3.1423,2.835,6.2291,64.741,50.0031
09:17:50,BUS-05,100,3.3661,2.8078,6.1768,64.745,50.0034
09:18:00,BUS-05,100,3.3975,2.9081,6.1883,64.749,50.003
09:18:10,BUS-05,100,3.2818,2.7752,6.1679,64.753,50.0042
09:18:20,BUS-05,100,3.3059,2.8337,6.2435,64.756,50.0067
09:18:30,BUS-05,100,3.2196,2.8614,6.2088,64.759,50.0051
09:18:40,BUS-05,100,3.2619,2.8598,6.1945,64.762,50.0098
09:18:50,BUS-05,100,3.2983,2.8367,6.1494,64.766,50.0093
09:19:00,BUS-05,100,3.2403,2.8729,6.192,64.769,50.0061
09:19:10,BUS-05,100,3.0239,2.786,6.1585,64.771,50.0036
09:19:20,BUS-05,100,3.1788,2.8008,6.1769,64.774,50.0098
09:19:30,BUS-05,100,3.163,2.804,6.144,64.776,50.0075
09:19:40,BUS-05,100,3.2102,2.8257,6.1789,64.779,50.0051
09:19:50,BUS-05,100,3.1268,2.763,6.2026,64.782,50.0058
09:20:00,BUS-05,100,3.0618,2.765,6.2196,64.784,50.0024
09:20:10,BUS-05,100,3.3149,2.7385,6.1682,64.789,50.0049
09:20:20,BUS-05,100,3.0516,2.7638,6.2225,64.791,50.0
09:20:30,BUS-05,100,3.2597,2.7587,6.1472,64.795,50.0016
09:20:40,BUS-05,100,3.2534,2.7735,6.149,64.799,50.0107
09:20:50,BUS-05,100,3.1464,2.7488,6.1135,64.802,50.0039
09:21:00,BUS-05,100,3.0331,2.7796,6.1831,64.804,50.0079
09:21:10,BUS-05,100,3.1035,2.7361,6.1505,64.807,50.0089
09:21:20,BUS-05,100,3.1456,2.7907,6.1469,64.81,50.0068
09:21:30,BUS-05,100,3.1592,2.7289,6.0991,64.813,50.0006
09:21:40,BUS-05,100,3.2001,2.7086,6.1882,64.817,50.0058
09:21:50,BUS-05,100,3.2624,2.8026,6.1285,64.82,50.013
09:22:00,BUS-05,100,3.4503,2.7068,6.0957,64.826,50.0114
09:22:10,BUS-05,100,3.3701,2.7136,6.129,64.831,50.0077
09:22:20,BUS-05,100,3.1125,2.7038,6.131,64.834,50.0057
09:22:30,BUS-05,100,3.1495,2.6694,6.1419,64.838,50.0033
09:22:40,BUS-05,100,3.2589,2.7313,6.1001,64.842,50.0061
09:22:50,BUS-05,100,3.1793,2.7279,6.0978,64.846,49.9999
09:23:00,BUS-05,100,3.2491,2.7131,6.0641,64.85,50.0057
09:23:10,BUS-05,100,3.2811,2.6918,6.1043,64.854,50.0026
09:23:20,BUS-05,100,3.1351,2.6802,6.0722,64.858,50.006
09:23:30,BUS-05,100,3.2071,2.7332,6.0802,64.862,50.0024
09:23:40,BUS-05,100,3.1671,2.6591,6.0506,64.866,50.0043
09:23:50,BUS-05,100,3.3334,2.7348,6.0621,64.87,50.0111
09:24:00,BUS-05,100,3.1934,2.5878,6.09,64.875,50.0102
09:24:10,BUS-05,100,3.2484,2.6562,6.0432,64.88,50.0103
09:24:20,BUS-05,100,3.1493,2.7455,6.1193,64.883,50.0088
09:24:30,BUS-05,100,3.2616,2.6379,6.0658,64.888,50.0176
09:24:40,BUS-05,100,3.2921,2.7071,6.0902,64.892,50.0171
09:24:50,BUS-05,100,3.2455,2.6522,6.0756,64.897,50.0201
09:25:00,BUS-05,100,3.1512,2.6774,6.1054,64.9,50.0175
09:25:10,BUS-05,100,3.3044,2.6895,6.047,64.905,50.016
09:25:20,BUS-05,100,3.4122,2.6672,6.0801,64.911,50.0169
09:25:30,BUS-05,100,3.3933,2.6341,6.049,64.917,50.0124
09:25:40,BUS-05,100,3.3425,2.5998,6.02,64.923,50.0142
09:25:50,BUS-05,100,3.2364,2.6087,6.0268,64.928,50.0064
09:26:00,BUS-05,100,3.3591,2.6002,6.0251,64.933,50.0137
09:26:10,BUS-05,100,3.3055,2.619,6.032,64.939,50.0103
09:26:20,BUS-05,100,3.3094,2.6594,6.0249,64.944,50.0094
09:26:30,BUS-05,100,3.2285,2.6804,6.019,64.948,50.0086
09:26:40,BUS-05,100,3.3005,2.5954,6.0413,64.954,50.0087
09:26:50,BUS-05,100,3.157,2.6175,6.0627,64.958,49.9976
09:27:00,BUS-05,100,3.4417,2.5882,5.9923,64.964,50.0023
09:27:10,BUS-05,100,3.2711,2.6289,6.0023,64.969,50.0007
09:27:20,BUS-05,100,3.4084,2.6281,6.0535,64.975,50.001
09:27:30,BUS-05,100,3.327,2.5773,5.964,64.981,49.995
09:27:40,BUS-05,100,3.4455,2.6773,5.965,64.987,50.0013
09:27:50,BUS-05,100,3.3483,2.6005,6.0115,64.993,50.0022
09:28:00,BUS-05,100,3.2931,2.5522,5.9936,64.999,49.9983
09:28:10,BUS-05,100,3.2336,2.5984,5.9972,65.004,49.997
09:28:20,BUS-05,100,3.4047,2.5807,5.9989,65.01,50.0013
09:28:30,BUS-05,100,3.2795,2.5208,5.9711,65.016,50.0047
09:28:40,BUS-05,100,3.2214,2.5558,5.9853,65.021,50.0094
09:28:50,BUS-05,100,3.3813,2.5406,5.991,65.028,50.0158
09:29:00,BUS-05,100,3.343,2.6026,5.9737,65.034,50.0136
09:29:10,BUS-05,100,3.2647,2.5415,5.9799,65.039,50.0144
09:29:20,BUS-05,100,3.3867,2.5605,5.9388,65.046,50.0149
09:29:30,BUS-05,100,3.2169,2.5231,5.9815,65.051,50.0052
09:29:40,BUS-05,100,3.2027,2.5038,5.9965,65.056,50.0013
09:29:50,BUS-05,100,3.4326,2.5339,5.9463,65.063,50.0041
09:30:00,BUS-05,100,3.3946,2.5635,5.9344,65.07,50.0044
09:30:10,BUS-05,100,3.219,2.5208,5.969,65.075,50.0024
09:30:20,BUS-05,100,3.4806,2.5907,5.9711,65.082,50.008
09:30:30,BUS-05,100,3.619,2.5394,5.993,65.091,50.0167
09:30:40,BUS-05,100,3.3849,2.5413,5.9506,65.097,50.0177
09:30:50,BUS-05,100,3.2467,2.5349,5.9569,65.103,50.0191
09:31:00,BUS-05,100,3.3257,2.5499,5.9575,65.109,50.0117
09:31:10,BUS-05,100,3.2214,2.5596,5.9445,65.114,50.0063
09:31:20,BUS-05,100,3.1812,2.5026,5.9714,65.119,50.0136
09:31:30,BUS-05,100,3.172,2.485,5.9908,65.125,50.0147
09:31:40,BUS-05,100,3.4727,2.5355,5.9262,65.132,50.0132
09:31:50,BUS-05,100,3.558,2.4445,5.8538,65.141,50.0174
09:32:00,BUS-05,100,3.4091,2.4278,5.9038,65.148,50.016
09:32:10,BUS-05,100,3.5655,2.5163,5.8601,65.156,50.0179
09:32:20,BUS-05,100,3.2327,2.4837,5.9314,65.162,50.0105
09:32:30,BUS-05,100,3.2596,2.4795,5.8988,65.168,50.0106
09:32:40,BUS-05,100,3.3445,2.5018,5.9038,65.175,50.0128
09:32:50,BUS-05,100,3.3573,2.5062,5.893,65.181,50.0125
09:33:00,BUS-05,100,3.1936,2.4799,5.8982,65.187,50.0213
09:33:10,BUS-05,100,3.3271,2.4746,5.9097,65.194,50.0197
09:33:20,BUS-05,100,3.3338,2.4484,5.8728,65.2,50.0136
09:33:30,BUS-05,100,3.562,2.4204,5.8458,65.209,50.011
09:33:40,BUS-05,100,3.5262,2.467,5.8382,65.218,50.0034
09:33:50,BUS-05,100,3.4176,2.4609,5.8374,65.225,49.9974
09:34:00,BUS-05,100,3.4613,2.4172,5.8872,65.233,49.9996
09:34:10,BUS-05,100,3.3841,2.445,5.8723,65.24,50.002
09:34:20,BUS-05,100,3.2968,2.4539,5.8907,65.247,49.9993
09:34:30,BUS-05,100,3.3155,2.4329,5.8863,65.254,50.0034
09:34:40,BUS-05,100,3.3164,2.4378,5.9294,65.261,50.0076
09:34:50,BUS-05,100,3.2386,2.4044,5.8494,65.267,50.0042
09:35:00,BUS-05,100,3.2772,2.3847,5.8837,65.274,50.0088
09:35:10,BUS-05,100,3.4761,2.4811,5.8777,65.282,50.0082
09:35:20,BUS-05,100,3.3665,2.4014,5.8804,65.289,50.0034
09:35:30,BUS-05,100,3.3566,2.4567,5.8547,65.296,50.0021
09:35:40,BUS-05,100,3.4924,2.4237,5.8467,65.305,50.0052
09:35:50,BUS-05,100,3.3773,2.3586,5.8799,65.313,49.9981
09:36:00,BUS-05,100,3.4834,2.4597,5.8816,65.321,50.0039
09:36:10,BUS-05,100,3.2491,2.4396,5.7938,65.327,50.0012
09:36:20,BUS-05,100,3.2867,2.3728,5.8466,65.334,50.0031
09:36:30,BUS-05,100,3.3872,2.3652,5.8221,65.342,50.0062
09:36:40,BUS-05,100,3.1715,2.3886,5.8604,65.348,50.0021
09:36:50,BUS-05,100,3.268,2.4008,5.8383,65.355,50.0026
09:37:00,BUS-05,100,3.4916,2.3531,5.7996,65.364,50.0033
09:37:10,BUS-05,100,3.6533,2.3806,5.7803,65.374,50.0045
09:37:20,BUS-05,100,3.3779,2.4066,5.7622,65.381,50.0026
09:37:30,BUS-05,100,3.4265,2.3881,5.8377,65.389,49.999
09:37:40,BUS-05,100,3.4104,2.3655,5.7649,65.397,49.995
09:37:50,BUS-05,100,3.2757,2.3504,5.8294,65.404,49.9971
09:38:00,BUS-05,100,3.2688,2.3446,5.7816,65.412,49.9968
09:38:10,BUS-05,100,3.4554,2.3696,5.7919,65.42,49.9983
09:38:20,BUS-05,100,3.6149,2.3971,5.7933,65.43,49.9991
09:38:30,BUS-05,100,3.3317,2.3484,5.8014,65.437,50.0028
09:38:40,BUS-05,100,3.4797,2.3583,5.7539,65.446,50.0046
09:38:50,BUS-05,100,3.5382,2.4125,5.7972,65.455,50.0064
09:39:00,BUS-05,100,3.4265,2.3918,5.7716,65.463,50.0082
09:39:10,BUS-05,100,3.4229,2.3658,5.766,65.471,50.0185
09:39:20,BUS-05,100,3.4994,2.3578,5.7861,65.48,50.0174
09:39:30,BUS-05,100,3.4108,2.3334,5.7493,65.488,50.0161
09:39:40,BUS-05,100,3.5205,2.3749,5.727,65.497,50.0204
09:39:50,BUS-05,100,3.3779,2.3391,5.793,65.505,50.0186
09:40:00,BUS-05,100,3.4416,2.3352,5.7784,65.514,50.0231
09:40:10,BUS-05,100,3.2684,2.3874,5.7605,65.521,50.0206
09:40:20,BUS-05,100,3.476,2.2892,5.6913,65.53,50.0184
09:40:30,BUS-05,100,3.439,2.2849,5.7257,65.539,50.0249
09:40:40,BUS-05,100,3.2623,2.2724,5.7468,65.547,50.0203
09:40:50,BUS-05,100,3.3196,2.3148,5.696,65.554,50.0164
09:41:00,BUS-05,100,3.3088,2.3122,5.7724,65.562,50.0047
09:41:10,BUS-05,100,3.5112,2.3205,5.7034,65.571,50.009
09:41:20,BUS-05,100,3.3672,2.3368,5.7421,65.579,50.0151
09:41:30,BUS-05,100,3.5696,2.2329,5.7036,65.59,50.0262
09:41:40,BUS-05,100,3.4588,2.33,5.6639,65.599,50.02
09:41:50,BUS-05,100,3.4365,2.3325,5.696,65.607,50.0204
09:42:00,BUS-05,100,3.6022,2.2556,5.6904,65.618,50.0209
09:42:10,BUS-05,100,3.5093,2.2403,5.6922,65.628,50.0225
09:42:20,BUS-05,100,3.3615,2.2739,5.7001,65.636,50.025
09:42:30,BUS-05,100,3.6684,2.2718,5.6511,65.647,50.0265
09:42:40,BUS-05,100,3.4561,2.2423,5.7032,65.656,50.0303
09:42:50,BUS-05,100,3.5833,2.2631,5.6693,65.667,50.0351
09:43:00,BUS-05,100,3.5888,2.3166,5.6334,65.676,50.0343
09:43:10,BUS-05,100,3.6477,2.2712,5.7288,65.687,50.0324
09:43:20,BUS-05,100,3.3953,2.2639,5.6994,65.696,50.0301
09:43:30,BUS-05,100,3.4815,2.2866,5.6719,65.705,50.0344
09:43:40,BUS-05,100,3.3751,2.2596,5.6926,65.714,50.0281
09:43:50,BUS-05,100,3.4617,2.2297,5.6814,65.724,50.0271
09:44:00,BUS-05,100,3.5932,2.275,5.6704,65.734,50.0309
09:44:10,BUS-05,100,3.345,2.2273,5.6605,65.742,50.0255
09:44:20,BUS-05,100,3.6915,2.181,5.6525,65.754,50.0215
09:44:30,BUS-05,100,3.493,2.2584,5.6639,65.764,50.0282
09:44:40,BUS-05,100,3.7083,2.2105,5.6066,65.775,50.0267
09:44:50,BUS-05,100,3.4535,2.1993,5.6635,65.785,50.023
09:45:00,BUS-05,100,3.5618,2.1788,5.6261,65.796,50.0327
09:45:10,BUS-05,100,3.6009,2.2227,5.6245,65.807,50.0358
09:45:20,BUS-05,100,3.4201,2.1916,5.6694,65.816,50.0365
09:45:30,BUS-05,100,3.3005,2.1479,5.6174,65.825,50.0283
09:45:40,BUS-05,100,3.5561,2.2318,5.6532,65.836,50.0367
09:45:50,BUS-05,100,3.6616,2.219,5.5907,65.847,50.0324
09:46:00,BUS-05,100,3.6378,2.213,5.6414,65.858,50.024
09:46:10,BUS-05,100,3.4847,2.2378,5.6259,65.868,50.0218
09:46:20,BUS-05,100,3.6279,2.2086,5.6391,65.879,50.0198
09:46:30,BUS-05,100,3.6408,2.232,5.5707,65.89,50.0113
09:46:40,BUS-05,100,3.4814,2.223,5.6047,65.899,50.0072
09:46:50,BUS-05,100,3.5158,2.1519,5.5958,65.91,50.0062
09:47:00,BUS-05,100,3.4209,2.2098,5.5692,65.919,50.0099
09:47:10,BUS-05,100,3.4035,2.2746,5.6444,65.928,50.0116
09:47:20,BUS-05,100,3.6336,2.1877,5.555,65.939,50.0151
09:47:30,BUS-05,100,3.6791,2.1963,5.5505,65.951,50.0134
09:47:40,BUS-05,100,3.5922,2.1618,5.6155,65.962,50.0144
09:47:50,BUS-05,100,3.6141,2.1975,5.6391,65.973,50.0062
09:48:00,BUS-05,100,3.6549,2.1776,5.5771,65.985,50.0065
09:48:10,BUS-05,100,3.7347,2.1751,5.585,65.997,50.0147
09:48:20,BUS-05,100,3.5222,2.2361,5.5795,66.007,50.0139
09:48:30,BUS-05,100,3.5714,2.2103,5.6202,66.017,50.0189
09:48:40,BUS-05,100,3.8068,2.0959,5.5427,66.031,50.024
09:48:50,BUS-05,100,3.5387,2.0983,5.5706,66.042,50.011
09:49:00,BUS-05,100,3.7737,2.1532,5.5756,66.054,50.0124
09:49:10,BUS-05,100,3.8024,2.1945,5.5666,66.067,50.0119
09:49:20,BUS-05,100,3.4564,2.103,5.5661,66.077,50.0084
09:49:30,BUS-05,100,3.535,2.1102,5.5476,66.088,50.0129
09:49:40,BUS-05,100,3.4845,2.1424,5.6022,66.099,50.0179
09:49:50,BUS-05,100,3.572,2.1515,5.5633,66.11,50.0255
09:50:00,BUS-05,100,3.438,2.1199,5.6076,66.12,50.021
09:50:10,BUS-05,100,3.9078,2.1196,5.5121,66.134,50.026
09:50:20,BUS-05,100,3.5638,2.1798,5.5227,66.145,50.0223
09:50:30,BUS-05,100,3.5114,2.0927,5.5255,66.156,50.023
09:50:40,BUS-05,100,3.6477,2.0664,5.5183,66.168,50.0237
09:50:50,BUS-05,100,3.3478,2.108,5.5381,66.178,50.0256
09:51:00,BUS-05,100,3.7535,2.1425,5.5209,66.19,50.0336
09:51:10,BUS-05,100,3.6352,2.1228,5.5344,66.202,50.0347
09:51:20,BUS-05,100,3.6532,2.1052,5.5312,66.214,50.035
09:51:30,BUS-05,100,3.7574,2.1238,5.5257,66.227,50.0352
09:51:40,BUS-05,100,3.5435,2.1158,5.5155,66.238,50.0273
09:51:50,BUS-05,100,3.7502,2.129,5.4889,66.251,50.0282
09:52:00,BUS-05,100,3.7548,2.0924,5.4831,66.264,50.0283
09:52:10,BUS-05,100,3.4664,2.1302,5.5165,66.274,50.024
09:52:20,BUS-05,100,3.4869,2.0992,5.5484,66.285,50.0279
09:52:30,BUS-05,100,3.6306,2.058,5.5435,66.297,50.0316
09:52:40,BUS-05,100,3.5136,2.0847,5.5466,66.308,50.0286
09:52:50,BUS-05,100,3.6507,2.0977,5.4402,66.32,50.0362
09:53:00,BUS-05,100,3.7244,2.0231,5.4423,66.333,50.0394
09:53:10,BUS-05,100,3.6298,2.1068,5.4667,66.345,50.0363
09:53:20,BUS-05,100,3.5293,2.073,5.4819,66.357,50.0339
09:53:30,BUS-05,100,3.6993,2.1389,5.4852,66.369,50.027
09:53:40,BUS-05,100,3.6626,2.1281,5.4742,66.381,50.0303
09:53:50,BUS-05,100,3.5286,2.1022,5.4497,66.392,50.0311
09:54:00,BUS-05,100,3.4658,2.1183,5.4959,66.402,50.0201
09:54:10,BUS-05,100,3.6497,2.069,5.4618,66.414,50.0242
09:54:20,BUS-05,100,3.6626,2.0437,5.4674,66.427,50.0256
09:54:30,BUS-05,100,3.5586,2.1325,5.4814,66.438,50.0229
09:54:40,BUS-05,100,3.5085,2.0525,5.4874,66.449,50.0204
09:54:50,BUS-05,100,3.7134,2.0556,5.4544,66.462,50.0195
09:55:00,BUS-05,100,3.5522,2.0402,5.4543,66.474,50.0182
09:55:10,BUS-05,100,3.4663,2.1058,5.4985,66.485,50.0185
09:55:20,BUS-05,100,3.6075,2.0996,5.4366,66.496,50.0173
09:55:30,BUS-05,100,3.6739,2.0635,5.4498,66.509,50.02
09:55:40,BUS-05,100,3.5277,2.0177,5.4116,66.521,50.0137
09:55:50,BUS-05,100,3.6915,2.0459,5.4397,66.534,50.0262
09:56:00,BUS-05,100,3.8181,2.0471,5.4224,66.547,50.024
09:56:10,BUS-05,100,3.7489,2.0747,5.4119,66.56,50.0242
09:56:20,BUS-05,100,3.645,2.0026,5.4346,66.573,50.021
09:56:30,BUS-05,100,3.7275,2.0348,5.4339,66.586,50.0149
09:56:40,BUS-05,100,3.4899,2.0099,5.4125,66.598,50.0072
09:56:50,BUS-05,100,3.7485,2.0694,5.4095,66.611,50.0058
09:57:00,BUS-05,100,3.493,2.0285,5.3765,66.622,50.0006
09:57:10,BUS-05,100,3.3726,2.0022,5.4056,66.633,49.9979
09:57:20,BUS-05,100,3.5808,2.0021,5.3992,66.645,50.007
09:57:30,BUS-05,100,3.761,2.032,5.407,66.659,50.0137
09:57:40,BUS-05,100,3.5536,2.0049,5.393,66.671,50.0091
09:57:50,BUS-05,100,3.6698,2.0199,5.3902,66.683,50.0157
09:58:00,BUS-05,100,3.7979,2.0729,5.4025,66.697,50.0151
09:58:10,BUS-05,100,3.8392,1.926,5.3743,66.712,50.0196
09:58:20,BUS-05,100,3.9705,1.9606,5.3518,66.727,50.02
09:58:30,BUS-05,100,3.6652,2.045,5.3978,66.74,50.0123
09:58:40,BUS-05,100,3.7732,1.9767,5.391,66.754,50.0157
09:58:50,BUS-05,100,3.832,1.9683,5.4013,66.768,50.0183
09:59:00,BUS-05,100,3.9033,1.9832,5.3679,66.783,50.0222
09:59:10,BUS-05,100,3.7581,1.9786,5.3408,66.797,50.0234
09:59:20,BUS-05,100,3.609,1.9632,5.3702,66.81,50.0275
09:59:30,BUS-05,100,3.7314,2.0251,5.3639,66.823,50.028
09:59:40,BUS-05,100,3.8391,1.9815,5.349,66.838,50.0297
09:59:50,BUS-05,100,3.7374,1.9495,5.3358,66.852,50.0254
10:00:00,BUS-05,100,3.5801,2.0212,5.376,66.864,50.0214
10:00:10,BUS-05,100,3.6472,2.0224,5.3604,66.876,50.0233
10:00:20,BUS-05,100,3.4646,1.9507,5.3732,66.888,50.0137
10:00:30,BUS-05,100,3.5574,1.9859,5.3439,66.9,50.0122
10:00:40,BUS-05,100,3.7083,1.9697,5.3193,66.914,50.0239
10:00:50,BUS-05,100,3.6259,1.9827,5.3219,66.927,50.0199
10:01:00,BUS-05,100,3.6525,1.9692,5.3397,66.94,50.0218
10:01:10,BUS-05,100,3.9359,1.9469,5.3155,66.955,50.0205
10:01:20,BUS-05,100,3.6379,2.0373,5.367,66.968,50.0216
10:01:30,BUS-05,100,3.5102,1.9798,5.3408,66.98,50.0263
10:01:40,BUS-05,100,3.8686,1.9509,5.3281,66.995,50.0272
10:01:50,BUS-05,100,3.786,1.9487,5.3,67.009,50.0214
10:02:00,BUS-05,100,3.6454,1.9355,5.3122,67.022,50.0207
10:02:10,BUS-05,100,3.8751,1.9666,5.2569,67.037,50.0226
10:02:20,BUS-05,100,3.7395,1.9502,5.3263,67.051,50.0254
10:02:30,BUS-05,100,3.7062,1.9852,5.2753,67.064,50.0268
10:02:40,BUS-05,100,3.7842,1.9933,5.2899,67.078,50.0291
10:02:50,BUS-05,100,3.6594,1.9541,5.2734,67.092,50.0296
10:03:00,BUS-05,100,3.8001,1.9794,5.2893,67.106,50.0383
10:03:10,BUS-05,100,3.7618,1.9455,5.2853,67.12,50.0368
10:03:20,BUS-05,100,3.6148,1.9133,5.2877,67.133,50.0316
10:03:30,BUS-05,100,3.6102,1.9088,5.3072,67.146,50.0293
10:03:40,BUS-05,100,3.8231,1.9364,5.2901,67.161,50.0346
10:03:50,BUS-05,100,3.7006,1.9275,5.2651,67.175,50.0244
10:04:00,BUS-05,100,3.624,1.9519,5.3161,67.188,50.0284
10:04:10,BUS-05,100,3.8568,1.9251,5.239,67.203,50.0249
10:04:20,BUS-05,100,3.7536,1.923,5.2483,67.217,50.0228
10:04:30,BUS-05,100,3.788,1.9902,5.2813,67.231,50.0235
10:04:40,BUS-05,100,3.7297,1.9352,5.229,67.245,50.021
10:04:50,BUS-05,100,3.6521,1.9721,5.2532,67.258,50.0129
10:05:00,BUS-05,100,3.9896,1.8787,5.2634,67.274,50.0203
10:05:10,BUS-05,100,3.8273,1.9669,5.235,67.289,50.0201
10:05:20,BUS-05,100,3.694,1.9196,5.2396,67.303,50.0195
10:05:30,BUS-05,100,3.8536,1.9574,5.2064,67.317,50.0207
10:05:40,BUS-05,100,3.8693,1.9383,5.2096,67.332,50.021
10:05:50,BUS-05,100,3.8903,1.9289,5.2435,67.348,50.0138
10:06:00,BUS-05,100,3.78,1.8611,5.234,67.363,50.0214
10:06:10,BUS-05,100,3.7356,1.9265,5.2883,67.377,50.0202
10:06:20,BUS-05,100,3.7383,1.9495,5.2373,67.391,50.0185
10:06:30,BUS-05,100,3.8005,1.9727,5.2233,67.405,50.0238
10:06:40,BUS-05,100,3.9312,1.8696,5.1929,67.421,50.0261
10:06:50,BUS-05,100,3.7024,1.8847,5.1935,67.435,50.0206
10:07:00,BUS-05,100,3.826,1.9379,5.2106,67.45,50.0255
10:07:10,BUS-05,100,3.8029,1.9112,5.2322,67.464,50.0301
10:07:20,BUS-05,100,3.7103,1.9096,5.2025,67.478,50.0234
10:07:30,BUS-05,100,3.7249,1.879,5.2484,67.493,50.0187
10:07:40,BUS-05,100,3.5558,1.9034,5.1974,67.506,50.0123
10:07:50,BUS-05,100,3.9141,1.9006,5.2073,67.521,50.0133
10:08:00,BUS-05,100,3.9255,1.884,5.1958,67.537,50.0203
10:08:10,BUS-05,100,3.794,1.9108,5.1747,67.552,50.0173
10:08:20,BUS-05,100,3.788,1.8977,5.1943,67.567,50.0164
10:08:30,BUS-05,100,3.6779,1.8812,5.2248,67.58,50.0137
10:08:40,BUS-05,100,3.9612,1.8781,5.1467,67.597,50.0133
10:08:50,BUS-05,100,3.8912,1.8866,5.1918,67.612,50.0108
10:09:00,BUS-05,100,3.9274,1.9079,5.1737,67.628,50.0119
10:09:10,BUS-05,100,3.8077,1.8323,5.2052,67.643,50.0137
10:09:20,BUS-05,100,3.7089,1.8415,5.2004,67.658,50.0094
10:09:30,BUS-05,100,3.6834,1.8039,5.1916,67.672,50.0192
10:09:40,BUS-05,100,3.8035,1.8365,5.1797,67.688,50.024
10:09:50,BUS-05,100,3.7205,1.8663,5.1744,67.702,50.026
10:10:00,BUS-05,100,3.8599,1.8939,5.193,67.718,50.025
10:10:10,BUS-05,100,3.8656,1.855,5.1518,67.733,50.0229
10:10:20,BUS-05,100,3.7409,1.8604,5.1917,67.748,50.0224
10:10:30,BUS-05,100,3.9854,1.9184,5.1771,67.764,50.024
10:10:40,BUS-05,100,4.029,1.876,5.168,67.781,50.02
10:10:50,BUS-05,100,3.9567,1.8456,5.1568,67.797,50.0182
10:11:00,BUS-05,100,3.6069,1.8529,5.1588,67.811,50.0107
10:11:10,BUS-05,100,3.5671,1.8599,5.1497,67.824,50.0064
10:11:20,BUS-05,100,3.8536,1.8516,5.1072,67.84,50.008
10:11:30,BUS-05,100,3.7913,1.8644,5.1311,67.854,50.0123
10:11:40,BUS-05,100,3.7284,1.8724,5.1469,67.869,50.0136
10:11:50,BUS-05,100,3.7251,1.8653,5.1245,67.883,50.014
10:12:00,BUS-05,100,3.9071,1.8466,5.1241,67.899,50.0293
10:12:10,BUS-05,100,3.8499,1.8695,5.1367,67.915,50.0324
10:12:20,BUS-05,100,3.8798,1.8771,5.1512,67.93,50.0415
10:12:30,BUS-05,100,3.8752,1.799,5.0689,67.947,50.041
10:12:40,BUS-05,100,3.7888,1.8209,5.123,67.962,50.0351
10:12:50,BUS-05,100,3.9306,1.7934,5.1114,67.978,50.0391
10:13:00,BUS-05,100,3.8464,1.8326,5.135,67.994,50.0344
10:13:10,BUS-05,100,4.0789,1.8543,5.1216,68.011,50.0345
10:13:20,BUS-05,100,3.8296,1.8228,5.1175,68.027,50.0269
10:13:30,BUS-05,100,3.9233,1.8356,5.0965,68.043,50.0336
10:13:40,BUS-05,100,3.9574,1.8463,5.082,68.06,50.0328
10:13:50,BUS-05,100,3.9132,1.8442,5.111,68.076,50.0347
10:14:00,BUS-05,100,3.9082,1.8144,5.0799,68.092,50.039
10:14:10,BUS-05,100,3.7864,1.8413,5.1343,68.107,50.0365
10:14:20,BUS-05,100,3.7478,1.8346,5.1031,68.122,50.0362
10:14:30,BUS-05,100,3.7023,1.8591,5.1001,68.136,50.0304
10:14:40,BUS-05,100,3.9955,1.7843,5.0528,68.154,50.0259
10:14:50,BUS-05,100,3.789,1.785,5.096,68.169,50.0267
10:15:00,BUS-05,100,3.9371,1.8495,5.0805,68.185,50.0193
10:15:10,BUS-05,100,3.8101,1.772,5.0647,68.201,50.0178
10:15:20,BUS-05,100,3.7762,1.8347,5.0931,68.216,50.0243
10:15:30,BUS-05,100,3.9604,1.8521,5.0642,68.233,50.0298
10:15:40,BUS-05,100,3.7512,1.8721,5.0809,68.247,50.0285
10:15:50,BUS-05,100,3.9126,1.8109,5.0781,68.264,50.0276
10:16:00,BUS-05,100,3.8886,1.8371,5.0408,68.28,50.0297
10:16:10,BUS-05,100,3.8113,1.7649,5.1103,68.296,50.0282
10:16:20,BUS-05,100,4.001,1.8067,5.0881,68.313,50.0331
10:16:30,BUS-05,100,3.9586,1.8147,5.0294,68.329,50.031
10:16:40,BUS-05,100,3.7925,1.7828,5.0609,68.345,50.0347
10:16:50,BUS-05,100,3.8878,1.8046,5.046,68.361,50.0323
10:17:00,BUS-05,100,3.9636,1.8064,5.0052,68.378,50.0361
10:17:10,BUS-05,100,4.0498,1.8125,5.0243,68.395,50.032
10:17:20,BUS-05,100,4.0195,1.8094,5.0246,68.413,50.0336
10:17:30,BUS-05,100,4.0138,1.8171,5.0649,68.43,50.0343
10:17:40,BUS-05,100,3.7715,1.8137,5.0414,68.445,50.0276
10:17:50,BUS-05,100,3.9687,1.7954,5.0589,68.462,50.0312
10:18:00,BUS-05,100,4.0716,1.8216,5.0072,68.479,50.0286
10:18:10,BUS-05,100,3.9103,1.8169,5.0308,68.496,50.0291
10:18:20,BUS-05,100,4.1008,1.7805,4.974,68.514,50.0361
10:18:30,BUS-05,100,3.9058,1.7793,5.0167,68.53,50.0357
10:18:40,BUS-05,100,4.0022,1.7581,5.0304,68.548,50.0353
10:18:50,BUS-05,100,4.0241,1.8017,5.0233,68.565,50.0376
10:19:00,BUS-05,100,4.0291,1.7787,4.9759,68.582,50.0378
10:19:10,BUS-05,100,3.8707,1.7805,5.025,68.599,50.0367
10:19:20,BUS-05,100,3.9971,1.76,4.9759,68.616,50.0371
10:19:30,BUS-05,100,3.8246,1.8111,5.0276,68.632,50.0288
10:19:40,BUS-05,100,3.8383,1.8117,5.029,68.647,50.0328
10:19:50,BUS-05,100,4.1517,1.7725,4.9828,68.666,50.036
10:20:00,BUS-05,100,3.9938,1.7215,4.9932,68.684,50.0316
10:20:10,BUS-05,100,4.0567,1.7384,5.0159,68.702,50.0376
10:20:20,BUS-05,100,3.9918,1.7042,4.9183,68.719,50.0378
10:20:30,BUS-05,100,3.9148,1.7623,4.9702,68.736,50.0409
10:20:40,BUS-05,100,3.92,1.7863,4.9779,68.753,50.0408
10:20:50,BUS-05,100,4.0429,1.8035,4.9973,68.77,50.0352
10:21:00,BUS-05,100,3.8983,1.7587,4.9826,68.787,50.0379
10:21:10,BUS-05,100,4.0253,1.7929,4.9601,68.804,50.0403
10:21:20,BUS-05,100,4.0146,1.7512,4.973,68.822,50.0425
10:21:30,BUS-05,100,4.0372,1.7704,4.9362,68.839,50.0411
10:21:40,BUS-05,100,3.9976,1.7819,4.9473,68.857,50.0424
10:21:50,BUS-05,100,3.9792,1.7534,4.9605,68.874,50.0393
10:22:00,BUS-05,100,3.9885,1.7972,4.968,68.891,50.0452
10:22:10,BUS-05,100,4.0697,1.8166,4.9553,68.909,50.0544
10:22:20,BUS-05,100,4.1006,1.7682,4.9372,68.927,50.0508
10:22:30,BUS-05,100,3.9935,1.7761,4.9583,68.944,50.0419
10:22:40,BUS-05,100,3.9482,1.7605,4.9496,68.961,50.041
10:22:50,BUS-05,100,4.011,1.796,4.9504,68.978,50.0394
10:23:00,BUS-05,100,4.0483,1.7942,4.9408,68.996,50.044
10:23:10,BUS-05,100,4.195,1.7696,4.9604,69.015,50.0446
10:23:20,BUS-05,100,3.9096,1.7872,4.9619,69.031,50.0342
10:23:30,BUS-05,100,3.8786,1.7456,4.9695,69.048,50.027
10:23:40,BUS-05,100,3.9669,1.7658,4.9432,69.065,50.0297
10:23:50,BUS-05,100,4.0266,1.7646,4.8806,69.082,50.0294
10:24:00,BUS-05,100,4.0175,1.7805,4.9619,69.1,50.0294
10:24:10,BUS-05,100,3.6279,1.7237,4.9633,69.115,50.0315
10:24:20,BUS-05,100,3.9227,1.7162,4.9048,69.132,50.0371
10:24:30,BUS-05,100,4.2222,1.7728,4.9062,69.151,50.0449
10:24:40,BUS-05,100,3.862,1.7657,4.9262,69.167,50.04
10:24:50,BUS-05,100,3.817,1.7303,4.9328,69.183,50.0465
10:25:00,BUS-05,100,3.9273,1.7287,4.9514,69.2,50.052
10:25:10,BUS-05,100,4.0017,1.7384,4.9055,69.218,50.0542
10:25:20,BUS-05,100,3.8649,1.7228,4.9045,69.235,50.0505
10:25:30,BUS-05,100,3.9538,1.7187,4.9231,69.252,50.0533
10:25:40,BUS-05,100,4.2088,1.7456,4.8877,69.271,50.0506
10:25:50,BUS-05,100,4.0767,1.7151,4.8623,69.29,50.0472
10:26:00,BUS-05,100,4.1988,1.7282,4.8861,69.309,50.0499
10:26:10,BUS-05,100,3.7985,1.7712,4.8912,69.325,50.0397
10:26:20,BUS-05,100,3.9437,1.7263,4.9191,69.342,50.0429
10:26:30,BUS-05,100,4.3085,1.7723,4.8713,69.362,50.0435
10:26:40,BUS-05,100,3.8937,1.7592,4.9094,69.378,50.0367
10:26:50,BUS-05,100,4.0491,1.7222,4.8621,69.396,50.0431
10:27:00,BUS-05,100,4.0045,1.6849,4.8854,69.414,50.0377
10:27:10,BUS-05,100,4.0321,1.7316,4.8971,69.432,50.0414
10:27:20,BUS-05,100,3.8585,1.7331,4.8507,69.449,50.0284
10:27:30,BUS-05,100,4.0098,1.7208,4.8658,69.467,50.0277
10:27:40,BUS-05,100,3.8026,1.699,4.9017,69.483,50.0189
10:27:50,BUS-05,100,4.0792,1.688,4.8745,69.502,50.0196
10:28:00,BUS-05,100,4.0883,1.7442,4.8502,69.52,50.0249
10:28:10,BUS-05,100,3.9464,1.7118,4.8844,69.537,50.021
10:28:20,BUS-05,100,3.9993,1.7328,4.8574,69.555,50.0237
10:28:30,BUS-05,100,3.7802,1.7631,4.8938,69.57,50.022
10:28:40,BUS-05,100,3.9176,1.7139,4.8607,69.588,50.0281
10:28:50,BUS-05,100,3.8402,1.6832,4.8512,69.604,50.0314
10:29:00,BUS-05,100,4.1659,1.7658,4.857,69.623,50.033
10:29:10,BUS-05,100,3.9555,1.7098,4.868,69.641,50.0279
10:29:20,BUS-05,100,3.9892,1.6972,4.8606,69.658,50.0286
10:29:30,BUS-05,100,3.7924,1.6748,4.8579,69.675,50.0229
10:29:40,BUS-05,100,4.0304,1.7323,4.8582,69.693,50.0333
10:29:50,BUS-05,100,3.9503,1.743,4.8639,69.71,50.0347
10:30:00,BUS-05,100,3.9964,1.7444,4.8741,69.727,50.0369
10:30:10,BUS-05,100,3.7528,1.7058,4.873,69.743,50.0366
10:30:20,BUS-05,100,3.9595,1.7196,4.8322,69.761,50.0486
10:30:30,BUS-05,100,3.9569,1.6935,4.8253,69.778,50.0487
10:30:40,BUS-05,100,4.052,1.7141,4.8313,69.797,50.0457
10:30:50,BUS-05,100,3.8895,1.7223,4.818,69.813,50.0421
10:31:00,BUS-05,100,3.9064,1.7466,4.8037,69.83,50.0394
10:31:10,BUS-05,100,3.8698,1.7104,4.8342,69.847,50.0439
10:31:20,BUS-05,100,3.8113,1.7346,4.8376,69.863,50.0361
10:31:30,BUS-05,100,4.1591,1.6857,4.8098,69.882,50.0381
10:31:40,BUS-05,100,4.0056,1.7275,4.8075,69.9,50.0379
10:31:50,BUS-05,100,4.1682,1.7284,4.8076,69.919,50.0395
10:32:00,BUS-05,100,4.0332,1.7099,4.8077,69.937,50.0397
10:32:10,BUS-05,100,4.0473,1.6749,4.8151,69.956,50.0384
10:32:20,BUS-05,100,4.2171,1.7181,4.7755,69.975,50.0341
10:32:30,BUS-05,100,3.9077,1.733,4.8174,69.992,50.0309
10:32:40,BUS-05,100,4.1115,1.6659,4.7977,70.011,50.039
10:32:50,BUS-05,100,4.1272,1.6796,4.7892,70.03,50.0339
10:33:00,BUS-05,100,3.9417,1.7249,4.8051,70.047,50.0239
10:33:10,BUS-05,100,3.9343,1.7127,4.8192,70.064,50.021
10:33:20,BUS-05,100,3.9815,1.7109,4.8023,70.082,50.0197
10:33:30,BUS-05,100,4.0182,1.7149,4.7874,70.1,50.0153
10:33:40,BUS-05,100,4.0479,1.6961,4.8061,70.118,50.0215
10:33:50,BUS-05,100,4.0546,1.7275,4.7944,70.136,50.0205
10:34:00,BUS-05,100,4.0024,1.6988,4.7869,70.154,50.0175
10:34:10,BUS-05,100,4.2624,1.7082,4.7587,70.174,50.0236
10:34:20,BUS-05,100,3.9897,1.7289,4.8015,70.192,50.0245
10:34:30,BUS-05,100,3.9189,1.7813,4.7926,70.208,50.0229
10:34:40,BUS-05,100,4.1326,1.7158,4.7569,70.227,50.0226
10:34:50,BUS-05,100,4.1643,1.7154,4.7369,70.246,50.0191
10:35:00,BUS-05,100,4.1508,1.7358,4.7483,70.265,50.0238
10:35:10,BUS-05,100,4.0796,1.7018,4.7649,70.284,50.0255
10:35:20,BUS-05,100,4.1735,1.705,4.7477,70.303,50.025
10:35:30,BUS-05,100,3.9957,1.6951,4.7652,70.321,50.0239
10:35:40,BUS-05,100,4.2244,1.6944,4.7425,70.34,50.028
10:35:50,BUS-05,100,3.994,1.7359,4.7666,70.358,50.0248
10:36:00,BUS-05,100,4.015,1.6901,4.7346,70.376,50.0261
10:36:10,BUS-05,100,4.0907,1.6941,4.7585,70.395,50.028
10:36:20,BUS-05,100,4.1408,1.7606,4.7501,70.413,50.0272
10:36:30,BUS-05,100,4.1152,1.7027,4.775,70.432,50.0265
10:36:40,BUS-05,100,4.1394,1.6752,4.7207,70.451,50.0291
10:36:50,BUS-05,100,4.1319,1.7171,4.7852,70.47,50.026
10:37:00,BUS-05,100,4.0301,1.7186,4.736,70.488,50.0231
10:37:10,BUS-05,100,4.077,1.7071,4.7239,70.506,50.0187
10:37:20,BUS-05,100,4.0243,1.6829,4.7309,70.524,50.0178
10:37:30,BUS-05,100,4.183,1.7154,4.6913,70.544,50.0205
10:37:40,BUS-05,100,4.1392,1.6956,4.7356,70.563,50.0207
10:37:50,BUS-05,100,3.9016,1.7014,4.7593,70.58,50.0088
10:38:00,BUS-05,100,4.1249,1.6858,4.7239,70.599,50.0122
10:38:10,BUS-05,100,3.9386,1.7312,4.7237,70.616,50.0109
10:38:20,BUS-05,100,4.1348,1.6993,4.7258,70.635,50.0175
10:38:30,BUS-05,100,4.1092,1.6638,4.7382,70.654,50.022
10:38:40,BUS-05,100,4.1477,1.7486,4.7127,70.673,50.0182
10:38:50,BUS-05,100,4.2055,1.6984,4.7277,70.692,50.0161
10:39:00,BUS-05,100,3.9837,1.7117,4.7144,70.71,50.0168
10:39:10,BUS-05,100,4.0511,1.6955,4.6983,70.728,50.0196
10:39:20,BUS-05,100,3.8347,1.7079,4.7256,70.745,50.016
10:39:30,BUS-05,100,4.1518,1.7328,4.6944,70.763,50.0185
10:39:40,BUS-05,100,4.0172,1.6952,4.6664,70.781,50.0267
10:39:50,BUS-05,100,3.8054,1.6956,4.7167,70.798,50.028
10:40:00,BUS-05,100,4.0298,1.7324,4.7177,70.816,50.034
10:40:10,BUS-05,100,4.0974,1.7218,4.6929,70.834,50.0228
10:40:20,BUS-05,100,4.2066,1.6554,4.6899,70.854,50.0274
10:40:30,BUS-05,100,4.1206,1.7036,4.7335,70.873,50.0238
10:40:40,BUS-05,100,4.0763,1.698,4.6886,70.891,50.0181
10:40:50,BUS-05,100,4.0795,1.6922,4.6961,70.91,50.0173
10:41:00,BUS-05,100,4.1026,1.6645,4.6756,70.929,50.013
10:41:10,BUS-05,100,4.2048,1.6735,4.6829,70.949,50.0175
10:41:20,BUS-05,100,4.0577,1.6632,4.7129,70.967,50.02
10:41:30,BUS-05,100,4.0554,1.6551,4.6944,70.986,50.0212
10:41:40,BUS-05,100,4.1857,1.6905,4.7063,71.005,50.0175
10:41:50,BUS-05,100,4.1157,1.6624,4.7008,71.024,50.0201
10:42:00,BUS-05,100,4.2127,1.7116,4.6716,71.044,50.0263
10:42:10,BUS-05,100,4.293,1.7076,4.6408,71.064,50.0247
10:42:20,BUS-05,100,4.2796,1.665,4.6551,71.084,50.0303
10:42:30,BUS-05,100,4.1709,1.6949,4.6371,71.104,50.0326
10:42:40,BUS-05,100,4.086,1.6753,4.6753,71.122,50.0327
10:42:50,BUS-05,100,4.1524,1.6809,4.7219,71.141,50.0231
10:43:00,BUS-05,100,4.2242,1.7082,4.6691,71.161,50.0217
10:43:10,BUS-05,100,4.3361,1.7377,4.6312,71.181,50.0238
10:43:20,BUS-05,100,4.0874,1.6918,4.6447,71.2,50.0252
10:43:30,BUS-05,100,4.1563,1.6831,4.6782,71.219,50.0247
10:43:40,BUS-05,100,3.9796,1.6599,4.6846,71.237,50.0219
10:43:50,BUS-05,100,4.057,1.6798,4.6673,71.256,50.0262
10:44:00,BUS-05,100,4.1431,1.6742,4.6649,71.275,50.0266
10:44:10,BUS-05,100,4.0351,1.6902,4.6547,71.293,50.0235
10:44:20,BUS-05,100,4.1757,1.6954,4.646,71.312,50.0223
10:44:30,BUS-05,100,4.2628,1.6937,4.675,71.332,50.025
10:44:40,BUS-05,100,4.221,1.6866,4.6236,71.352,50.0239
10:44:50,BUS-05,100,4.1924,1.6883,4.6444,71.372,50.0253
10:45:00,BUS-05,100,4.0389,1.6775,4.6596,71.39,50.0229
10:45:10,BUS-05,100,3.7464,1.7085,4.6947,71.406,50.0218
10:45:20,BUS-05,100,4.1844,1.7157,4.6311,71.425,50.0297
10:45:30,BUS-05,100,4.2029,1.6828,4.6189,71.445,50.026
10:45:40,BUS-05,100,3.9826,1.6895,4.6228,71.462,50.0239
10:45:50,BUS-05,100,4.1461,1.6893,4.6176,71.482,50.024
10:46:00,BUS-05,100,3.8771,1.6721,4.6547,71.499,50.0199
10:46:10,BUS-05,100,4.0847,1.7133,4.6621,71.517,50.0218
10:46:20,BUS-05,100,4.0885,1.726,4.6572,71.535,50.0263
10:46:30,BUS-05,100,4.0302,1.6963,4.647,71.554,50.0225
10:46:40,BUS-05,100,4.1279,1.7401,4.6642,71.572,50.0296
10:46:50,BUS-05,100,4.079,1.6532,4.643,71.591,50.0357
10:47:00,BUS-05,100,4.1505,1.6966,4.6104,71.61,50.0377
10:47:10,BUS-05,100,4.0152,1.7438,4.637,71.628,50.0277
10:47:20,BUS-05,100,4.0955,1.718,4.6059,71.646,50.0287
10:47:30,BUS-05,100,4.034,1.6811,4.598,71.665,50.0244
10:47:40,BUS-05,100,4.38,1.6694,4.5971,71.686,50.0288
10:47:50,BUS-05,100,4.0822,1.7368,4.6304,71.704,50.0209
10:48:00,BUS-05,100,4.1994,1.6526,4.5841,71.724,50.0284
10:48:10,BUS-05,100,4.3645,1.6697,4.5775,71.745,50.0262
10:48:20,BUS-05,100,4.124,1.688,4.6368,71.764,50.0204
10:48:30,BUS-05,100,4.2031,1.668,4.5946,71.783,50.0208
10:48:40,BUS-05,100,4.2759,1.6486,4.612,71.804,50.0211
10:48:50,BUS-05,100,4.1076,1.6536,4.6035,71.823,50.0219
10:49:00,BUS-05,100,4.1506,1.6658,4.5983,71.842,50.0179
10:49:10,BUS-05,100,4.1891,1.6173,4.6044,71.862,50.0253
10:49:20,BUS-05,100,4.119,1.7022,4.5921,71.881,50.0258
10:49:30,BUS-05,100,4.1587,1.6793,4.6087,71.9,50.0138
10:49:40,BUS-05,100,4.2735,1.6924,4.5947,71.92,50.0129
10:49:50,BUS-05,100,3.904,1.693,4.6112,71.938,50.0034
10:50:00,BUS-05,100,4.1725,1.6651,4.6112,71.957,50.0067
10:50:10,BUS-05,100,4.0113,1.635,4.5694,71.976,50.0037
10:50:20,BUS-05,100,4.1733,1.667,4.5878,71.995,50.0025
10:50:30,BUS-05,100,4.3105,1.7129,4.5923,72.015,50.014
10:50:40,BUS-05,100,4.3949,1.6802,4.5942,72.036,50.0197
10:50:50,BUS-05,100,3.9272,1.6763,4.5998,72.054,50.0109
10:51:00,BUS-05,100,4.1579,1.6943,4.5576,72.073,50.0189
10:51:10,BUS-05,100,4.3036,1.6639,4.5638,72.094,50.0222
10:51:20,BUS-05,100,4.3182,1.7151,4.5668,72.114,50.0196
10:51:30,BUS-05,100,4.1857,1.6396,4.5357,72.134,50.0216
10:51:40,BUS-05,100,4.4305,1.7189,4.5674,72.155,50.0263
10:51:50,BUS-05,100,4.1691,1.7174,4.5771,72.174,50.0278
10:52:00,BUS-05,100,4.0822,1.6438,4.5885,72.193,50.0257
10:52:10,BUS-05,100,4.3125,1.6834,4.5303,72.213,50.0265
10:52:20,BUS-05,100,4.5244,1.7311,4.5344,72.235,50.0304
10:52:30,BUS-05,100,4.0614,1.7099,4.5462,72.253,50.0246
10:52:40,BUS-05,100,4.2269,1.6927,4.5437,72.273,50.0257
10:52:50,BUS-05,100,4.0978,1.6441,4.5537,72.292,50.0299
10:53:00,BUS-05,100,4.0942,1.7116,4.5558,72.311,50.0287
10:53:10,BUS-05,100,4.294,1.6747,4.5562,72.331,50.0236
10:53:20,BUS-05,100,4.202,1.6979,4.5469,72.35,50.0233
10:53:30,BUS-05,100,4.21,1.6978,4.551,72.37,50.0209
10:53:40,BUS-05,100,4.2491,1.7042,4.5476,72.39,50.0223
10:53:50,BUS-05,100,4.1495,1.669,4.5443,72.409,50.0151
10:54:00,BUS-05,100,4.1593,1.7049,4.5636,72.428,50.0128
10:54:10,BUS-05,100,4.225,1.6851,4.5516,72.448,50.0173
10:54:20,BUS-05,100,4.1081,1.6801,4.5476,72.467,50.024
10:54:30,BUS-05,100,4.2326,1.6624,4.509,72.487,50.0308
10:54:40,BUS-05,100,4.1949,1.7128,4.5506,72.506,50.0374
10:54:50,BUS-05,100,4.3643,1.6787,4.515,72.527,50.044
10:55:00,BUS-05,100,4.1514,1.6869,4.5126,72.546,50.0437
10:55:10,BUS-05,100,3.9575,1.677,4.5114,72.564,50.0423
10:55:20,BUS-05,100,4.2482,1.6558,4.5158,72.584,50.0432
10:55:30,BUS-05,100,4.1609,1.6581,4.5346,72.603,50.0343
10:55:40,BUS-05,100,4.3107,1.7008,4.5399,72.624,50.035
10:55:50,BUS-05,100,4.3354,1.6926,4.5151,72.644,50.0365
10:56:00,BUS-05,100,3.9031,1.6633,4.5431,72.662,50.0337
10:56:10,BUS-05,100,3.9828,1.7294,4.5259,72.679,50.0364
10:56:20,BUS-05,100,4.1164,1.6816,4.5257,72.698,50.039
10:56:30,BUS-05,100,4.2422,1.7028,4.5381,72.718,50.0411
10:56:40,BUS-05,100,4.2095,1.6943,4.5145,72.738,50.0445
10:56:50,BUS-05,100,4.1881,1.6917,4.4647,72.757,50.0403
10:57:00,BUS-05,100,4.0889,1.6987,4.5543,72.776,50.0408
10:57:10,BUS-05,100,4.3353,1.6505,4.5058,72.796,50.0428
10:57:20,BUS-05,100,4.2342,1.6535,4.5293,72.816,50.0411
10:57:30,BUS-05,100,4.2698,1.7338,4.5448,72.836,50.0382
10:57:40,BUS-05,100,4.2263,1.6799,4.5123,72.856,50.038
10:57:50,BUS-05,100,4.1649,1.6996,4.5414,72.875,50.0359
10:58:00,BUS-05,100,4.2895,1.7212,4.4954,72.895,50.0376
10:58:10,BUS-05,100,4.1747,1.7074,4.498,72.914,50.0362
10:58:20,BUS-05,100,4.2429,1.668,4.4857,72.934,50.0369
10:58:30,BUS-05,100,4.2477,1.6815,4.4836,72.954,50.0345
10:58:40,BUS-05,100,4.3255,1.6799,4.49,72.975,50.0394
10:58:50,BUS-05,100,4.2382,1.6769,4.5076,72.995,50.0449
10:59:00,BUS-05,100,4.2367,1.6606,4.483,73.015,50.0417
10:59:10,BUS-05,100,4.2475,1.6432,4.4753,73.035,50.0359
10:59:20,BUS-05,100,4.3662,1.7202,4.4628,73.056,50.0327
10:59:30,BUS-05,100,4.0182,1.662,4.4974,73.074,50.0255
10:59:40,BUS-05,100,4.3392,1.6589,4.4655,73.095,50.0295
10:59:50,BUS-05,100,4.3347,1.7262,4.5102,73.115,50.0292
11:00:00,BUS-05,100,4.1644,1.7159,4.4824,73.134,50.0288
11:00:10,BUS-05,100,4.4815,1.6499,4.4361,73.156,50.0393
11:00:20,BUS-05,100,4.0528,1.6964,4.4933,73.175,50.0372
11:00:30,BUS-05,100,4.4063,1.6777,4.4584,73.196,50.0409
11:00:40,BUS-05,100,4.2175,1.7069,4.4787,73.215,50.0409
11:00:50,BUS-05,100,4.332,1.705,4.4506,73.236,50.0443
11:01:00,BUS-05,100,4.237,1.7306,4.4657,73.255,50.0484
11:01:10,BUS-05,100,4.2257,1.6787,4.4638,73.275,50.0515
11:01:20,BUS-05,100,4.0672,1.6956,4.4875,73.293,50.0456
11:01:30,BUS-05,100,4.0305,1.6831,4.4674,73.312,50.0456
11:01:40,BUS-05,100,4.2377,1.7329,4.4813,73.331,50.0545
11:01:50,BUS-05,100,4.2033,1.6972,4.476,73.351,50.0517
11:02:00,BUS-05,100,4.3856,1.6388,4.443,73.372,50.048
11:02:10,BUS-05,100,4.3203,1.6198,4.4544,73.393,50.0489
11:02:20,BUS-05,100,4.2196,1.6944,4.4828,73.413,50.0458
11:02:30,BUS-05,100,4.3284,1.6763,4.4463,73.433,50.0486
11:02:40,BUS-05,100,4.2945,1.6927,4.4947,73.454,50.0445
11:02:50,BUS-05,100,4.48,1.6765,4.4003,73.475,50.0498
11:03:00,BUS-05,100,4.3971,1.6934,4.4261,73.496,50.0502
11:03:10,BUS-05,100,4.1222,1.6938,4.458,73.515,50.0412
11:03:20,BUS-05,100,4.4706,1.6922,4.4508,73.537,50.0456
11:03:30,BUS-05,100,4.1292,1.6584,4.486,73.556,50.0389
11:03:40,BUS-05,100,4.0772,1.6552,4.4787,73.575,50.0372
11:03:50,BUS-05,100,4.2432,1.6482,4.4677,73.595,50.0332
11:04:00,BUS-05,100,4.3097,1.7053,4.4364,73.615,50.033
11:04:10,BUS-05,100,4.1959,1.6919,4.4278,73.635,50.0283
11:04:20,BUS-05,100,4.1784,1.689,4.4104,73.654,50.0317
11:04:30,BUS-05,100,4.345,1.7029,4.4286,73.675,50.0382
11:04:40,BUS-05,100,4.1642,1.6522,4.4366,73.694,50.0404
11:04:50,BUS-05,100,4.2074,1.6792,4.4351,73.714,50.0394
11:05:00,BUS-05,100,4.2067,1.6511,4.4604,73.734,50.0428
11:05:10,BUS-05,100,4.2178,1.6867,4.4328,73.754,50.0466
11:05:20,BUS-05,100,4.2675,1.6609,4.4552,73.774,50.0486
11:05:30,BUS-05,100,4.3517,1.6781,4.4411,73.795,50.0464
11:05:40,BUS-05,100,4.3181,1.6967,4.4187,73.815,50.0406
11:05:50,BUS-05,100,3.8359,1.6826,4.46,73.832,50.0374
11:06:00,BUS-05,100,4.2421,1.6857,4.4306,73.852,50.0412
11:06:10,BUS-05,100,4.3038,1.6588,4.4183,73.872,50.0417
11:06:20,BUS-05,100,4.2717,1.6546,4.4246,73.893,50.0354
11:06:30,BUS-05,100,4.3992,1.724,4.4032,73.913,50.0344
11:06:40,BUS-05,100,4.3349,1.6778,4.4033,73.934,50.0314
11:06:50,BUS-05,100,4.1857,1.6301,4.4099,73.954,50.0272
11:07:00,BUS-05,100,4.1231,1.7222,4.4404,73.973,50.0206
11:07:10,BUS-05,100,4.2735,1.6682,4.4125,73.993,50.0246
11:07:20,BUS-05,100,4.4101,1.6735,4.3831,74.014,50.0327
11:07:30,BUS-05,100,4.4137,1.6862,4.3825,74.035,50.0318
11:07:40,BUS-05,100,4.4012,1.6826,4.4032,74.057,50.0279
11:07:50,BUS-05,100,4.2162,1.7029,4.4253,74.076,50.0282
11:08:00,BUS-05,100,4.4158,1.7183,4.413,74.097,50.0248
11:08:10,BUS-05,100,4.4224,1.7083,4.4103,74.118,50.0225
11:08:20,BUS-05,100,4.1558,1.7034,4.401,74.137,50.0253
11:08:30,BUS-05,100,4.3517,1.6694,4.4008,74.158,50.0262
11:08:40,BUS-05,100,4.3384,1.6887,4.3952,74.179,50.0296
11:08:50,BUS-05,100,4.4103,1.7165,4.4054,74.2,50.0271
11:09:00,BUS-05,100,4.322,1.7106,4.4243,74.22,50.031
11:09:10,BUS-05,100,4.1224,1.7144,4.4087,74.239,50.0304
11:09:20,BUS-05,100,4.3506,1.6893,4.4171,74.259,50.032
11:09:30,BUS-05,100,4.3109,1.7031,4.4058,74.28,50.0345
11:09:40,BUS-05,100,4.3891,1.7258,4.3887,74.3,50.0347
11:09:50,BUS-05,100,4.1268,1.6436,4.3938,74.32,50.0364
11:10:00,BUS-05,100,4.5376,1.7419,4.3782,74.341,50.0347
11:10:10,BUS-05,100,4.2141,1.7687,4.3957,74.36,50.032
11:10:20,BUS-05,100,4.2789,1.6918,4.3999,74.381,50.0334
11:10:30,BUS-05,100,4.3782,1.6783,4.3854,74.402,50.0318
11:10:40,BUS-05,100,4.2184,1.7062,4.3776,74.421,50.0302
11:10:50,BUS-05,100,4.4636,1.6778,4.3763,74.443,50.0265
11:11:00,BUS-05,100,4.2434,1.7165,4.4016,74.462,50.0284
11:11:10,BUS-05,100,4.3847,1.6673,4.357,74.484,50.0328
11:11:20,BUS-05,100,4.414,1.7138,4.3357,74.505,50.0298
11:11:30,BUS-05,100,4.2275,1.7099,4.3762,74.524,50.0213
11:11:40,BUS-05,100,4.2791,1.6413,4.3234,74.545,50.0295
11:11:50,BUS-05,100,4.2064,1.7119,4.3663,74.564,50.0265
11:12:00,BUS-05,100,4.3222,1.7166,4.3494,74.584,50.0252
11:12:10,BUS-05,100,4.4696,1.6906,4.3634,74.606,50.0232
11:12:20,BUS-05,100,4.0734,1.7098,4.3876,74.624,50.0236
11:12:30,BUS-05,100,4.5457,1.7572,4.3503,74.646,50.0283
11:12:40,BUS-05,100,4.1537,1.6771,4.3722,74.665,50.0282
11:12:50,BUS-05,100,4.3066,1.6924,4.3801,74.686,50.0327
11:13:00,BUS-05,100,4.3046,1.7028,4.399,74.706,50.0329
11:13:10,BUS-05,100,4.1834,1.6513,4.3705,74.726,50.0339
11:13:20,BUS-05,100,4.4976,1.7341,4.3346,74.747,50.0441
11:13:30,BUS-05,100,4.3021,1.7191,4.3644,74.767,50.0447
11:13:40,BUS-05,100,4.239,1.7262,4.3568,74.787,50.0432
11:13:50,BUS-05,100,4.2766,1.6979,4.378,74.807,50.0388
11:14:00,BUS-05,100,4.4743,1.7122,4.3097,74.828,50.0364
11:14:10,BUS-05,100,4.317,1.689,4.3704,74.849,50.0376
11:14:20,BUS-05,100,4.5333,1.7361,4.3394,74.87,50.042
11:14:30,BUS-05,100,4.4258,1.6867,4.3271,74.892,50.0386
11:14:40,BUS-05,100,4.3673,1.7209,4.3347,74.912,50.0404
11:14:50,BUS-05,100,4.3861,1.7359,4.3324,74.933,50.039
11:15:00,BUS-05,100,4.1669,1.6798,4.3328,74.952,50.0419
11:15:10,BUS-05,100,4.3104,1.7231,4.3396,74.972,50.0398
11:15:20,BUS-05,100,4.4585,1.7051,4.3331,74.994,50.0432
11:15:30,BUS-05,100,4.1162,1.6735,4.3394,75.013,50.0459
11:15:40,BUS-05,100,4.4882,1.6688,4.3378,75.035,50.043
11:15:50,BUS-05,100,4.3773,1.732,4.3141,75.055,50.0438
11:16:00,BUS-05,100,4.3215,1.6782,4.3352,75.076,50.0427
11:16:10,BUS-05,100,4.2528,1.721,4.3511,75.096,50.032
11:16:20,BUS-05,100,4.452,1.7039,4.327,75.117,50.0427
11:16:30,BUS-05,100,4.2341,1.7246,4.3492,75.136,50.0425
11:16:40,BUS-05,100,4.4667,1.7166,4.3324,75.158,50.0398
11:16:50,BUS-05,100,4.5539,1.7222,4.3135,75.18,50.0331
11:17:00,BUS-05,100,4.299,1.7662,4.368,75.2,50.028
11:17:10,BUS-05,100,4.3668,1.7745,4.3215,75.22,50.0262
11:17:20,BUS-05,100,4.2446,1.7017,4.3372,75.24,50.023
11:17:30,BUS-05,100,4.4148,1.713,4.2997,75.261,50.0259
11:17:40,BUS-05,100,4.386,1.731,4.3181,75.281,50.0237
11:17:50,BUS-05,100,4.3653,1.7208,4.3352,75.302,50.024
11:18:00,BUS-05,100,4.3158,1.7399,4.3076,75.322,50.0239
11:18:10,BUS-05,100,4.418,1.7092,4.3173,75.343,50.0297
11:18:20,BUS-05,100,4.2659,1.7116,4.3071,75.363,50.0291
11:18:30,BUS-05,100,4.3611,1.7174,4.3227,75.383,50.0268
11:18:40,BUS-05,100,4.4363,1.7092,4.3174,75.404,50.0265
11:18:50,BUS-05,100,4.3831,1.7543,4.305,75.425,50.0291
11:19:00,BUS-05,100,4.1189,1.7064,4.3126,75.444,50.0262
11:19:10,BUS-05,100,4.0974,1.7185,4.3347,75.462,50.0228
11:19:20,BUS-05,100,4.1501,1.7258,4.3718,75.481,50.0223
11:19:30,BUS-05,100,4.3838,1.7362,4.2937,75.502,50.015
11:19:40,BUS-05,100,4.3941,1.7298,4.3228,75.522,50.0187
11:19:50,BUS-05,100,4.4739,1.7196,4.3403,75.544,50.0141
11:20:00,BUS-05,100,4.2826,1.7099,4.3216,75.564,50.0198
11:20:10,BUS-05,100,4.2869,1.7424,4.3244,75.584,50.0217
11:20:20,BUS-05,100,4.339,1.6895,4.2979,75.604,50.023
11:20:30,BUS-05,100,4.2061,1.7009,4.3172,75.624,50.0238
11:20:40,BUS-05,100,4.3596,1.7481,4.2789,75.644,50.0232
11:20:50,BUS-05,100,4.3292,1.7214,4.341,75.664,50.0319
11:21:00,BUS-05,100,4.2539,1.7595,4.3062,75.684,50.025
11:21:10,BUS-05,100,4.5529,1.6975,4.2733,75.706,50.0303
11:21:20,BUS-05,100,4.5325,1.7201,4.2904,75.728,50.0266
11:21:30,BUS-05,100,4.3455,1.6874,4.2987,75.748,50.0229
11:21:40,BUS-05,100,4.5267,1.7251,4.2705,75.77,50.0282
11:21:50,BUS-05,100,4.269,1.6881,4.2932,75.79,50.0245
11:22:00,BUS-05,100,4.5131,1.7027,4.2729,75.812,50.0316
11:22:10,BUS-05,100,4.3445,1.7098,4.2899,75.833,50.0295
11:22:20,BUS-05,100,4.3204,1.6818,4.2894,75.853,50.0225
11:22:30,BUS-05,100,4.24,1.7402,4.2883,75.873,50.0224
11:22:40,BUS-05,100,4.6295,1.7059,4.2716,75.895,50.0318
11:22:50,BUS-05,100,4.4308,1.7129,4.2864,75.916,50.0289
11:23:00,BUS-05,100,4.3695,1.7015,4.2579,75.937,50.0271
11:23:10,BUS-05,100,4.4844,1.7674,4.2518,75.958,50.0251
11:23:20,BUS-05,100,4.2723,1.7066,4.2619,75.978,50.0217
11:23:30,BUS-05,100,4.389,1.7044,4.2434,75.999,50.0257
11:23:40,BUS-05,100,4.2543,1.7258,4.2825,76.019,50.0204
11:23:50,BUS-05,100,4.4722,1.7088,4.2628,76.04,50.027
11:24:00,BUS-05,100,4.614,1.7102,4.2619,76.063,50.0366
11:24:10,BUS-05,100,4.5139,1.7231,4.2545,76.085,50.0408
11:24:20,BUS-05,100,4.364,1.7734,4.2695,76.105,50.042
11:24:30,BUS-05,100,4.3264,1.7295,4.2936,76.125,50.0411
11:24:40,BUS-05,100,4.3473,1.7053,4.2638,76.146,50.0428
11:24:50,BUS-05,100,4.197,1.7806,4.2774,76.164,50.049
11:25:00,BUS-05,100,4.5972,1.7539,4.2295,76.186,50.0542
11:25:10,BUS-05,100,4.3971,1.7209,4.2819,76.207,50.0524
11:25:20,BUS-05,100,4.5806,1.7587,4.2692,76.229,50.0484
11:25:30,BUS-05,100,4.409,1.6855,4.2292,76.25,50.0415
11:25:40,BUS-05,100,4.3864,1.7543,4.2386,76.271,50.0435
11:25:50,BUS-05,100,4.3781,1.6998,4.2617,76.292,50.0402
11:26:00,BUS-05,100,4.3474,1.7155,4.2847,76.312,50.0343
11:26:10,BUS-05,100,4.2382,1.7237,4.2794,76.332,50.0354
11:26:20,BUS-05,100,4.4224,1.7379,4.2543,76.353,50.0353
11:26:30,BUS-05,100,4.1903,1.6757,4.2738,76.372,50.0281
11:26:40,BUS-05,100,4.3731,1.7647,4.2793,76.392,50.0284
11:26:50,BUS-05,100,4.4812,1.7242,4.2248,76.414,50.0322
11:27:00,BUS-05,100,4.423,1.7421,4.2347,76.435,50.0268
11:27:10,BUS-05,100,4.5766,1.7015,4.2473,76.457,50.0381
11:27:20,BUS-05,100,4.2208,1.7754,4.3021,76.476,50.0381
11:27:30,BUS-05,100,4.275,1.7771,4.2614,76.496,50.0422
11:27:40,BUS-05,100,4.3148,1.7635,4.2482,76.515,50.0417
11:27:50,BUS-05,100,4.3864,1.7484,4.2638,76.536,50.0461
11:28:00,BUS-05,100,4.3956,1.7473,4.248,76.557,50.0436
11:28:10,BUS-05,100,4.4183,1.7564,4.245,76.577,50.0437
11:28:20,BUS-05,100,4.3145,1.7354,4.2608,76.597,50.0341
11:28:30,BUS-05,100,4.275,1.7524,4.2347,76.617,50.0407
11:28:40,BUS-05,100,4.4366,1.7642,4.2606,76.638,50.0427
11:28:50,BUS-05,100,4.4073,1.7626,4.2219,76.658,50.0371
11:29:00,BUS-05,100,4.6129,1.7441,4.2229,76.681,50.0428
11:29:10,BUS-05,100,4.4958,1.7482,4.2192,76.702,50.0474
11:29:20,BUS-05,100,4.4429,1.7589,4.2188,76.723,50.0422
11:29:30,BUS-05,100,4.4506,1.7735,4.2371,76.744,50.0403
11:29:40,BUS-05,100,4.4202,1.7664,4.2318,76.764,50.0456
11:29:50,BUS-05,100,4.3936,1.7209,4.2276,76.785,50.0407
11:30:00,BUS-05,100,4.6342,1.7737,4.2207,76.807,50.0447
11:30:10,BUS-05,100,4.2775,1.7185,4.2432,76.827,50.0415
11:30:20,BUS-05,100,4.3516,1.7275,4.2508,76.848,50.0474
11:30:30,BUS-05,100,4.4413,1.7444,4.2332,76.869,50.0518
11:30:40,BUS-05,100,4.2041,1.7497,4.2131,76.888,50.0403
11:30:50,BUS-05,100,4.4107,1.6851,4.2079,76.909,50.0438
11:31:00,BUS-05,100,4.4717,1.7559,4.1975,76.93,50.0423
11:31:10,BUS-05,100,4.5957,1.7825,4.2461,76.952,50.0402
11:31:20,BUS-05,100,4.3107,1.7464,4.2009,76.972,50.0349
11:31:30,BUS-05,100,4.2034,1.7365,4.2443,76.991,50.0379
11:31:40,BUS-05,100,4.4917,1.7097,4.2153,77.013,50.034
11:31:50,BUS-05,100,4.4253,1.759,4.2189,77.033,50.0281
11:32:00,BUS-05,100,4.4249,1.7421,4.2469,77.054,50.0346
11:32:10,BUS-05,100,4.3337,1.7888,4.2287,77.074,50.0298
11:32:20,BUS-05,100,4.1455,1.7592,4.2703,77.093,50.0255
11:32:30,BUS-05,100,4.321,1.7157,4.2295,77.113,50.0256
11:32:40,BUS-05,100,4.3764,1.747,4.2285,77.133,50.0204
11:32:50,BUS-05,100,4.3317,1.7491,4.2342,77.153,50.0211
11:33:00,BUS-05,100,4.2147,1.7107,4.2113,77.173,50.017
11:33:10,BUS-05,100,4.341,1.6699,4.2061,77.194,50.0248
11:33:20,BUS-05,100,4.0399,1.7771,4.2668,77.211,50.0202
11:33:30,BUS-05,100,4.3559,1.7921,4.2246,77.231,50.0212
11:33:40,BUS-05,100,4.3744,1.7192,4.2111,77.252,50.0166
11:33:50,BUS-05,100,4.6397,1.7518,4.1789,77.274,50.0223
11:34:00,BUS-05,100,4.2527,1.7497,4.2161,77.294,50.0191
11:34:10,BUS-05,100,4.5486,1.7636,4.2016,77.315,50.0155
11:34:20,BUS-05,100,4.2658,1.7724,4.2062,77.335,50.0214
11:34:30,BUS-05,100,4.5301,1.8183,4.2044,77.356,50.0288
11:34:40,BUS-05,100,4.2886,1.7805,4.1819,77.375,50.0235
11:34:50,BUS-05,100,4.3325,1.7686,4.2196,77.395,50.0278
11:35:00,BUS-05,100,4.521,1.7194,4.1928,77.417,50.032
11:35:10,BUS-05,100,4.4247,1.7673,4.2177,77.438,50.0305
11:35:20,BUS-05,100,4.2687,1.7294,4.2258,77.458,50.0262
11:35:30,BUS-05,100,4.6844,1.7476,4.1635,77.48,50.019
11:35:40,BUS-05,100,4.466,1.7447,4.1885,77.502,50.0234
11:35:50,BUS-05,100,4.5422,1.7301,4.1405,77.523,50.0316
11:36:00,BUS-05,100,4.4706,1.7727,4.1834,77.544,50.0271
11:36:10,BUS-05,100,4.4355,1.7655,4.173,77.565,50.0263
11:36:20,BUS-05,100,4.3437,1.7658,4.1891,77.585,50.0261
11:36:30,BUS-05,100,4.5324,1.764,4.1937,77.607,50.0298
11:36:40,BUS-05,100,4.4952,1.7225,4.1708,77.628,50.0314
11:36:50,BUS-05,100,4.0608,1.7552,4.2107,77.646,50.0263
11:37:00,BUS-05,100,4.5018,1.7,4.1815,77.668,50.0298
11:37:10,BUS-05,100,4.4992,1.7541,4.1755,77.689,50.0298
11:37:20,BUS-05,100,4.5463,1.7739,4.1776,77.711,50.0214
11:37:30,BUS-05,100,4.2882,1.7455,4.2106,77.731,50.025
11:37:40,BUS-05,100,4.2874,1.7343,4.1821,77.751,50.029
11:37:50,BUS-05,100,4.1739,1.7535,4.2213,77.769,50.027
11:38:00,BUS-05,100,4.4215,1.7504,4.1958,77.79,50.0371
11:38:10,BUS-05,100,4.5218,1.8007,4.1483,77.811,50.042
11:38:20,BUS-05,100,4.2177,1.7417,4.1977,77.831,50.047
11:38:30,BUS-05,100,4.3381,1.7606,4.1385,77.851,50.0424
11:38:40,BUS-05,100,4.4282,1.8238,4.1588,77.871,50.0418
11:38:50,BUS-05,100,4.4901,1.7632,4.1818,77.892,50.0419
11:39:00,BUS-05,100,4.4835,1.743,4.1788,77.914,50.0447
11:39:10,BUS-05,100,4.427,1.7758,4.1848,77.934,50.0384
11:39:20,BUS-05,100,4.3153,1.7557,4.155,77.954,50.0397
11:39:30,BUS-05,100,4.5453,1.7518,4.1559,77.976,50.0454
11:39:40,BUS-05,100,4.5148,1.7687,4.1521,77.997,50.0433
11:39:50,BUS-05,100,4.4648,1.779,4.1874,78.018,50.0419
11:40:00,BUS-05,100,4.3824,1.776,4.2066,78.038,50.0406
11:40:10,BUS-05,100,4.4088,1.7493,4.1748,78.059,50.0371
11:40:20,BUS-05,100,4.5041,1.7353,4.1463,78.081,50.0409
11:40:30,BUS-05,100,4.2466,1.7467,4.1609,78.1,50.037
11:40:40,BUS-05,100,4.3895,1.7531,4.1817,78.12,50.0352
11:40:50,BUS-05,100,4.162,1.8125,4.1939,78.139,50.0281
11:41:00,BUS-05,100,4.3751,1.7426,4.1893,78.159,50.0323
11:41:10,BUS-05,100,4.4082,1.8022,4.1612,78.179,50.0324
11:41:20,BUS-05,100,4.291,1.7668,4.1667,78.199,50.0242
11:41:30,BUS-05,100,4.5502,1.7979,4.1504,78.221,50.0201
11:41:40,BUS-05,100,4.4873,1.7557,4.1694,78.242,50.0167
11:41:50,BUS-05,100,4.5263,1.7674,4.1189,78.263,50.0221
11:42:00,BUS-05,100,4.6519,1.7675,4.1574,78.286,50.0248
11:42:10,BUS-05,100,4.384,1.785,4.1795,78.306,50.0234
11:42:20,BUS-05,100,4.6444,1.8085,4.1558,78.328,50.0226
11:42:30,BUS-05,100,4.4342,1.7381,4.1627,78.349,50.0212
11:42:40,BUS-05,100,4.6187,1.7835,4.1541,78.371,50.0215
11:42:50,BUS-05,100,4.4529,1.786,4.1621,78.392,50.016
11:43:00,BUS-05,100,4.5583,1.7844,4.1389,78.413,50.0187
11:43:10,BUS-05,100,4.5153,1.7869,4.1772,78.434,50.0223
11:43:20,BUS-05,100,4.7216,1.7605,4.142,78.458,50.0143
11:43:30,BUS-05,100,4.7222,1.7556,4.1423,78.481,50.0129
11:43:40,BUS-05,100,4.3041,1.7515,4.1714,78.5,50.0134
11:43:50,BUS-05,100,4.7763,1.7597,4.1446,78.524,50.0194
11:44:00,BUS-05,100,4.3276,1.7518,4.1365,78.544,50.0162
11:44:10,BUS-05,100,4.17,1.7913,4.1587,78.562,50.016
11:44:20,BUS-05,100,4.4852,1.7541,4.1315,78.584,50.0206
11:44:30,BUS-05,100,4.4969,1.8017,4.1628,78.605,50.0229
11:44:40,BUS-05,100,4.5697,1.7786,4.1422,78.626,50.0233
11:44:50,BUS-05,100,4.3855,1.795,4.1262,78.646,50.0158
11:45:00,BUS-05,100,4.5329,1.7563,4.1266,78.668,50.0191
11:45:10,BUS-05,100,4.5565,1.7946,4.1219,78.69,50.0259
11:45:20,BUS-05,100,4.554,1.797,4.1332,78.711,50.0227
11:45:30,BUS-05,100,4.4303,1.7584,4.109,78.732,50.0244
11:45:40,BUS-05,100,4.3532,1.76,4.1303,78.752,50.0246
11:45:50,BUS-05,100,4.3469,1.7936,4.1546,78.772,50.0227
11:46:00,BUS-05,100,4.4817,1.7926,4.1493,78.793,50.025
11:46:10,BUS-05,100,4.4126,1.8211,4.1226,78.813,50.0216
11:46:20,BUS-05,100,4.3432,1.8312,4.1496,78.832,50.0163
11:46:30,BUS-05,100,4.2984,1.8134,4.1227,78.852,50.0169
11:46:40,BUS-05,100,4.68,1.7673,4.107,78.874,50.024
11:46:50,BUS-05,100,4.5014,1.7882,4.1068,78.896,50.0223
11:47:00,BUS-05,100,4.7317,1.7553,4.1239,78.919,50.0234
11:47:10,BUS-05,100,4.6378,1.7681,4.1085,78.941,50.0261
11:47:20,BUS-05,100,4.3407,1.8412,4.1265,78.96,50.0216
11:47:30,BUS-05,100,4.4172,1.7674,4.1224,78.981,50.0204
11:47:40,BUS-05,100,4.2344,1.8307,4.1308,79.0,50.0136
11:47:50,BUS-05,100,4.6009,1.7765,4.1197,79.022,50.023
11:48:00,BUS-05,100,4.7857,1.7949,4.0789,79.045,50.0216
11:48:10,BUS-05,100,4.4945,1.7892,4.1058,79.066,50.0187
11:48:20,BUS-05,100,4.4308,1.7554,4.1132,79.087,50.0169
11:48:30,BUS-05,100,4.6464,1.7619,4.1337,79.109,50.0227
11:48:40,BUS-05,100,4.4762,1.7774,4.1177,79.13,50.0207
11:48:50,BUS-05,100,4.4469,1.7848,4.115,79.151,50.0136
11:49:00,BUS-05,100,4.2097,1.8105,4.149,79.17,50.0109
11:49:10,BUS-05,100,4.4583,1.8263,4.1488,79.19,50.0173
11:49:20,BUS-05,100,4.4099,1.8276,4.1398,79.21,50.0157
11:49:30,BUS-05,100,4.3982,1.7993,4.1261,79.23,50.0165
11:49:40,BUS-05,100,4.4369,1.7885,4.0917,79.251,50.0176
11:49:50,BUS-05,100,4.6337,1.8406,4.1014,79.273,50.0268
11:50:00,BUS-05,100,4.5482,1.798,4.0763,79.294,50.0302
11:50:10,BUS-05,100,4.3389,1.8046,4.1117,79.314,50.0276
11:50:20,BUS-05,100,4.544,1.8411,4.1309,79.335,50.0298
11:50:30,BUS-05,100,4.3761,1.7941,4.1109,79.355,50.0279
11:50:40,BUS-05,100,4.585,1.7977,4.0986,79.377,50.0302
11:50:50,BUS-05,100,4.5118,1.824,4.1089,79.397,50.0331
11:51:00,BUS-05,100,4.3244,1.7625,4.1345,79.417,50.0249
11:51:10,BUS-05,100,4.411,1.8088,4.1177,79.438,50.022
11:51:20,BUS-05,100,4.5172,1.7946,4.0832,79.459,50.021
11:51:30,BUS-05,100,4.3481,1.8406,4.1394,79.478,50.0195
11:51:40,BUS-05,100,4.5685,1.75,4.0895,79.5,50.0246
11:51:50,BUS-05,100,4.3177,1.8067,4.1464,79.52,50.013
11:52:00,BUS-05,100,4.5945,1.7923,4.0961,79.542,50.0226
11:52:10,BUS-05,100,4.5711,1.8126,4.102,79.563,50.0294
11:52:20,BUS-05,100,4.438,1.8345,4.107,79.583,50.0263
11:52:30,BUS-05,100,4.5485,1.8119,4.1077,79.605,50.0361
11:52:40,BUS-05,100,4.7419,1.8034,4.0829,79.627,50.0395
11:52:50,BUS-05,100,4.4338,1.8153,4.104,79.648,50.0309
11:53:00,BUS-05,100,4.3634,1.7943,4.1017,79.668,50.0308
11:53:10,BUS-05,100,4.2424,1.7871,4.1418,79.687,50.0288
11:53:20,BUS-05,100,4.6227,1.8272,4.1022,79.709,50.0329
11:53:30,BUS-05,100,4.4186,1.7858,4.0741,79.729,50.0331
11:53:40,BUS-05,100,4.5197,1.8058,4.0786,79.75,50.0406
11:53:50,BUS-05,100,4.3934,1.816,4.0562,79.77,50.036
11:54:00,BUS-05,100,4.6333,1.78,4.0796,79.792,50.0409
11:54:10,BUS-05,100,4.5527,1.8716,4.0867,79.813,50.0332
11:54:20,BUS-05,100,4.6946,1.8045,4.0793,79.836,50.0321
11:54:30,BUS-05,100,4.3738,1.8326,4.0669,79.856,50.0285
11:54:40,BUS-05,100,4.189,1.8095,4.1396,79.874,50.0253
11:54:50,BUS-05,100,4.4889,1.8183,4.1224,79.895,50.0297
11:55:00,BUS-05,100,4.6209,1.8226,4.0695,79.917,50.0298
11:55:10,BUS-05,100,4.4595,1.7802,4.1011,79.937,50.026
11:55:20,BUS-05,100,4.4675,1.8258,4.0405,79.958,50.024
11:55:30,BUS-05,100,4.5239,1.7932,4.0296,79.979,50.0285
11:55:40,BUS-05,100,4.5048,1.745,4.0727,80.001,50.0252
11:55:50,BUS-05,100,4.5621,1.7972,4.0658,80.022,50.0187
11:56:00,BUS-05,100,4.5119,1.8356,4.0885,80.043,50.0159
11:56:10,BUS-05,100,4.3664,1.8184,4.1016,80.063,50.0187
11:56:20,BUS-05,100,4.6101,1.8076,4.0818,80.085,50.0183
11:56:30,BUS-05,100,4.3605,1.8064,4.1074,80.104,50.0145
11:56:40,BUS-05,100,4.4393,1.7971,4.0679,80.125,50.0146
11:56:50,BUS-05,100,4.7802,1.8382,4.064,80.148,50.0253
11:57:00,BUS-05,100,4.4401,1.8331,4.0629,80.168,50.0203
11:57:10,BUS-05,100,4.4413,1.8519,4.0721,80.188,50.0184
11:57:20,BUS-05,100,4.4136,1.8188,4.0839,80.209,50.0198
11:57:30,BUS-05,100,4.3219,1.85,4.079,80.228,50.0207
11:57:40,BUS-05,100,4.7027,1.803,4.049,80.25,50.0292
11:57:50,BUS-05,100,4.485,1.8281,4.066,80.271,50.0313
11:58:00,BUS-05,100,4.4604,1.8285,4.0725,80.291,50.0311
11:58:10,BUS-05,100,4.5024,1.7991,4.0587,80.312,50.0359
11:58:20,BUS-05,100,4.5375,1.8058,4.0794,80.334,50.033
11:58:30,BUS-05,100,4.1837,1.8356,4.0778,80.352,50.0258
11:58:40,BUS-05,100,4.6138,1.8393,4.0494,80.374,50.0265
11:58:50,BUS-05,100,4.4403,1.8153,4.0873,80.394,50.0282
11:59:00,BUS-05,100,4.6347,1.8338,4.0555,80.416,50.0344
11:59:10,BUS-05,100,4.3919,1.8066,4.0874,80.436,50.035
11:59:20,BUS-05,100,4.4468,1.846,4.0754,80.456,50.0333
11:59:30,BUS-05,100,4.538,1.8528,4.0504,80.477,50.035
11:59:40,BUS-05,100,4.5624,1.8315,4.0873,80.498,50.0316
11:59:50,BUS-05,100,4.6146,1.7952,4.0539,80.52,50.032
12:00:00,BUS-05,100,4.4166,1.7992,4.0635,80.54,50.0326
12:00:10,BUS-05,100,4.6097,1.8116,4.0541,80.562,50.0375
12:00:20,BUS-05,100,4.7205,1.8275,4.0492,80.585,50.0377
12:00:30,BUS-05,100,4.3066,1.8331,4.0779,80.604,50.0248
12:00:40,BUS-05,100,4.5194,1.8454,4.0485,80.625,50.0256
12:00:50,BUS-05,100,4.4533,1.8443,4.0743,80.645,50.0192
12:01:00,BUS-05,100,4.5436,1.8293,4.0754,80.666,50.0258
12:01:10,BUS-05,100,4.4701,1.8383,4.0648,80.687,50.0172
12:01:20,BUS-05,100,4.6684,1.8196,4.0495,80.709,50.0264
12:01:30,BUS-05,100,4.4837,1.8609,4.0457,80.729,50.0243
12:01:40,BUS-05,100,4.5218,1.8161,4.0401,80.75,50.0302
12:01:50,BUS-05,100,4.8044,1.8464,4.0268,80.773,50.0283
12:02:00,BUS-05,100,4.6275,1.8258,4.0622,80.795,50.035
12:02:10,BUS-05,100,4.3816,1.8246,4.0608,80.815,50.0317
12:02:20,BUS-05,100,4.3759,1.8326,4.0502,80.835,50.0375
12:02:30,BUS-05,100,4.523,1.8448,4.0512,80.856,50.0342
12:02:40,BUS-05,100,4.4698,1.8273,4.0447,80.876,50.0368
12:02:50,BUS-05,100,4.6449,1.8959,4.0033,80.897,50.034
12:03:00,BUS-05,100,4.5284,1.8615,4.0332,80.918,50.0333
12:03:10,BUS-05,100,4.2472,1.789,4.0904,80.937,50.0408
12:03:20,BUS-05,100,4.7449,1.8134,4.0372,80.96,50.0381
12:03:30,BUS-05,100,4.3807,1.8478,4.0405,80.98,50.0312
12:03:40,BUS-05,100,4.6704,1.8301,4.0385,81.002,50.0388
12:03:50,BUS-05,100,4.2572,1.8597,4.0657,81.021,50.0411
12:04:00,BUS-05,100,4.4442,1.794,4.047,81.041,50.0403
12:04:10,BUS-05,100,4.1835,1.8386,4.0971,81.059,50.0408
12:04:20,BUS-05,100,4.6928,1.8023,4.0409,81.082,50.0511
12:04:30,BUS-05,100,4.3096,1.8753,4.0442,81.101,50.0469
12:04:40,BUS-05,100,4.3656,1.8958,4.075,81.12,50.0407
12:04:50,BUS-05,100,4.4996,1.8486,4.0515,81.141,50.0423
12:05:00,BUS-05,100,4.4003,1.8792,4.042,81.16,50.0375
12:05:10,BUS-05,100,4.4976,1.8303,4.0438,81.181,50.0334
12:05:20,BUS-05,100,4.4544,1.7981,4.0351,81.202,50.0322
12:05:30,BUS-05,100,4.7164,1.8737,4.0488,81.224,50.0387
12:05:40,BUS-05,100,4.6858,1.8256,4.0249,81.246,50.0382
12:05:50,BUS-05,100,4.3165,1.8413,4.0487,81.265,50.0308
12:06:00,BUS-05,100,4.4795,1.8442,4.0191,81.286,50.0292
12:06:10,BUS-05,100,4.3374,1.8348,4.046,81.305,50.0231
12:06:20,BUS-05,100,4.3849,1.8398,4.0482,81.325,50.0172
12:06:30,BUS-05,100,4.4418,1.8578,4.0022,81.345,50.0175
12:06:40,BUS-05,100,4.3492,1.8605,4.0371,81.365,50.0206
12:06:50,BUS-05,100,4.4717,1.8321,4.0782,81.385,50.0162
12:07:00,BUS-05,100,4.5119,1.7934,4.023,81.406,50.0154
12:07:10,BUS-05,100,4.2459,1.8747,4.0618,81.425,50.0124
12:07:20,BUS-05,100,4.5509,1.8405,3.9996,81.446,50.0151
12:07:30,BUS-05,100,4.4422,1.8014,4.0321,81.466,50.019
12:07:40,BUS-05,100,4.5111,1.8821,4.0343,81.487,50.0209
12:07:50,BUS-05,100,4.5754,1.7905,4.0118,81.508,50.0194
12:08:00,BUS-05,100,4.331,1.9033,4.0505,81.527,50.0169
12:08:10,BUS-05,100,4.4984,1.8426,4.0589,81.548,50.0187
12:08:20,BUS-05,100,4.3595,1.784,4.0414,81.568,50.025
12:08:30,BUS-05,100,4.3769,1.8186,4.0758,81.588,50.0244
12:08:40,BUS-05,100,4.359,1.8537,4.0266,81.607,50.0253
12:08:50,BUS-05,100,4.5379,1.8819,4.0266,81.628,50.0326
12:09:00,BUS-05,100,4.5539,1.8971,4.0068,81.649,50.0337
12:09:10,BUS-05,100,4.5511,1.8296,4.0573,81.67,50.0323
12:09:20,BUS-05,100,4.3958,1.8413,4.0215,81.69,50.0343
12:09:30,BUS-05,100,4.486,1.8532,4.0454,81.71,50.032
12:09:40,BUS-05,100,4.6456,1.8448,3.9861,81.732,50.0326
12:09:50,BUS-05,100,4.4288,1.8083,4.0236,81.752,50.0298
12:10:00,BUS-05,100,4.3311,1.8572,4.014,81.772,50.0291
12:10:10,BUS-05,100,4.8452,1.8245,3.9835,81.795,50.0408
12:10:20,BUS-05,100,4.6905,1.8933,4.03,81.817,50.0413
12:10:30,BUS-05,100,4.4822,1.8372,4.0273,81.837,50.0352
12:10:40,BUS-05,100,4.4312,1.8098,4.0111,81.858,50.0364
12:10:50,BUS-05,100,4.7455,1.8544,4.0194,81.88,50.0352
12:11:00,BUS-05,100,4.3732,1.8262,4.0403,81.9,50.0319
12:11:10,BUS-05,100,4.401,1.8257,4.0093,81.92,50.0304
12:11:20,BUS-05,100,4.4032,1.8511,4.0277,81.94,50.0291
12:11:30,BUS-05,100,4.6552,1.8346,3.9875,81.962,50.0298
12:11:40,BUS-05,100,4.7028,1.903,4.0141,81.984,50.0302
12:11:50,BUS-05,100,4.4307,1.8563,4.0231,82.004,50.0306
12:12:00,BUS-05,100,4.2508,1.8828,4.0368,82.022,50.0314
12:12:10,BUS-05,100,4.4418,1.8286,3.9925,82.042,50.0324
12:12:20,BUS-05,100,4.6053,1.832,3.9943,82.064,50.0281
12:12:30,BUS-05,100,4.422,1.7827,4.0096,82.085,50.0286
12:12:40,BUS-05,100,4.3488,1.8499,4.0064,82.104,50.0295
12:12:50,BUS-05,100,4.5284,1.8742,4.0317,82.125,50.0299
12:13:00,BUS-05,100,4.6381,1.8384,3.9956,82.146,50.0323
12:13:10,BUS-05,100,4.559,1.8774,4.0025,82.167,50.0309
12:13:20,BUS-05,100,4.5115,1.8559,3.9892,82.188,50.0294
12:13:30,BUS-05,100,4.4849,1.7784,4.0205,82.209,50.0293
12:13:40,BUS-05,100,4.6541,1.8632,3.992,82.231,50.0376
12:13:50,BUS-05,100,4.6104,1.8277,3.9896,82.252,50.0347
12:14:00,BUS-05,100,4.5747,1.8913,3.9794,82.273,50.0378
12:14:10,BUS-05,100,4.6513,1.8527,3.9943,82.295,50.0335
12:14:20,BUS-05,100,4.189,1.8633,4.0168,82.313,50.0342
12:14:30,BUS-05,100,4.727,1.8486,3.9909,82.335,50.0331
12:14:40,BUS-05,100,4.5062,1.8403,4.0217,82.356,50.0274
12:14:50,BUS-05,100,4.5492,1.822,3.9928,82.377,50.0308
12:15:00,BUS-05,100,4.4646,1.8458,4.0096,82.398,50.0338
12:15:10,BUS-05,100,4.3531,1.8515,4.0196,82.417,50.0328
12:15:20,BUS-05,100,4.6945,1.8532,4.023,82.439,50.029
12:15:30,BUS-05,100,4.3466,1.8493,4.0241,82.459,50.0184
12:15:40,BUS-05,100,4.4712,1.8707,4.004,82.479,50.0206
12:15:50,BUS-05,100,4.6563,1.8433,3.9818,82.501,50.0267
12:16:00,BUS-05,100,4.6856,1.8098,3.9615,82.523,50.0263
12:16:10,BUS-05,100,4.5679,1.8917,3.9668,82.544,50.0167
12:16:20,BUS-05,100,4.3309,1.845,4.0499,82.563,50.0153
12:16:30,BUS-05,100,4.4951,1.9395,4.0161,82.583,50.0209
12:16:40,BUS-05,100,4.3014,1.8535,4.007,82.602,50.0249
12:16:50,BUS-05,100,4.5965,1.8698,4.0138,82.623,50.0255
12:17:00,BUS-05,100,4.5313,1.8596,4.002,82.644,50.0238
12:17:10,BUS-05,100,4.4257,1.886,3.9937,82.664,50.0254
12:17:20,BUS-05,100,4.4564,1.8238,4.0014,82.684,50.0295
12:17:30,BUS-05,100,4.4099,1.8886,4.0021,82.704,50.0272
12:17:40,BUS-05,100,4.4853,1.8761,3.9685,82.724,50.0248
12:17:50,BUS-05,100,4.6457,1.892,4.0047,82.746,50.0246
12:18:00,BUS-05,100,4.5627,1.8577,3.9768,82.767,50.03
12:18:10,BUS-05,100,4.2663,1.8381,4.0132,82.786,50.0282
12:18:20,BUS-05,100,4.5832,1.8843,4.0021,82.807,50.032
12:18:30,BUS-05,100,4.5542,1.8318,3.9793,82.828,50.0344
12:18:40,BUS-05,100,4.5609,1.9091,4.0007,82.848,50.0389
12:18:50,BUS-05,100,4.7634,1.8561,3.9656,82.871,50.0458
12:19:00,BUS-05,100,4.3611,1.8581,3.9933,82.891,50.0393
12:19:10,BUS-05,100,4.4441,1.8676,3.9893,82.911,50.0416
12:19:20,BUS-05,100,4.4327,1.8177,3.9665,82.931,50.0374
12:19:30,BUS-05,100,4.6252,1.8553,3.942,82.952,50.0343
12:19:40,BUS-05,100,4.9063,1.8581,3.9554,82.976,50.0352
12:19:50,BUS-05,100,4.6178,1.8514,3.9705,82.998,50.0378
12:20:00,BUS-05,100,4.3545,1.8965,3.9768,83.017,50.0346
12:20:10,BUS-05,100,4.4184,1.8689,3.9713,83.037,50.0362
12:20:20,BUS-05,100,4.5168,1.8704,3.9681,83.057,50.0346
12:20:30,BUS-05,100,4.4478,1.831,3.9806,83.078,50.0357
12:20:40,BUS-05,100,4.6733,1.869,3.9719,83.099,50.0363
12:20:50,BUS-05,100,4.5713,1.8882,3.9776,83.12,50.0362
12:21:00,BUS-05,100,4.4913,1.9194,3.9941,83.14,50.033
12:21:10,BUS-05,100,4.6933,1.9115,3.9806,83.162,50.0355
12:21:20,BUS-05,100,4.5117,1.8799,3.9886,83.182,50.0363
12:21:30,BUS-05,100,4.7351,1.8701,3.9817,83.205,50.0372
12:21:40,BUS-05,100,4.7878,1.9254,3.9563,83.227,50.0381
12:21:50,BUS-05,100,4.4936,1.8219,3.9489,83.248,50.0453
12:22:00,BUS-05,100,4.6147,1.8236,3.9347,83.269,50.048
12:22:10,BUS-05,100,4.5473,1.8657,3.9873,83.29,50.0393
12:22:20,BUS-05,100,4.6543,1.8304,3.9489,83.312,50.0412
12:22:30,BUS-05,100,4.4547,1.8227,3.9727,83.333,50.0379
12:22:40,BUS-05,100,4.4722,1.8515,3.9606,83.353,50.0407
12:22:50,BUS-05,100,4.5627,1.8625,3.982,83.374,50.0407
12:23:00,BUS-05,100,4.4524,1.9124,3.9335,83.394,50.0389
12:23:10,BUS-05,100,4.5908,1.8592,3.9857,83.415,50.036
12:23:20,BUS-05,100,4.6826,1.8162,3.937,83.437,50.0353
12:23:30,BUS-05,100,4.4635,1.8558,3.9513,83.458,50.0281
12:23:40,BUS-05,100,4.6275,1.855,3.9809,83.479,50.0321
12:23:50,BUS-05,100,4.4509,1.8528,3.9753,83.499,50.0289
12:24:00,BUS-05,100,4.7366,1.8832,3.9546,83.522,50.0351
12:24:10,BUS-05,100,4.3926,1.9086,3.9917,83.541,50.0253
12:24:20,BUS-05,100,4.5145,1.8754,3.9627,83.561,50.0315
12:24:30,BUS-05,100,4.5493,1.8678,3.9797,83.582,50.0347
12:24:40,BUS-05,100,4.5336,1.8745,3.9848,83.603,50.0245
12:24:50,BUS-05,100,4.4914,1.8272,3.9592,83.624,50.0355
12:25:00,BUS-05,100,4.7153,1.8271,3.9433,83.646,50.0357
12:25:10,BUS-05,100,4.5963,1.8672,3.9561,83.667,50.0368
12:25:20,BUS-05,100,4.3746,1.9034,3.9682,83.687,50.0361
12:25:30,BUS-05,100,4.4061,1.8921,3.9977,83.706,50.0342
12:25:40,BUS-05,100,4.3374,1.841,3.9708,83.726,50.0359
12:25:50,BUS-05,100,4.4766,1.8608,3.9485,83.746,50.0453
12:26:00,BUS-05,100,4.5179,1.8655,3.961,83.767,50.0406
12:26:10,BUS-05,100,4.3723,1.887,3.9562,83.786,50.0422
12:26:20,BUS-05,100,4.5403,1.8695,3.9312,83.807,50.056
12:26:30,BUS-05,100,4.835,1.8817,3.953,83.83,50.0546
12:26:40,BUS-05,100,4.3015,1.8801,3.9637,83.849,50.0479
12:26:50,BUS-05,100,4.2918,1.8767,3.9394,83.867,50.0489
12:27:00,BUS-05,100,4.6676,1.8697,3.9412,83.889,50.0536
12:27:10,BUS-05,100,4.4362,1.8682,3.9638,83.909,50.0597
12:27:20,BUS-05,100,4.3943,1.8746,3.9776,83.929,50.0543
12:27:30,BUS-05,100,4.3844,1.8581,3.9613,83.948,50.0498
12:27:40,BUS-05,100,4.4274,1.8803,3.9528,83.968,50.0473
12:27:50,BUS-05,100,4.5048,1.9105,3.9651,83.988,50.045
12:28:00,BUS-05,100,4.2812,1.8746,4.0012,84.007,50.0406
12:28:10,BUS-05,100,4.6508,1.8904,3.9227,84.028,50.041
12:28:20,BUS-05,100,4.6741,1.8568,3.9286,84.05,50.0369
12:28:30,BUS-05,100,4.458,1.9078,3.968,84.07,50.0326
12:28:40,BUS-05,100,4.4507,1.8793,3.9485,84.09,50.0337
12:28:50,BUS-05,100,4.5797,1.8759,3.9453,84.111,50.0307
12:29:00,BUS-05,100,4.5916,1.8452,3.9597,84.133,50.0339
12:29:10,BUS-05,100,4.6289,1.9067,3.934,84.154,50.0364
12:29:20,BUS-05,100,4.3677,1.9042,3.971,84.173,50.0422
12:29:30,BUS-05,100,4.3243,1.8948,3.9873,84.192,50.0448
12:29:40,BUS-05,100,4.4151,1.8341,3.9458,84.212,50.0432
12:29:50,BUS-05,100,4.7816,1.9175,3.9495,84.234,50.0411
12:30:00,BUS-05,100,4.6743,1.8714,3.9305,84.256,50.0299
12:30:10,BUS-05,100,4.387,1.9133,3.9551,84.275,50.0311
12:30:20,BUS-05,100,4.5678,1.9113,3.9361,84.296,50.0315
12:30:30,BUS-05,100,4.645,1.8746,3.9281,84.317,50.0328
12:30:40,BUS-05,100,4.276,1.9733,3.9841,84.335,50.0263
12:30:50,BUS-05,100,4.4866,1.8503,3.9249,84.356,50.0288
12:31:00,BUS-05,100,4.3345,1.8929,3.983,84.375,50.0237
12:31:10,BUS-05,100,4.569,1.8487,3.9563,84.396,50.0323
12:31:20,BUS-05,100,4.4556,1.8937,3.9551,84.416,50.0248
12:31:30,BUS-05,100,4.4181,1.8932,3.969,84.436,50.021
12:31:40,BUS-05,100,4.5459,1.8511,3.9146,84.457,50.022
12:31:50,BUS-05,100,4.5682,1.9266,3.9226,84.477,50.0245
12:32:00,BUS-05,100,4.523,1.8775,3.9702,84.498,50.0223
12:32:10,BUS-05,100,4.5794,1.8242,3.9102,84.519,50.0169
12:32:20,BUS-05,100,4.5604,1.8451,3.9269,84.54,50.0151
12:32:30,BUS-05,100,4.2829,1.8557,3.9443,84.559,50.0096
12:32:40,BUS-05,100,4.4297,1.8723,3.9387,84.579,50.0034
12:32:50,BUS-05,100,4.4155,1.9156,3.9415,84.598,50.0049
12:33:00,BUS-05,100,4.4672,1.8617,3.9412,84.619,50.003
12:33:10,BUS-05,100,4.5205,1.8339,3.947,84.64,50.0002
12:33:20,BUS-05,100,4.2554,1.9096,3.957,84.658,50.0017
12:33:30,BUS-05,100,4.4012,1.9139,3.9469,84.677,50.0046
12:33:40,BUS-05,100,4.211,1.9166,3.9679,84.695,50.0075
12:33:50,BUS-05,100,4.4388,1.8673,3.9568,84.715,50.0162
12:34:00,BUS-05,100,4.3839,1.9291,3.9439,84.734,50.0083
12:34:10,BUS-05,100,4.4107,1.8759,3.9818,84.754,50.0158
12:34:20,BUS-05,100,4.2292,1.8923,3.951,84.772,50.0187
12:34:30,BUS-05,100,4.5818,1.8829,3.9307,84.793,50.025
12:34:40,BUS-05,100,4.5704,1.89,3.9654,84.814,50.0276
12:34:50,BUS-05,100,4.3627,1.7973,3.9546,84.834,50.0239
12:35:00,BUS-05,100,4.582,1.8885,3.9275,84.855,50.02
12:35:10,BUS-05,100,4.4602,1.9006,3.9455,84.875,50.0176
12:35:20,BUS-05,100,4.1833,1.9292,3.9696,84.892,50.0212
12:35:30,BUS-05,100,4.555,1.8585,3.9484,84.913,50.0268
12:35:40,BUS-05,100,4.5961,1.8601,3.9308,84.934,50.0238
12:35:50,BUS-05,100,4.4549,1.9028,3.9307,84.954,50.0246
12:36:00,BUS-05,100,4.3979,1.9134,3.9433,84.974,50.0211
12:36:10,BUS-05,100,4.3526,1.882,3.9439,84.993,50.0246
12:36:20,BUS-05,100,4.2643,1.9008,3.9498,85.011,50.0181
12:36:30,BUS-05,100,4.4468,1.8558,3.9529,85.031,50.0237
12:36:40,BUS-05,100,4.57,1.9257,3.9394,85.052,50.0218
12:36:50,BUS-05,100,4.5369,1.8694,3.9496,85.073,50.0185
12:37:00,BUS-05,100,4.4254,1.8962,3.9436,85.092,50.0123
12:37:10,BUS-05,100,4.4974,1.8698,3.9223,85.113,50.012
12:37:20,BUS-05,100,4.662,1.9025,3.9169,85.134,50.0101
12:37:30,BUS-05,100,4.4425,1.8961,3.9707,85.154,50.0076
12:37:40,BUS-05,100,4.5113,1.8615,3.9264,85.175,50.0088
12:37:50,BUS-05,100,4.5817,1.8207,3.9035,85.196,50.0112
12:38:00,BUS-05,100,4.4251,1.9327,3.9264,85.215,50.0073
12:38:10,BUS-05,100,4.466,1.916,3.9139,85.235,50.0086
12:38:20,BUS-05,100,4.5081,1.8604,3.8949,85.256,50.0115
12:38:30,BUS-05,100,4.4918,1.8614,3.9157,85.276,50.0236
12:38:40,BUS-05,100,4.5638,1.8233,3.8976,85.298,50.0234
12:38:50,BUS-05,100,4.4295,1.9025,3.9144,85.317,50.0176
12:39:00,BUS-05,100,4.4719,1.8832,3.9452,85.337,50.0121
12:39:10,BUS-05,100,4.6479,1.8509,3.9098,85.359,50.0174
12:39:20,BUS-05,100,4.38,1.8965,3.9633,85.379,50.0146
12:39:30,BUS-05,100,4.5689,1.871,3.9196,85.4,50.0147
12:39:40,BUS-05,100,4.2977,1.9147,3.9107,85.418,50.0136
12:39:50,BUS-05,100,4.4024,1.855,3.9424,85.438,50.0202
12:40:00,BUS-05,100,4.4405,1.8617,3.9037,85.458,50.022
12:40:10,BUS-05,100,4.639,1.8998,3.9058,85.479,50.0294
12:40:20,BUS-05,100,4.3319,1.8764,3.9335,85.498,50.0239
12:40:30,BUS-05,100,4.4681,1.9075,3.9415,85.518,50.0216
12:40:40,BUS-05,100,4.3748,1.9133,3.9346,85.537,50.02
12:40:50,BUS-05,100,4.4745,1.8418,3.9527,85.558,50.0253
12:41:00,BUS-05,100,4.4178,1.8941,3.9402,85.578,50.0236
12:41:10,BUS-05,100,4.3406,1.9114,3.948,85.596,50.0235
12:41:20,BUS-05,100,4.6393,1.832,3.9208,85.618,50.0274
12:41:30,BUS-05,100,4.4223,1.8878,3.9332,85.638,50.024
12:41:40,BUS-05,100,4.4196,1.914,3.9196,85.657,50.0195
12:41:50,BUS-05,100,4.5566,1.8618,3.939,85.678,50.0186
12:42:00,BUS-05,100,4.4427,1.8934,3.9207,85.698,50.0231
12:42:10,BUS-05,100,4.5588,1.8815,3.9003,85.719,50.0279
12:42:20,BUS-05,100,4.5303,1.9598,3.9214,85.739,50.0217
12:42:30,BUS-05,100,4.4834,1.9165,3.9613,85.759,50.0257
12:42:40,BUS-05,100,4.7229,1.9169,3.8943,85.781,50.0314
12:42:50,BUS-05,100,4.3603,1.9336,3.9451,85.8,50.0306
12:43:00,BUS-05,100,4.36,1.8669,3.9355,85.819,50.0303
12:43:10,BUS-05,100,4.4649,1.9291,3.9393,85.839,50.0381
12:43:20,BUS-05,100,4.3728,1.8735,3.9202,85.858,50.037
12:43:30,BUS-05,100,4.56,1.8894,3.9297,85.879,50.0392
12:43:40,BUS-05,100,4.3409,1.8727,3.9023,85.898,50.0303
12:43:50,BUS-05,100,4.4658,1.8798,3.9208,85.918,50.0306
12:44:00,BUS-05,100,4.3108,1.9509,3.9308,85.937,50.0267
12:44:10,BUS-05,100,4.6378,1.8672,3.9249,85.958,50.0316
12:44:20,BUS-05,100,4.7078,1.8612,3.8854,85.98,50.0416
12:44:30,BUS-05,100,4.4393,1.8932,3.9023,86.0,50.0394
12:44:40,BUS-05,100,4.5538,1.9069,3.879,86.021,50.0372
12:44:50,BUS-05,100,4.4034,1.8745,3.9138,86.04,50.0382
12:45:00,BUS-05,100,4.5386,1.8613,3.9229,86.061,50.0406
12:45:10,BUS-05,100,4.5971,1.8955,3.8812,86.082,50.042
12:45:20,BUS-05,100,4.5589,1.9,3.9351,86.103,50.0406
12:45:30,BUS-05,100,4.5486,1.8815,3.9113,86.124,50.0348
12:45:40,BUS-05,100,4.3211,1.879,3.9326,86.143,50.0265
12:45:50,BUS-05,100,4.3696,1.9069,3.9133,86.162,50.022
12:46:00,BUS-05,100,4.2933,1.9165,3.9074,86.18,50.0262
12:46:10,BUS-05,100,4.5428,1.9029,3.9056,86.201,50.0344
12:46:20,BUS-05,100,4.2632,1.8734,3.93,86.219,50.0347
12:46:30,BUS-05,100,4.397,1.8822,3.9223,86.239,50.0366
12:46:40,BUS-05,100,4.1652,1.9289,3.9354,86.256,50.0359
12:46:50,BUS-05,100,4.4104,1.8933,3.9329,86.276,50.038
12:47:00,BUS-05,100,4.2593,1.902,3.932,86.294,50.035
12:47:10,BUS-05,100,4.4572,1.9064,3.9339,86.314,50.0363
12:47:20,BUS-05,100,4.7426,1.865,3.8753,86.337,50.0373
12:47:30,BUS-05,100,4.5946,1.9184,3.93,86.357,50.0396
12:47:40,BUS-05,100,4.4594,1.9098,3.9171,86.377,50.0388
12:47:50,BUS-05,100,4.6648,1.8809,3.8982,86.399,50.0481
12:48:00,BUS-05,100,4.3847,1.89,3.9104,86.418,50.0364
12:48:10,BUS-05,100,4.4473,1.882,3.8853,86.438,50.0326
12:48:20,BUS-05,100,4.6795,1.9154,3.8968,86.46,50.0263
12:48:30,BUS-05,100,4.2936,1.9213,3.9305,86.478,50.0165
12:48:40,BUS-05,100,4.3639,1.8904,3.9452,86.497,50.0255
12:48:50,BUS-05,100,4.4399,1.9158,3.9313,86.517,50.0253
12:49:00,BUS-05,100,4.6476,1.8907,3.8892,86.538,50.0336
12:49:10,BUS-05,100,4.6584,1.9193,3.8851,86.56,50.036
12:49:20,BUS-05,100,4.4043,1.8903,3.9182,86.579,50.0336
12:49:30,BUS-05,100,4.5645,1.8882,3.8958,86.6,50.0407
12:49:40,BUS-05,100,4.5,1.8565,3.9136,86.621,50.0397
12:49:50,BUS-05,100,4.4898,1.8793,3.9266,86.641,50.035
12:50:00,BUS-05,100,4.3272,1.9469,3.9201,86.66,50.0217
12:50:10,BUS-05,100,4.4777,1.8843,3.9183,86.68,50.0253
12:50:20,BUS-05,100,4.3774,1.9768,3.9326,86.698,50.0223
12:50:30,BUS-05,100,4.5567,1.8471,3.8785,86.719,50.0244
12:50:40,BUS-05,100,4.5188,1.8759,3.9256,86.74,50.0281
12:50:50,BUS-05,100,4.3555,1.9126,3.9207,86.759,50.0286
12:51:00,BUS-05,100,4.1775,1.9669,3.9525,86.776,50.0326
12:51:10,BUS-05,100,4.4397,1.9122,3.8997,86.796,50.0339
12:51:20,BUS-05,100,4.7235,1.8563,3.8979,86.818,50.0417
12:51:30,BUS-05,100,4.1966,1.9113,3.9357,86.836,50.0333
12:51:40,BUS-05,100,4.3184,1.9341,3.922,86.854,50.0354
12:51:50,BUS-05,100,4.3479,1.9021,3.9219,86.873,50.0373
12:52:00,BUS-05,100,4.6133,1.8482,3.8812,86.895,50.0495
12:52:10,BUS-05,100,4.3212,1.9343,3.9526,86.914,50.0417
12:52:20,BUS-05,100,4.6533,1.9075,3.9118,86.935,50.0463
12:52:30,BUS-05,100,4.6424,1.8972,3.9065,86.956,50.0525
12:52:40,BUS-05,100,4.4026,1.886,3.9236,86.976,50.0446
12:52:50,BUS-05,100,4.3587,1.9172,3.9109,86.995,50.0464
12:53:00,BUS-05,100,4.5612,1.9543,3.8954,87.015,50.0535
12:53:10,BUS-05,100,4.2084,1.8742,3.9105,87.033,50.0511
12:53:20,BUS-05,100,4.4704,1.941,3.8923,87.053,50.0548
12:53:30,BUS-05,100,4.4755,1.886,3.8873,87.073,50.0565
12:53:40,BUS-05,100,4.3408,1.9128,3.9166,87.092,50.0558
12:53:50,BUS-05,100,4.5082,1.8946,3.9013,87.112,50.0606
12:54:00,BUS-05,100,4.3174,1.938,3.9061,87.131,50.0565
12:54:10,BUS-05,100,4.3282,1.9093,3.93,87.15,50.0549
12:54:20,BUS-05,100,4.216,1.8758,3.9345,87.168,50.0512
12:54:30,BUS-05,100,4.3273,1.9098,3.9154,87.187,50.0537
12:54:40,BUS-05,100,4.3299,1.925,3.9391,87.205,50.0534
12:54:50,BUS-05,100,4.4075,1.8844,3.9191,87.225,50.0554
12:55:00,BUS-05,100,4.4289,1.9134,3.9113,87.244,50.0471
12:55:10,BUS-05,100,4.4552,1.8666,3.9276,87.265,50.0375
12:55:20,BUS-05,100,4.502,1.9571,3.9038,87.284,50.0334
12:55:30,BUS-05,100,4.5293,1.9283,3.9224,87.305,50.0315
12:55:40,BUS-05,100,4.5122,1.9237,3.9046,87.325,50.0305
12:55:50,BUS-05,100,4.4656,1.883,3.923,87.345,50.0283
12:56:00,BUS-05,100,4.4679,1.9043,3.9112,87.365,50.0301
12:56:10,BUS-05,100,4.6079,1.8629,3.883,87.386,50.0333
12:56:20,BUS-05,100,4.3489,1.8758,3.9132,87.405,50.028
12:56:30,BUS-05,100,4.4522,1.8788,3.8941,87.425,50.0304
12:56:40,BUS-05,100,4.4213,1.9656,3.9157,87.445,50.0309
12:56:50,BUS-05,100,4.5244,1.8986,3.899,87.465,50.0387
12:57:00,BUS-05,100,4.5065,1.8788,3.9022,87.485,50.0299
12:57:10,BUS-05,100,4.4763,1.8976,3.8967,87.505,50.0239
12:57:20,BUS-05,100,4.3614,1.8738,3.9074,87.525,50.0262
12:57:30,BUS-05,100,4.5858,1.8857,3.862,87.546,50.0295
12:57:40,BUS-05,100,4.4827,1.873,3.9035,87.566,50.0308
12:57:50,BUS-05,100,4.3093,1.9095,3.8982,87.585,50.0283
12:58:00,BUS-05,100,4.3059,1.8784,3.9088,87.604,50.0256
12:58:10,BUS-05,100,4.3184,1.8953,3.907,87.622,50.0304
12:58:20,BUS-05,100,4.5523,1.9446,3.9127,87.643,50.0278
12:58:30,BUS-05,100,4.6086,1.8619,3.8724,87.664,50.0313
12:58:40,BUS-05,100,4.3654,1.8393,3.9218,87.684,50.0236
12:58:50,BUS-05,100,4.3856,1.8657,3.9053,87.703,50.0262
12:59:00,BUS-05,100,4.3816,1.9077,3.8942,87.723,50.0289
12:59:10,BUS-05,100,4.2556,1.9162,3.9015,87.741,50.0281
12:59:20,BUS-05,100,4.488,1.8945,3.8709,87.761,50.036
12:59:30,BUS-05,100,4.2832,1.8785,3.9001,87.78,50.038
12:59:40,BUS-05,100,4.3421,1.9198,3.9136,87.799,50.0316
12:59:50,BUS-05,100,4.5036,1.8679,3.9151,87.819,50.0372
13:00:00,BUS-05,100,4.6126,1.8713,3.8585,87.84,50.0417
13:00:10,BUS-05,100,4.6262,1.9621,3.8971,87.861,50.0357
13:00:20,BUS-05,100,4.3882,1.862,3.9124,87.881,50.0344
13:00:30,BUS-05,100,4.4014,1.8766,3.9088,87.9,50.0302
13:00:40,BUS-05,100,4.4137,1.9184,3.9168,87.92,50.0344
13:00:50,BUS-05,100,4.5551,1.9102,3.8924,87.94,50.0308
13:01:00,BUS-05,100,4.4004,1.8498,3.9131,87.96,50.0278
13:01:10,BUS-05,100,4.3185,1.8872,3.9078,87.979,50.0263
13:01:20,BUS-05,100,4.2873,1.9142,3.8897,87.998,50.0199
13:01:30,BUS-05,100,4.236,1.9321,3.9026,88.015,50.018
13:01:40,BUS-05,100,4.3264,1.9245,3.9009,88.034,50.025
13:01:50,BUS-05,100,4.4983,1.908,3.8782,88.054,50.0314
13:02:00,BUS-05,100,4.3884,1.8893,3.9148,88.074,50.023
13:02:10,BUS-05,100,4.4648,1.9107,3.9022,88.094,50.0188
13:02:20,BUS-05,100,4.5321,1.912,3.9044,88.114,50.0187
13:02:30,BUS-05,100,4.3404,1.9551,3.9076,88.133,50.0155
13:02:40,BUS-05,100,4.3491,1.8577,3.8897,88.152,50.0245
13:02:50,BUS-05,100,4.552,1.8943,3.8942,88.173,50.0292
13:03:00,BUS-05,100,4.3804,1.8903,3.9146,88.192,50.0275
13:03:10,BUS-05,100,4.5174,1.9019,3.9065,88.212,50.0219
13:03:20,BUS-05,100,4.3958,1.8848,3.912,88.232,50.0199
13:03:30,BUS-05,100,4.475,1.8964,3.8995,88.252,50.0185
13:03:40,BUS-05,100,4.5381,1.9343,3.8967,88.272,50.0187
13:03:50,BUS-05,100,4.3768,1.8893,3.9224,88.291,50.0186
13:04:00,BUS-05,100,4.5815,1.9161,3.87,88.312,50.0279
13:04:10,BUS-05,100,4.3331,1.9084,3.8919,88.331,50.0191
13:04:20,BUS-05,100,4.6077,1.8855,3.8819,88.352,50.024
13:04:30,BUS-05,100,4.2924,1.8988,3.9095,88.371,50.0216
13:04:40,BUS-05,100,4.3202,1.8539,3.9147,88.39,50.0365
13:04:50,BUS-05,100,4.4748,1.8969,3.8974,88.41,50.0333
13:05:00,BUS-05,100,4.1799,1.9242,3.9156,88.428,50.0263
13:05:10,BUS-05,100,4.3209,1.8917,3.9234,88.447,50.0296
13:05:20,BUS-05,100,4.5188,1.9092,3.8842,88.467,50.0358
13:05:30,BUS-05,100,4.3374,1.9071,3.9022,88.486,50.0358
13:05:40,BUS-05,100,4.604,1.8943,3.8614,88.507,50.0379
13:05:50,BUS-05,100,4.4226,1.9028,3.9013,88.526,50.0331
13:06:00,BUS-05,100,4.317,1.9279,3.8998,88.545,50.0305
13:06:10,BUS-05,100,4.367,1.9086,3.9027,88.564,50.0276
13:06:20,BUS-05,100,4.1632,1.9504,3.9298,88.581,50.0195
13:06:30,BUS-05,100,4.6326,1.8608,3.8601,88.603,50.0211
13:06:40,BUS-05,100,4.5197,1.885,3.8995,88.623,50.0239
13:06:50,BUS-05,100,4.5473,1.9076,3.8945,88.644,50.0177
13:07:00,BUS-05,100,4.2427,1.939,3.9359,88.662,50.0163
13:07:10,BUS-05,100,4.3615,1.934,3.9149,88.681,50.0263
13:07:20,BUS-05,100,4.2409,1.9289,3.9048,88.699,50.0223
13:07:30,BUS-05,100,4.0788,1.9482,3.9431,88.715,50.0135
13:07:40,BUS-05,100,3.9978,1.9031,3.929,88.732,50.0128
13:07:50,BUS-05,100,4.1312,1.9326,3.9416,88.749,50.0133
13:08:00,BUS-05,100,4.2577,1.9201,3.8917,88.767,50.0152
13:08:10,BUS-05,100,4.3197,1.9367,3.9227,88.785,50.0221
13:08:20,BUS-05,100,4.3554,1.8743,3.9094,88.805,50.0265
13:08:30,BUS-05,100,4.5158,1.9411,3.9056,88.825,50.0293
13:08:40,BUS-05,100,4.2969,1.8792,3.9128,88.843,50.03
13:08:50,BUS-05,100,4.3621,1.8682,3.8932,88.863,50.0278
13:09:00,BUS-05,100,4.2514,1.9345,3.9243,88.881,50.0234
13:09:10,BUS-05,100,4.3923,1.9008,3.9013,88.9,50.0205
13:09:20,BUS-05,100,4.2676,1.8885,3.9063,88.919,50.018
13:09:30,BUS-05,100,4.6086,1.9219,3.9085,88.94,50.0233
13:09:40,BUS-05,100,4.181,1.9018,3.9382,88.957,50.0197
13:09:50,BUS-05,100,4.2568,1.9373,3.9043,88.975,50.0297
13:10:00,BUS-05,100,4.3018,1.8785,3.9133,88.994,50.0365
13:10:10,BUS-05,100,4.086,1.9237,3.9264,89.011,50.0326
13:10:20,BUS-05,100,4.3075,1.9178,3.8995,89.03,50.0394
13:10:30,BUS-05,100,4.1585,1.8601,3.9287,89.048,50.0423
13:10:40,BUS-05,100,4.5053,1.8769,3.889,89.068,50.0443
13:10:50,BUS-05,100,4.2955,1.8582,3.9092,89.087,50.0413
13:11:00,BUS-05,100,4.49,1.8829,3.8803,89.107,50.0479
13:11:10,BUS-05,100,4.1709,1.9094,3.9055,89.125,50.0439
13:11:20,BUS-05,100,4.3847,1.894,3.9176,89.144,50.0442
13:11:30,BUS-05,100,4.3032,1.8768,3.9065,89.163,50.0434
13:11:40,BUS-05,100,4.335,1.9051,3.9168,89.182,50.0391
13:11:50,BUS-05,100,4.4744,1.9002,3.8899,89.202,50.0452
13:12:00,BUS-05,100,4.3029,1.8777,3.8772,89.221,50.0397
13:12:10,BUS-05,100,4.4112,1.943,3.8953,89.24,50.0484
13:12:20,BUS-05,100,4.3933,1.9141,3.9176,89.259,50.0466
13:12:30,BUS-05,100,4.3484,1.8979,3.8716,89.278,50.0454
13:12:40,BUS-05,100,4.2647,1.8781,3.9191,89.297,50.0496
13:12:50,BUS-05,100,4.4355,1.9192,3.9248,89.317,50.0485
13:13:00,BUS-05,100,4.1781,1.8919,3.9362,89.334,50.0466
13:13:10,BUS-05,100,4.4009,1.9004,3.9243,89.354,50.0512
13:13:20,BUS-05,100,4.5655,1.9134,3.9206,89.374,50.0522
13:13:30,BUS-05,100,4.4722,1.8597,3.8942,89.395,50.0511
13:13:40,BUS-05,100,4.4877,1.8622,3.8765,89.415,50.0487
13:13:50,BUS-05,100,4.3229,1.8799,3.8923,89.434,50.0455
13:14:00,BUS-05,100,4.4032,1.8718,3.9285,89.454,50.0449
13:14:10,BUS-05,100,4.4435,1.8854,3.8938,89.474,50.0507
13:14:20,BUS-05,100,4.3873,1.9238,3.9285,89.493,50.048
13:14:30,BUS-05,100,4.2728,1.8696,3.9075,89.512,50.0389
13:14:40,BUS-05,100,4.3157,1.9235,3.8988,89.53,50.0412
13:14:50,BUS-05,100,4.3325,1.9277,3.9338,89.549,50.0385
13:15:00,BUS-05,100,4.4174,1.8961,3.9105,89.568,50.0396
13:15:10,BUS-05,100,4.1945,1.8996,3.9252,89.586,50.0373
13:15:20,BUS-05,100,4.3153,1.9067,3.8981,89.605,50.0449
13:15:30,BUS-05,100,4.3693,1.8993,3.8863,89.624,50.0401
13:15:40,BUS-05,100,4.4263,1.914,3.8767,89.644,50.0403
13:15:50,BUS-05,100,4.371,1.8878,3.9209,89.663,50.0416
13:16:00,BUS-05,100,4.4603,1.908,3.8627,89.683,50.0479
13:16:10,BUS-05,100,4.2846,1.9225,3.916,89.701,50.0459
13:16:20,BUS-05,100,4.2256,1.8675,3.9106,89.72,50.046
13:16:30,BUS-05,100,4.2891,1.9151,3.9082,89.738,50.0529
13:16:40,BUS-05,100,4.2415,1.9515,3.9357,89.756,50.0518
13:16:50,BUS-05,100,4.2147,1.8591,3.9308,89.774,50.052
13:17:00,BUS-05,100,4.403,1.9319,3.887,89.794,50.0552
13:17:10,BUS-05,100,4.5127,1.883,3.8882,89.814,50.0527
13:17:20,BUS-05,100,4.3084,1.8471,3.9107,89.833,50.0427
13:17:30,BUS-05,100,4.3699,1.9342,3.9014,89.852,50.0419
13:17:40,BUS-05,100,4.192,1.909,3.9521,89.87,50.0372
13:17:50,BUS-05,100,4.2585,1.8584,3.9287,89.888,50.0325
13:18:00,BUS-05,100,4.1695,1.8872,3.9364,89.906,50.0261
13:18:10,BUS-05,100,4.4253,1.9117,3.9147,89.926,50.0289
13:18:20,BUS-05,100,4.4077,1.9289,3.8746,89.945,50.0227
13:18:30,BUS-05,100,4.3567,1.8532,3.8859,89.965,50.0181
13:18:40,BUS-05,100,4.2129,1.8936,3.9313,89.983,50.0123
13:18:50,BUS-05,100,4.4182,1.9058,3.923,90.002,50.0198
13:19:00,BUS-05,100,4.2955,1.891,3.9064,90.021,50.0129
13:19:10,BUS-05,100,4.4469,1.8755,3.9187,90.041,50.0191
13:19:20,BUS-05,100,4.4629,1.9212,3.9012,90.061,50.022
13:19:30,BUS-05,100,4.3119,1.8809,3.9138,90.079,50.0179
13:19:40,BUS-05,100,4.0606,1.8887,3.9177,90.096,50.0056
13:19:50,BUS-05,100,4.2739,1.878,3.9014,90.115,50.0153
13:20:00,BUS-05,100,4.3574,1.8559,3.9271,90.134,50.0218
13:20:10,BUS-05,100,4.2775,1.8627,3.9321,90.153,50.0199
13:20:20,BUS-05,100,4.3105,1.9091,3.9052,90.172,50.0234
13:20:30,BUS-05,100,4.3021,1.8843,3.9056,90.191,50.0222
13:20:40,BUS-05,100,4.3351,1.8992,3.9209,90.21,50.0288
13:20:50,BUS-05,100,4.0327,1.8874,3.9237,90.226,50.0196
13:21:00,BUS-05,100,4.1406,1.8788,3.9237,90.244,50.0201
13:21:10,BUS-05,100,4.2835,1.8717,3.8995,90.263,50.0222
13:21:20,BUS-05,100,4.2838,1.8652,3.894,90.282,50.0239
13:21:30,BUS-05,100,4.1804,1.8331,3.8912,90.3,50.0254
13:21:40,BUS-05,100,4.2247,1.9131,3.9067,90.318,50.0256
13:21:50,BUS-05,100,4.3017,1.9036,3.8824,90.336,50.0282
13:22:00,BUS-05,100,4.0876,1.9071,3.9367,90.353,50.0242
13:22:10,BUS-05,100,4.3544,1.8822,3.907,90.373,50.0284
13:22:20,BUS-05,100,4.4153,1.8654,3.8916,90.392,50.0336
13:22:30,BUS-05,100,4.3159,1.8629,3.9095,90.412,50.0292
13:22:40,BUS-05,100,4.3711,1.9088,3.9137,90.431,50.0348
13:22:50,BUS-05,100,4.1843,1.8586,3.9462,90.449,50.0345
13:23:00,BUS-05,100,4.1759,1.8769,3.9183,90.467,50.0387
13:23:10,BUS-05,100,4.4181,1.9048,3.8978,90.486,50.0363
13:23:20,BUS-05,100,4.35,1.8711,3.8986,90.505,50.0376
13:23:30,BUS-05,100,4.0672,1.9007,3.9362,90.522,50.0342
13:23:40,BUS-05,100,4.1071,1.8857,3.9109,90.54,50.0335
13:23:50,BUS-05,100,4.2471,1.9242,3.9172,90.558,50.0331
13:24:00,BUS-05,100,4.2905,1.8996,3.8998,90.576,50.0353
13:24:10,BUS-05,100,4.2206,1.9144,3.9239,90.594,50.0363
13:24:20,BUS-05,100,4.2702,1.9134,3.8996,90.613,50.0304
13:24:30,BUS-05,100,4.4455,1.8786,3.9007,90.632,50.0309
13:24:40,BUS-05,100,4.209,1.9178,3.9262,90.65,50.0286
13:24:50,BUS-05,100,4.3038,1.8683,3.9261,90.669,50.034
13:25:00,BUS-05,100,4.6264,1.8751,3.8815,90.691,50.0385
13:25:10,BUS-05,100,4.1552,1.8647,3.8801,90.708,50.0353
13:25:20,BUS-05,100,4.1072,1.8796,3.9272,90.726,50.033
13:25:30,BUS-05,100,4.1529,1.8487,3.9136,90.744,50.0379
13:25:40,BUS-05,100,4.2328,1.8831,3.9362,90.762,50.0404
13:25:50,BUS-05,100,4.3363,1.9074,3.8947,90.781,50.0421
13:26:00,BUS-05,100,4.2013,1.9175,3.9183,90.799,50.0356
13:26:10,BUS-05,100,4.3172,1.8615,3.9291,90.818,50.0394
13:26:20,BUS-05,100,4.1949,1.8799,3.9045,90.836,50.0355
13:26:30,BUS-05,100,4.5058,1.8627,3.8889,90.856,50.0356
13:26:40,BUS-05,100,4.2952,1.8987,3.9028,90.875,50.035
13:26:50,BUS-05,100,4.4219,1.8535,3.9005,90.895,50.0337
13:27:00,BUS-05,100,4.0402,1.8872,3.9257,90.912,50.0276
13:27:10,BUS-05,100,4.2238,1.8952,3.9331,90.93,50.0209
13:27:20,BUS-05,100,4.2108,1.8134,3.9072,90.948,50.0197
13:27:30,BUS-05,100,4.3733,1.8806,3.8997,90.968,50.0183
13:27:40,BUS-05,100,4.3188,1.9004,3.9197,90.987,50.0211
13:27:50,BUS-05,100,4.1981,1.874,3.9359,91.005,50.0188
13:28:00,BUS-05,100,4.4937,1.9199,3.8993,91.025,50.0187
13:28:10,BUS-05,100,4.235,1.8802,3.9526,91.043,50.0129
13:28:20,BUS-05,100,4.2341,1.9199,3.9238,91.061,50.0121
13:28:30,BUS-05,100,4.212,1.8476,3.9445,91.079,50.017
13:28:40,BUS-05,100,4.4077,1.9031,3.8614,91.099,50.0157
13:28:50,BUS-05,100,4.2728,1.9158,3.9458,91.117,50.0149
13:29:00,BUS-05,100,4.1346,1.8534,3.9513,91.135,50.0124
13:29:10,BUS-05,100,4.0337,1.904,3.9399,91.152,50.0182
13:29:20,BUS-05,100,4.1543,1.8899,3.9356,91.169,50.0275
13:29:30,BUS-05,100,4.126,1.9134,3.9348,91.186,50.0293
13:29:40,BUS-05,100,4.1471,1.8721,3.9112,91.204,50.027
13:29:50,BUS-05,100,4.241,1.8601,3.8972,91.223,50.0304
13:30:00,BUS-05,100,4.1689,1.8499,3.9212,91.241,50.0231
13:30:10,BUS-05,100,4.2187,1.8703,3.9374,91.259,50.0253
13:30:20,BUS-05,100,4.2744,1.8985,3.9095,91.277,50.028
13:30:30,BUS-05,100,4.3178,1.8517,3.9471,91.297,50.0312
13:30:40,BUS-05,100,4.119,1.8706,3.9253,91.314,50.0294
13:30:50,BUS-05,100,4.4024,1.8525,3.9137,91.334,50.0399
13:31:00,BUS-05,100,4.2672,1.8587,3.8989,91.353,50.0369
13:31:10,BUS-05,100,4.277,1.8983,3.914,91.371,50.0404
13:31:20,BUS-05,100,4.2202,1.8753,3.9628,91.389,50.0321
13:31:30,BUS-05,100,4.0946,1.8195,3.9076,91.407,50.0294
13:31:40,BUS-05,100,4.1761,1.8866,3.9337,91.425,50.0295
13:31:50,BUS-05,100,4.2435,1.8772,3.9307,91.443,50.0295
13:32:00,BUS-05,100,4.1998,1.8967,3.9236,91.461,50.0269
13:32:10,BUS-05,100,4.1853,1.8831,3.9073,91.479,50.0254
13:32:20,BUS-05,100,4.0796,1.9265,3.9542,91.496,50.0301
13:32:30,BUS-05,100,4.2601,1.902,3.9304,91.514,50.034
13:32:40,BUS-05,100,4.3298,1.8902,3.905,91.533,50.0402
13:32:50,BUS-05,100,4.4236,1.8873,3.897,91.553,50.0456
13:33:00,BUS-05,100,4.2605,1.8825,3.8914,91.571,50.0431
13:33:10,BUS-05,100,4.0298,1.8972,3.9553,91.588,50.0471
13:33:20,BUS-05,100,4.3025,1.8711,3.9137,91.607,50.0491
13:33:30,BUS-05,100,4.2669,1.8711,3.9357,91.625,50.0436
13:33:40,BUS-05,100,4.3548,1.9036,3.9404,91.645,50.0474
13:33:50,BUS-05,100,4.383,1.8923,3.9241,91.664,50.0463
13:34:00,BUS-05,100,4.4593,1.9115,3.8916,91.684,50.0441
13:34:10,BUS-05,100,4.3628,1.9311,3.9369,91.703,50.0485
13:34:20,BUS-05,100,4.1425,1.8792,3.9591,91.72,50.0409
13:34:30,BUS-05,100,4.2583,1.8992,3.9216,91.739,50.0364
13:34:40,BUS-05,100,4.1812,1.8553,3.9359,91.757,50.0241
13:34:50,BUS-05,100,4.1502,1.9145,3.9441,91.774,50.0236
13:35:00,BUS-05,100,4.2688,1.8444,3.9184,91.793,50.0231
13:35:10,BUS-05,100,4.208,1.8783,3.9189,91.811,50.023
13:35:20,BUS-05,100,4.0803,1.891,3.9371,91.828,50.0252
13:35:30,BUS-05,100,4.2016,1.8385,3.9227,91.846,50.0233
13:35:40,BUS-05,100,4.3075,1.8665,3.9322,91.865,50.028
13:35:50,BUS-05,100,4.0227,1.8626,3.9427,91.882,50.0239
13:36:00,BUS-05,100,4.144,1.8665,3.9508,91.9,50.0236
13:36:10,BUS-05,100,4.2089,1.8333,3.9191,91.918,50.0301
13:36:20,BUS-05,100,4.1789,1.8425,3.9384,91.937,50.0283
13:36:30,BUS-05,100,4.1897,1.9062,3.9299,91.954,50.0299
13:36:40,BUS-05,100,4.2402,1.8555,3.9494,91.973,50.0283
13:36:50,BUS-05,100,4.1829,1.8575,3.9293,91.991,50.0236
13:37:00,BUS-05,100,4.1415,1.8409,3.9381,92.009,50.0169
13:37:10,BUS-05,100,3.9693,1.9158,3.9565,92.025,50.0219
13:37:20,BUS-05,100,4.0747,1.892,3.9316,92.042,50.0317
13:37:30,BUS-05,100,4.3895,1.8653,3.8853,92.061,50.0303
13:37:40,BUS-05,100,4.1015,1.8651,3.9304,92.079,50.0231
13:37:50,BUS-05,100,4.3681,1.8265,3.8994,92.099,50.032
13:38:00,BUS-05,100,4.1368,1.8635,3.9292,92.116,50.033
13:38:10,BUS-05,100,4.1928,1.9108,3.9404,92.134,50.0295
13:38:20,BUS-05,100,4.4708,1.8497,3.9075,92.154,50.034
13:38:30,BUS-05,100,4.3727,1.8681,3.8984,92.174,50.0286
13:38:40,BUS-05,100,4.2645,1.9014,3.9349,92.192,50.0253
13:38:50,BUS-05,100,3.8484,1.8955,3.9665,92.207,50.0258
13:39:00,BUS-05,100,4.1792,1.8833,3.9324,92.225,50.042
13:39:10,BUS-05,100,3.8598,1.8947,3.9813,92.241,50.0367
13:39:20,BUS-05,100,3.9298,1.821,3.9736,92.257,50.0376
13:39:30,BUS-05,100,4.0961,1.8965,3.9285,92.274,50.0388
13:39:40,BUS-05,100,4.1088,1.9118,3.947,92.291,50.0427
13:39:50,BUS-05,100,4.3814,1.8537,3.9453,92.311,50.0415
13:40:00,BUS-05,100,4.0678,1.8527,3.9681,92.328,50.0333
13:40:10,BUS-05,100,4.1319,1.86,3.9646,92.346,50.0273
13:40:20,BUS-05,100,4.2152,1.8912,3.8911,92.364,50.0311
13:40:30,BUS-05,100,4.1936,1.8468,3.9318,92.382,50.0315
13:40:40,BUS-05,100,4.0808,1.8679,3.9321,92.399,50.0269
13:40:50,BUS-05,100,4.0805,1.8648,3.9738,92.417,50.0249
13:41:00,BUS-05,100,4.165,1.8594,3.9367,92.434,50.02
13:41:10,BUS-05,100,4.2371,1.8877,3.9391,92.453,50.0215
13:41:20,BUS-05,100,4.2166,1.8618,3.9025,92.471,50.0209
13:41:30,BUS-05,100,4.3076,1.9145,3.9612,92.49,50.0215
13:41:40,BUS-05,100,4.3255,1.8229,3.9446,92.509,50.0243
13:41:50,BUS-05,100,4.1819,1.8494,3.9611,92.527,50.0252
13:42:00,BUS-05,100,4.2172,1.8731,3.971,92.546,50.0232
13:42:10,BUS-05,100,4.1324,1.8642,3.9314,92.563,50.0215
13:42:20,BUS-05,100,3.9692,1.8375,3.9603,92.58,50.0213
13:42:30,BUS-05,100,4.002,1.8639,3.9513,92.596,50.0201
13:42:40,BUS-05,100,3.9707,1.8851,3.9864,92.613,50.0139
13:42:50,BUS-05,100,3.9598,1.8672,3.9894,92.629,50.0205
13:43:00,BUS-05,100,3.8969,1.8886,3.9591,92.644,50.0204
13:43:10,BUS-05,100,3.9558,1.849,3.9544,92.661,50.0289
13:43:20,BUS-05,100,4.2516,1.8638,3.9497,92.679,50.0344
13:43:30,BUS-05,100,4.1776,1.8449,3.9121,92.698,50.0322
13:43:40,BUS-05,100,4.0706,1.8833,3.9534,92.715,50.028
13:43:50,BUS-05,100,3.9965,1.8164,3.9683,92.732,50.0205
13:44:00,BUS-05,100,4.1553,1.8876,3.9749,92.749,50.0175
13:44:10,BUS-05,100,3.9464,1.8455,3.9708,92.766,50.0089
13:44:20,BUS-05,100,4.0955,1.8942,3.9559,92.783,50.0092
13:44:30,BUS-05,100,4.074,1.8301,3.9458,92.8,50.0124
13:44:40,BUS-05,100,4.0191,1.8793,3.9714,92.817,50.0154
13:44:50,BUS-05,100,4.1022,1.8423,3.9832,92.834,50.0166
13:45:00,BUS-05,100,4.2853,1.8302,3.9361,92.853,50.024
13:45:10,BUS-05,100,3.8412,1.8973,3.9847,92.869,50.0194
13:45:20,BUS-05,100,4.239,1.8526,3.9447,92.887,50.0234
13:45:30,BUS-05,100,4.1194,1.8836,3.9691,92.905,50.018
13:45:40,BUS-05,100,4.0625,1.849,3.95,92.922,50.0208
13:45:50,BUS-05,100,4.0987,1.8237,3.9585,92.939,50.0213
13:46:00,BUS-05,100,4.3429,1.8172,3.9403,92.959,50.0276
13:46:10,BUS-05,100,3.8185,1.8567,3.9672,92.974,50.0248
13:46:20,BUS-05,100,3.9791,1.8639,3.9631,92.991,50.0304
13:46:30,BUS-05,100,4.315,1.8437,3.9218,93.01,50.0381
13:46:40,BUS-05,100,4.1484,1.8299,3.9689,93.028,50.0345
13:46:50,BUS-05,100,3.8909,1.8299,3.9742,93.044,50.027
13:47:00,BUS-05,100,4.2137,1.8637,3.9581,93.062,50.0352
13:47:10,BUS-05,100,4.2108,1.8426,3.9459,93.081,50.0343
13:47:20,BUS-05,100,4.2338,1.8349,3.9721,93.099,50.04
13:47:30,BUS-05,100,4.2528,1.8032,3.9422,93.118,50.035
13:47:40,BUS-05,100,3.9516,1.8634,3.965,93.135,50.0252
13:47:50,BUS-05,100,4.248,1.8936,3.9582,93.153,50.0247
13:48:00,BUS-05,100,4.1523,1.8502,3.9835,93.171,50.0216
13:48:10,BUS-05,100,4.2135,1.8356,3.9612,93.189,50.0163
13:48:20,BUS-05,100,4.2785,1.8498,3.9601,93.208,50.0077
13:48:30,BUS-05,100,4.077,1.8679,4.0027,93.225,50.0125
13:48:40,BUS-05,100,4.2082,1.8694,3.9663,93.244,50.0208
13:48:50,BUS-05,100,4.181,1.8787,3.946,93.262,50.0184
13:49:00,BUS-05,100,4.1795,1.8769,3.9635,93.279,50.0166
13:49:10,BUS-05,100,3.8932,1.8845,3.9982,93.295,50.0105
13:49:20,BUS-05,100,3.9588,1.8664,3.9834,93.311,50.0089
13:49:30,BUS-05,100,4.1032,1.8822,3.9873,93.329,50.0027
13:49:40,BUS-05,100,4.0439,1.8423,3.9919,93.346,50.0002
13:49:50,BUS-05,100,4.1487,1.8499,3.9724,93.364,50.0054
13:50:00,BUS-05,100,4.3085,1.8653,3.9532,93.383,50.0051
13:50:10,BUS-05,100,4.3032,1.8293,3.9269,93.402,50.0067
13:50:20,BUS-05,100,4.0047,1.8407,3.9705,93.419,50.0023
13:50:30,BUS-05,100,3.8557,1.8049,3.985,93.435,50.0111
13:50:40,BUS-05,100,4.1685,1.8148,3.9355,93.453,50.0214
13:50:50,BUS-05,100,4.1251,1.828,3.9754,93.471,50.018
13:51:00,BUS-05,100,4.0073,1.8057,3.9831,93.488,50.0173
13:51:10,BUS-05,100,4.004,1.8406,3.9461,93.505,50.0163
13:51:20,BUS-05,100,4.036,1.8981,3.9865,93.521,50.0157
13:51:30,BUS-05,100,4.1269,1.8546,3.9456,93.539,50.0156
13:51:40,BUS-05,100,3.9854,1.8336,3.982,93.556,50.0131
13:51:50,BUS-05,100,4.2403,1.8446,3.9355,93.574,50.0167
13:52:00,BUS-05,100,4.194,1.8538,3.9774,93.593,50.0106
13:52:10,BUS-05,100,4.0123,1.8424,3.9881,93.61,50.0109
13:52:20,BUS-05,100,4.2181,1.8531,3.9666,93.628,50.0147
13:52:30,BUS-05,100,3.945,1.9031,3.9873,93.644,50.0111
13:52:40,BUS-05,100,4.2102,1.8572,3.9882,93.662,50.0108
13:52:50,BUS-05,100,4.3926,1.8029,3.9676,93.682,50.0127
13:53:00,BUS-05,100,4.1586,1.8279,3.9734,93.7,50.0084
13:53:10,BUS-05,100,4.0818,1.8355,3.9715,93.718,50.0125
13:53:20,BUS-05,100,3.9081,1.8256,3.9842,93.734,50.0114
13:53:30,BUS-05,100,4.1496,1.8585,3.9829,93.752,50.0123
13:53:40,BUS-05,100,4.0406,1.87,4.0252,93.769,50.0077
13:53:50,BUS-05,100,4.1508,1.8486,3.9632,93.787,50.0211
13:54:00,BUS-05,100,3.832,1.8414,4.0076,93.802,50.0199
13:54:10,BUS-05,100,3.958,1.8111,3.9856,93.819,50.0215
13:54:20,BUS-05,100,4.0308,1.8758,3.9863,93.836,50.0213
13:54:30,BUS-05,100,3.9997,1.7878,3.987,93.853,50.017
13:54:40,BUS-05,100,3.9205,1.7711,3.9569,93.87,50.0182
13:54:50,BUS-05,100,4.1773,1.7882,3.9716,93.888,50.0165
13:55:00,BUS-05,100,3.9253,1.8391,4.0209,93.904,50.0073
13:55:10,BUS-05,100,4.116,1.8149,3.9855,93.922,50.0086
13:55:20,BUS-05,100,3.8842,1.7937,3.987,93.939,50.0037
13:55:30,BUS-05,100,4.0099,1.8121,3.9804,93.956,50.0088
13:55:40,BUS-05,100,3.968,1.8547,4.0172,93.972,50.0122
13:55:50,BUS-05,100,3.8055,1.8764,3.983,93.987,50.0182
13:56:00,BUS-05,100,4.0442,1.8672,3.9769,94.004,50.023
13:56:10,BUS-05,100,4.1278,1.8535,3.9749,94.022,50.0223
13:56:20,BUS-05,100,4.1684,1.8509,3.9757,94.04,50.0263
13:56:30,BUS-05,100,4.1555,1.8271,3.9994,94.058,50.0299
13:56:40,BUS-05,100,3.9548,1.8306,4.0055,94.074,50.0284
13:56:50,BUS-05,100,4.0931,1.8117,3.9903,94.092,50.0266
13:57:00,BUS-05,100,4.2939,1.8093,3.9746,94.111,50.0339
13:57:10,BUS-05,100,3.8869,1.7894,3.9995,94.128,50.0316
13:57:20,BUS-05,100,3.8434,1.8335,4.0112,94.143,50.0239
13:57:30,BUS-05,100,3.8714,1.8189,4.0191,94.159,50.0212
13:57:40,BUS-05,100,4.1009,1.8123,3.9935,94.177,50.0309
13:57:50,BUS-05,100,3.9578,1.8273,3.9781,94.194,50.0335
13:58:00,BUS-05,100,4.0262,1.7933,4.0093,94.211,50.028
13:58:10,BUS-05,100,4.0908,1.8059,3.9859,94.229,50.0273
13:58:20,BUS-05,100,3.7882,1.8229,4.0084,94.244,50.0191
13:58:30,BUS-05,100,4.1221,1.8828,3.978,94.262,50.0257
13:58:40,BUS-05,100,4.1726,1.8461,4.03,94.28,50.0298
13:58:50,BUS-05,100,3.8909,1.7845,3.9906,94.296,50.0259
13:59:00,BUS-05,100,4.082,1.8223,3.9961,94.314,50.0276
13:59:10,BUS-05,100,4.1111,1.8315,3.9827,94.331,50.0251
13:59:20,BUS-05,100,3.9752,1.8526,4.011,94.348,50.0201
13:59:30,BUS-05,100,4.0289,1.81,4.0094,94.365,50.0215
13:59:40,BUS-05,100,3.9131,1.8441,4.0374,94.381,50.0153
13:59:50,BUS-05,100,3.8246,1.8,4.0153,94.397,50.0081
14:00:00,BUS-05,100,3.7894,1.8007,4.0022,94.412,50.0055
14:00:10,BUS-05,100,4.0363,1.845,3.9832,94.429,50.0096
14:00:20,BUS-05,100,4.086,1.8124,4.0143,94.447,50.0129
14:00:30,BUS-05,100,4.088,1.819,3.9893,94.465,50.016
14:00:40,BUS-05,100,4.0467,1.8529,3.9878,94.482,50.0195
14:00:50,BUS-05,100,3.98,1.7864,4.0153,94.499,50.0169
14:01:00,BUS-05,100,4.1473,1.8267,3.9777,94.517,50.0216
14:01:10,BUS-05,100,3.9206,1.841,4.0166,94.533,50.0164
14:01:20,BUS-05,100,4.1214,1.8145,4.0047,94.551,50.0312
14:01:30,BUS-05,100,3.9702,1.8539,4.0054,94.568,50.0298
14:01:40,BUS-05,100,4.1549,1.8024,4.0025,94.586,50.034
14:01:50,BUS-05,100,4.197,1.7917,3.9813,94.605,50.0333
14:02:00,BUS-05,100,4.0715,1.8125,4.0275,94.622,50.034
14:02:10,BUS-05,100,3.938,1.7838,4.0493,94.639,50.0382
14:02:20,BUS-05,100,3.9764,1.7951,3.9981,94.656,50.0311
14:02:30,BUS-05,100,3.9741,1.7878,4.0263,94.673,50.0258
14:02:40,BUS-05,100,3.9547,1.8098,4.011,94.689,50.029
14:02:50,BUS-05,100,3.9867,1.7773,4.0123,94.707,50.0381
14:03:00,BUS-05,100,3.9585,1.8247,4.0254,94.723,50.0351
14:03:10,BUS-05,100,3.8326,1.7384,4.0167,94.74,50.0312
14:03:20,BUS-05,100,4.2711,1.849,4.0017,94.758,50.037
14:03:30,BUS-05,100,4.1567,1.8276,3.9955,94.777,50.0311
14:03:40,BUS-05,100,4.0112,1.8129,4.0213,94.794,50.0216
14:03:50,BUS-05,100,4.0652,1.7653,3.9707,94.811,50.0266
14:04:00,BUS-05,100,3.9959,1.8214,4.0326,94.828,50.0227
14:04:10,BUS-05,100,4.0299,1.8615,3.9953,94.845,50.0186
14:04:20,BUS-05,100,3.8484,1.7753,4.0312,94.861,50.0226
14:04:30,BUS-05,100,4.0713,1.8057,4.0123,94.879,50.0251
14:04:40,BUS-05,100,3.8921,1.7833,4.0061,94.895,50.0235
14:04:50,BUS-05,100,3.9791,1.8504,4.0395,94.912,50.0217
14:05:00,BUS-05,100,4.0883,1.7765,4.0399,94.93,50.0246
14:05:10,BUS-05,100,3.9142,1.7898,4.0053,94.946,50.0192
14:05:20,BUS-05,100,3.8342,1.811,4.0237,94.962,50.0198
14:05:30,BUS-05,100,3.6558,1.8322,4.0513,94.976,50.0195
14:05:40,BUS-05,100,3.8813,1.8033,4.0242,94.993,50.0297
14:05:50,BUS-05,100,3.9235,1.8143,4.0302,95.0,50.0281
14:06:00,BUS-05,100,3.821,1.8205,4.0154,95.0,50.0245
14:06:10,BUS-05,100,3.8504,1.8126,4.0462,95.0,50.0219
14:06:20,BUS-05,100,3.9974,1.8011,4.0301,95.0,50.0234
14:06:30,BUS-05,100,3.8162,1.8033,4.0333,95.0,50.0223
14:06:40,BUS-05,100,3.9794,1.794,4.0086,95.0,50.0222
14:06:50,BUS-05,100,4.1619,1.8319,4.033,95.0,50.0229
14:07:00,BUS-05,100,3.8673,1.8099,4.0325,95.0,50.0167
14:07:10,BUS-05,100,3.9023,1.7875,4.0148,95.0,50.0176
14:07:20,BUS-05,100,3.8066,1.8219,4.0589,95.0,50.0125
14:07:30,BUS-05,100,4.1098,1.8186,4.0098,95.0,50.0178
14:07:40,BUS-05,100,3.9255,1.8285,4.0226,95.0,50.0158
14:07:50,BUS-05,100,3.6563,1.8081,4.0243,95.0,50.0158
14:08:00,BUS-05,100,3.7501,1.8203,4.0908,95.0,50.0201
14:08:10,BUS-05,100,3.7944,1.7889,4.0382,95.0,50.029
14:08:20,BUS-05,100,4.0781,1.7659,3.9976,95.0,50.0207
14:08:30,BUS-05,100,3.8468,1.76,4.0534,95.0,50.0105
14:08:40,BUS-05,100,3.9204,1.8225,4.0145,95.0,50.0104
14:08:50,BUS-05,100,3.8428,1.8071,4.0618,95.0,50.0135
14:09:00,BUS-05,100,3.6749,1.7953,4.0806,95.0,50.0089
14:09:10,BUS-05,100,4.0894,1.801,4.0246,95.0,50.0061
14:09:20,BUS-05,100,3.7294,1.7884,4.0706,95.0,50.0014
14:09:30,BUS-05,100,3.856,1.8072,4.0661,95.0,50.0062
14:09:40,BUS-05,100,3.9518,1.7632,4.0251,95.0,50.0138
14:09:50,BUS-05,100,3.9053,1.8268,4.0606,95.0,50.0181
14:10:00,BUS-05,100,3.88,1.7984,4.0488,95.0,50.0161
14:10:10,BUS-05,100,4.0777,1.7965,4.0364,95.0,50.019
14:10:20,BUS-05,100,3.9492,1.8357,4.0708,95.0,50.0196
14:10:30,BUS-05,100,3.9565,1.7924,4.0394,95.0,50.0237
14:10:40,BUS-05,100,3.7364,1.7596,4.0752,95.0,50.0208
14:10:50,BUS-05,100,4.0974,1.8158,4.0227,95.0,50.0283
14:11:00,BUS-05,100,3.8441,1.7495,4.0367,95.0,50.0249
14:11:10,BUS-05,100,3.8102,1.8128,4.0698,95.0,50.026
14:11:20,BUS-05,100,3.8518,1.7409,4.0624,95.0,50.0321
14:11:30,BUS-05,100,3.77,1.7904,4.0612,95.0,50.027
14:11:40,BUS-05,100,3.9555,1.8205,4.0518,95.0,50.0281
14:11:50,BUS-05,100,3.6913,1.807,4.0692,95.0,50.0208
14:12:00,BUS-05,100,4.0206,1.8181,4.0443,95.0,50.0217
14:12:10,BUS-05,100,3.8472,1.7654,4.0483,95.0,50.0212
14:12:20,BUS-05,100,3.7551,1.7698,4.0594,95.0,50.014
14:12:30,BUS-05,100,3.9613,1.7893,4.0365,95.0,50.0139
14:12:40,BUS-05,100,3.936,1.8175,4.0439,95.0,50.0179
14:12:50,BUS-05,100,3.7517,1.7641,4.0458,95.0,50.021
14:13:00,BUS-05,100,3.7969,1.7365,4.0595,95.0,50.0271
14:13:10,BUS-05,100,3.896,1.7885,4.0532,95.0,50.0272
14:13:20,BUS-05,100,4.0741,1.7443,4.0583,95.0,50.029
14:13:30,BUS-05,100,3.9419,1.7396,4.0287,95.0,50.0225
14:13:40,BUS-05,100,3.997,1.7879,4.0712,95.0,50.0284
14:13:50,BUS-05,100,3.9667,1.7731,4.0429,95.0,50.0256
14:14:00,BUS-05,100,3.8602,1.7863,4.0321,95.0,50.0275
14:14:10,BUS-05,100,3.8048,1.8096,4.0873,95.0,50.0321
14:14:20,BUS-05,100,3.8648,1.7482,4.0469,95.0,50.0354
14:14:30,BUS-05,100,3.8337,1.7587,4.0784,95.0,50.0368
14:14:40,BUS-05,100,3.9633,1.7667,4.0695,95.0,50.0429
14:14:50,BUS-05,100,3.7686,1.758,4.0835,95.0,50.04
14:15:00,BUS-05,100,3.8198,1.7884,4.0898,95.0,50.0349
14:15:10,BUS-05,100,4.0779,1.7726,4.0427,95.0,50.0326
14:15:20,BUS-05,100,4.0736,1.7591,4.04,95.0,50.037
14:15:30,BUS-05,100,3.9924,1.7246,4.0342,95.0,50.036
14:15:40,BUS-05,100,3.9041,1.7354,4.0633,95.0,50.0331
14:15:50,BUS-05,100,3.8139,1.7852,4.0836,95.0,50.0296
14:16:00,BUS-05,100,3.8229,1.7714,4.0397,95.0,50.0319
14:16:10,BUS-05,100,3.9044,1.8067,4.0659,95.0,50.0286
14:16:20,BUS-05,100,3.9152,1.8058,4.0521,95.0,50.0213
14:16:30,BUS-05,100,4.0549,1.7777,4.0526,95.0,50.0268
14:16:40,BUS-05,100,3.8504,1.7877,4.0798,95.0,50.023
14:16:50,BUS-05,100,3.9627,1.7156,4.0524,95.0,50.0275
14:17:00,BUS-05,100,3.7072,1.749,4.0857,95.0,50.0251
14:17:10,BUS-05,100,4.0394,1.7757,4.048,95.0,50.0199
14:17:20,BUS-05,100,3.9503,1.7502,4.0501,95.0,50.0188
14:17:30,BUS-05,100,3.8866,1.7756,4.0773,95.0,50.0249
14:17:40,BUS-05,100,3.7811,1.758,4.0888,95.0,50.0207
14:17:50,BUS-05,100,3.8109,1.7906,4.1041,95.0,50.0205
14:18:00,BUS-05,100,3.8919,1.7713,4.0647,95.0,50.0177
14:18:10,BUS-05,100,3.6774,1.7119,4.1078,95.0,50.0181
14:18:20,BUS-05,100,3.6955,1.7606,4.1092,95.0,50.0187
14:18:30,BUS-05,100,3.9346,1.7628,4.0525,95.0,50.0217
14:18:40,BUS-05,100,3.7989,1.7428,4.0918,95.0,50.0298
14:18:50,BUS-05,100,3.8594,1.7599,4.0724,95.0,50.0307
14:19:00,BUS-05,100,3.7957,1.7629,4.1109,95.0,50.0323
14:19:10,BUS-05,100,3.7867,1.8,4.0782,95.0,50.0331
14:19:20,BUS-05,100,3.8298,1.736,4.0811,95.0,50.0359
14:19:30,BUS-05,100,3.9136,1.7859,4.0776,95.0,50.0383
14:19:40,BUS-05,100,4.0223,1.728,4.0793,95.0,50.0371
14:19:50,BUS-05,100,3.7766,1.7759,4.1026,95.0,50.0399
14:20:00,BUS-05,100,3.7669,1.7623,4.0715,95.0,50.0345
14:20:10,BUS-05,100,3.7625,1.7771,4.1025,95.0,50.0314
14:20:20,BUS-05,100,3.8845,1.7525,4.0749,95.0,50.0299
14:20:30,BUS-05,100,3.7318,1.7852,4.107,95.0,50.0297
14:20:40,BUS-05,100,3.6201,1.7608,4.0887,95.0,50.0228
14:20:50,BUS-05,100,3.9027,1.7265,4.0618,95.0,50.0231
14:21:00,BUS-05,100,3.7924,1.7464,4.1027,95.0,50.0153
14:21:10,BUS-05,100,3.7344,1.7779,4.0756,95.0,50.0183
14:21:20,BUS-05,100,3.7813,1.7442,4.1136,95.0,50.0201
14:21:30,BUS-05,100,3.6843,1.7495,4.1065,95.0,50.0201
14:21:40,BUS-05,100,3.7586,1.7692,4.0911,95.0,50.0218
14:21:50,BUS-05,100,3.72,1.7716,4.1232,95.0,50.0191
14:22:00,BUS-05,100,3.7928,1.7367,4.0912,95.0,50.023
14:22:10,BUS-05,100,3.7256,1.7794,4.0807,95.0,50.0259
14:22:20,BUS-05,100,3.7963,1.7204,4.1222,95.0,50.0328
14:22:30,BUS-05,100,3.7836,1.7327,4.0644,95.0,50.0298
14:22:40,BUS-05,100,3.7432,1.7732,4.1106,95.0,50.0337
14:22:50,BUS-05,100,3.7061,1.7402,4.1145,95.0,50.0319
14:23:00,BUS-05,100,4.0945,1.7407,4.0586,95.0,50.0365
14:23:10,BUS-05,100,3.9074,1.755,4.0884,95.0,50.0349
14:23:20,BUS-05,100,3.6899,1.7352,4.1019,95.0,50.027
14:23:30,BUS-05,100,3.7131,1.7587,4.1171,95.0,50.033
14:23:40,BUS-05,100,3.7707,1.7399,4.0781,95.0,50.0387
14:23:50,BUS-05,100,4.0707,1.757,4.0692,95.0,50.0446
14:24:00,BUS-05,100,3.7445,1.7536,4.0994,95.0,50.05
14:24:10,BUS-05,100,3.7321,1.7428,4.0577,95.0,50.0418
14:24:20,BUS-05,100,3.8243,1.7432,4.1125,95.0,50.0394
14:24:30,BUS-05,100,3.8428,1.7682,4.1301,95.0,50.0312
14:24:40,BUS-05,100,3.8526,1.7704,4.1058,95.0,50.0307
14:24:50,BUS-05,100,3.8082,1.7338,4.098,95.0,50.0336
14:25:00,BUS-05,100,3.708,1.7683,4.1164,95.0,50.0335
14:25:10,BUS-05,100,3.9719,1.7689,4.0905,95.0,50.0365
14:25:20,BUS-05,100,3.8253,1.7352,4.1241,95.0,50.0322
14:25:30,BUS-05,100,3.8548,1.7534,4.0926,95.0,50.0294
14:25:40,BUS-05,100,3.7967,1.726,4.1225,95.0,50.0255
14:25:50,BUS-05,100,3.677,1.6917,4.0892,95.0,50.0238
14:26:00,BUS-05,100,3.5832,1.7285,4.1261,95.0,50.022
14:26:10,BUS-05,100,3.6541,1.7628,4.119,95.0,50.016
14:26:20,BUS-05,100,3.7559,1.7465,4.139,95.0,50.0188
14:26:30,BUS-05,100,3.7203,1.7335,4.1121,95.0,50.0157
14:26:40,BUS-05,100,3.7819,1.7691,4.14,95.0,50.0066
14:26:50,BUS-05,100,3.6948,1.6905,4.124,95.0,50.0121
14:27:00,BUS-05,100,3.8344,1.7556,4.0963,95.0,50.0153
14:27:10,BUS-05,100,3.6597,1.7502,4.1262,95.0,50.0048
14:27:20,BUS-05,100,3.7481,1.7543,4.1533,95.0,50.0077
14:27:30,BUS-05,100,3.8339,1.7467,4.145,95.0,50.0117
14:27:40,BUS-05,100,3.8615,1.7297,4.1095,95.0,50.0208
14:27:50,BUS-05,100,3.5803,1.7656,4.1537,95.0,50.0188
14:28:00,BUS-05,100,3.5304,1.7169,4.1372,95.0,50.0193
14:28:10,BUS-05,100,3.7587,1.7425,4.1526,95.0,50.0253
14:28:20,BUS-05,100,3.5564,1.7484,4.151,95.0,50.0254
14:28:30,BUS-05,100,3.8975,1.7406,4.1117,95.0,50.0304
14:28:40,BUS-05,100,3.5458,1.7483,4.1481,95.0,50.0294
14:28:50,BUS-05,100,3.7953,1.7793,4.1334,95.0,50.0329
14:29:00,BUS-05,100,3.7096,1.7052,4.1481,95.0,50.0331
14:29:10,BUS-05,100,3.7931,1.7461,4.1209,95.0,50.0356
14:29:20,BUS-05,100,3.6916,1.7423,4.1135,95.0,50.0285
14:29:30,BUS-05,100,3.8708,1.7553,4.1118,95.0,50.0357
14:29:40,BUS-05,100,3.8827,1.772,4.1347,95.0,50.0318
14:29:50,BUS-05,100,3.7203,1.7768,4.1309,95.0,50.0339
14:30:00,BUS-05,100,3.8046,1.724,4.1329,95.0,50.034
14:30:10,BUS-05,100,3.5948,1.7345,4.147,95.0,50.0365
14:30:20,BUS-05,100,3.656,1.7232,4.129,95.0,50.0364
14:30:30,BUS-05,100,3.6656,1.7532,4.1323,95.0,50.0381
14:30:40,BUS-05,100,3.6003,1.7045,4.1271,95.0,50.0374
14:30:50,BUS-05,100,3.6628,1.7515,4.142,95.0,50.0398
14:31:00,BUS-05,100,3.5847,1.7501,4.1648,95.0,50.033
14:31:10,BUS-05,100,3.8102,1.7148,4.1433,95.0,50.0324
14:31:20,BUS-05,100,3.5028,1.7074,4.1563,95.0,50.0339
14:31:30,BUS-05,100,3.7099,1.7525,4.154,95.0,50.028
14:31:40,BUS-05,100,3.8293,1.7547,4.1453,95.0,50.0355
14:31:50,BUS-05,100,3.6941,1.724,4.1601,95.0,50.0287
14:32:00,BUS-05,100,3.7224,1.7445,4.1587,95.0,50.0253
14:32:10,BUS-05,100,3.8181,1.7114,4.1301,95.0,50.0244
14:32:20,BUS-05,100,3.5681,1.7167,4.1552,95.0,50.018
14:32:30,BUS-05,100,3.8958,1.6616,4.1347,95.0,50.0246
14:32:40,BUS-05,100,3.6969,1.7013,4.1514,95.0,50.022
14:32:50,BUS-05,100,3.6612,1.6854,4.1489,95.0,50.0146
14:33:00,BUS-05,100,3.6057,1.6999,4.1724,95.0,50.0134
14:33:10,BUS-05,100,3.673,1.7532,4.1826,95.0,50.0103
14:33:20,BUS-05,100,3.6076,1.6856,4.1467,95.0,50.0108
14:33:30,BUS-05,100,3.7093,1.7549,4.1521,95.0,50.0168
14:33:40,BUS-05,100,3.6469,1.7425,4.1667,95.0,50.0163
14:33:50,BUS-05,100,3.7235,1.7297,4.1307,95.0,50.0172
14:34:00,BUS-05,100,3.3678,1.7111,4.1696,95.0,50.0127
14:34:10,BUS-05,100,3.3625,1.7395,4.1809,95.0,50.021
14:34:20,BUS-05,100,3.7009,1.6773,4.1623,95.0,50.0276
14:34:30,BUS-05,100,3.5626,1.7731,4.1773,95.0,50.0256
14:34:40,BUS-05,100,3.6823,1.6995,4.1461,95.0,50.0325
14:34:50,BUS-05,100,3.758,1.7278,4.1308,95.0,50.0348
14:35:00,BUS-05,100,3.605,1.723,4.1677,95.0,50.0369
14:35:10,BUS-05,100,3.5114,1.7653,4.167,95.0,50.0358
14:35:20,BUS-05,100,3.8132,1.76,4.1702,95.0,50.0343
14:35:30,BUS-05,100,3.4652,1.7131,4.1843,95.0,50.0256
14:35:40,BUS-05,100,3.5986,1.7268,4.1791,95.0,50.0278
14:35:50,BUS-05,100,3.5091,1.7205,4.1902,95.0,50.0268
14:36:00,BUS-05,100,3.8017,1.6746,4.1578,95.0,50.0361
14:36:10,BUS-05,100,3.5465,1.7653,4.1732,95.0,50.0272
14:36:20,BUS-05,100,3.8307,1.6933,4.1549,95.0,50.0311
14:36:30,BUS-05,100,3.8012,1.7203,4.155,95.0,50.0305
14:36:40,BUS-05,100,3.7634,1.7174,4.1882,95.0,50.0287
14:36:50,BUS-05,100,3.6066,1.7178,4.211,95.0,50.0284
14:37:00,BUS-05,100,3.7721,1.7033,4.1673,95.0,50.0322
14:37:10,BUS-05,100,3.7101,1.7102,4.1772,95.0,50.0331
14:37:20,BUS-05,100,3.5273,1.7251,4.1711,95.0,50.0273
14:37:30,BUS-05,100,3.5953,1.6992,4.1898,95.0,50.0264
14:37:40,BUS-05,100,3.5899,1.6834,4.2088,95.0,50.0296
14:37:50,BUS-05,100,3.7426,1.7082,4.1548,95.0,50.0359
14:38:00,BUS-05,100,3.5,1.7124,4.1989,95.0,50.0303
14:38:10,BUS-05,100,3.6669,1.6738,4.1725,95.0,50.0313
14:38:20,BUS-05,100,3.5202,1.7187,4.1931,95.0,50.0216
14:38:30,BUS-05,100,3.5847,1.6865,4.1702,95.0,50.0185
14:38:40,BUS-05,100,3.4673,1.6782,4.1823,95.0,50.0144
14:38:50,BUS-05,100,3.9379,1.7041,4.1344,95.0,50.018
14:39:00,BUS-05,100,3.4681,1.7174,4.1942,95.0,50.0096
14:39:10,BUS-05,100,3.6043,1.7033,4.1867,95.0,50.0134
14:39:20,BUS-05,100,3.6836,1.7294,4.1817,95.0,50.0128
14:39:30,BUS-05,100,3.6624,1.6671,4.214,95.0,50.0135
14:39:40,BUS-05,100,3.7508,1.6835,4.1502,95.0,50.0118
14:39:50,BUS-05,100,3.6243,1.6785,4.1739,95.0,50.0156
14:40:00,BUS-05,100,3.531,1.7236,4.1952,95.0,50.0126
14:40:10,BUS-05,100,3.6031,1.7401,4.1717,95.0,50.0153
14:40:20,BUS-05,100,3.6112,1.7024,4.1794,95.0,50.0229
14:40:30,BUS-05,100,3.4832,1.6801,4.2141,95.0,50.019
14:40:40,BUS-05,100,3.7117,1.6773,4.1704,95.0,50.0221
14:40:50,BUS-05,100,3.4312,1.6803,4.2278,95.0,50.0132
14:41:00,BUS-05,100,3.47,1.7179,4.2359,95.0,50.0121
14:41:10,BUS-05,100,3.5942,1.6773,4.1939,95.0,50.0169
14:41:20,BUS-05,100,3.5332,1.6901,4.1781,95.0,50.017
14:41:30,BUS-05,100,3.5854,1.6954,4.2083,95.0,50.0127
14:41:40,BUS-05,100,3.2893,1.6704,4.225,95.0,50.0028
14:41:50,BUS-05,100,3.5171,1.707,4.2062,95.0,50.0009
14:42:00,BUS-05,100,3.5548,1.7152,4.2151,95.0,49.9974
14:42:10,BUS-05,100,3.5392,1.6868,4.2164,95.0,50.0001
14:42:20,BUS-05,100,3.4546,1.6886,4.2171,95.0,50.0007
14:42:30,BUS-05,100,3.4251,1.72,4.2061,95.0,50.0013
14:42:40,BUS-05,100,3.494,1.6968,4.2298,95.0,49.9921
14:42:50,BUS-05,100,3.4348,1.6731,4.2001,95.0,49.9886
14:43:00,BUS-05,100,3.5316,1.6568,4.2083,95.0,49.9936
14:43:10,BUS-05,100,3.4579,1.6973,4.2178,95.0,49.9973
14:43:20,BUS-05,100,3.6066,1.6989,4.2291,95.0,49.9998
14:43:30,BUS-05,100,3.4981,1.7072,4.2464,95.0,50.0075
14:43:40,BUS-05,100,3.3051,1.6489,4.2382,95.0,50.0047
14:43:50,BUS-05,100,3.6058,1.7096,4.2282,95.0,50.0089
14:44:00,BUS-05,100,3.4897,1.7036,4.2395,95.0,50.0095
14:44:10,BUS-05,100,3.4683,1.6697,4.2459,95.0,50.0075
14:44:20,BUS-05,100,3.619,1.7016,4.2128,95.0,50.0087
14:44:30,BUS-05,100,3.5008,1.7145,4.2243,95.0,50.0131
14:44:40,BUS-05,100,3.585,1.6834,4.2452,95.0,50.0185
14:44:50,BUS-05,100,3.7002,1.675,4.1932,95.0,50.0174
14:45:00,BUS-05,100,3.6108,1.628,4.1919,95.0,50.0232
14:45:10,BUS-05,100,3.4956,1.6745,4.2265,95.0,50.0152
14:45:20,BUS-05,100,3.4686,1.6894,4.2318,95.0,50.0113
14:45:30,BUS-05,100,3.3727,1.6962,4.248,95.0,50.0106
14:45:40,BUS-05,100,3.5495,1.6121,4.1976,95.0,50.0213
14:45:50,BUS-05,100,3.484,1.7126,4.2303,95.0,50.0218
14:46:00,BUS-05,100,3.3362,1.6519,4.2186,95.0,50.0299
14:46:10,BUS-05,100,3.6571,1.6728,4.2205,95.0,50.0337
14:46:20,BUS-05,100,3.4448,1.6294,4.2024,95.0,50.0254
14:46:30,BUS-05,100,3.5918,1.6874,4.2151,95.0,50.023
14:46:40,BUS-05,100,3.5948,1.6885,4.2459,95.0,50.0189
14:46:50,BUS-05,100,3.5028,1.7004,4.2451,95.0,50.0136
14:47:00,BUS-05,100,3.681,1.6938,4.248,95.0,50.0142
14:47:10,BUS-05,100,3.5524,1.6677,4.2323,95.0,50.0135
14:47:20,BUS-05,100,3.426,1.7119,4.241,95.0,50.0155
14:47:30,BUS-05,100,3.4206,1.6744,4.2106,95.0,50.0171
14:47:40,BUS-05,100,3.596,1.6684,4.2032,95.0,50.0229
14:47:50,BUS-05,100,3.4477,1.6466,4.2341,95.0,50.0287
14:48:00,BUS-05,100,3.4629,1.6735,4.2278,95.0,50.029
14:48:10,BUS-05,100,3.535,1.6796,4.2239,95.0,50.0331
14:48:20,BUS-05,100,3.6817,1.6949,4.2404,95.0,50.0367
14:48:30,BUS-05,100,3.6197,1.612,4.2486,95.0,50.0432
14:48:40,BUS-05,100,3.5656,1.6842,4.2274,95.0,50.0515
14:48:50,BUS-05,100,3.5915,1.6612,4.2002,95.0,50.0502
14:49:00,BUS-05,100,3.5119,1.6762,4.2511,95.0,50.0427
14:49:10,BUS-05,100,3.2888,1.6762,4.2997,95.0,50.0399
14:49:20,BUS-05,100,3.3554,1.7129,4.2629,95.0,50.033
14:49:30,BUS-05,100,3.3321,1.676,4.2847,95.0,50.0289
14:49:40,BUS-05,100,3.5747,1.6746,4.2604,95.0,50.0308
14:49:50,BUS-05,100,3.4123,1.6549,4.2231,95.0,50.0245
14:50:00,BUS-05,100,3.3238,1.6576,4.266,95.0,50.0211
14:50:10,BUS-05,100,3.5016,1.6712,4.2503,95.0,50.0214
14:50:20,BUS-05,100,3.443,1.695,4.2174,95.0,50.0205
14:50:30,BUS-05,100,3.5694,1.6384,4.2268,95.0,50.0193
14:50:40,BUS-05,100,3.3281,1.6892,4.2675,95.0,50.0201
14:50:50,BUS-05,100,3.241,1.6491,4.243,95.0,50.0247
14:51:00,BUS-05,100,3.5307,1.6335,4.2589,95.0,50.0228
14:51:10,BUS-05,100,3.4194,1.6625,4.2512,95.0,50.0168
14:51:20,BUS-05,100,3.3441,1.6697,4.2739,95.0,50.0187
14:51:30,BUS-05,100,3.4667,1.6758,4.2679,95.0,50.0224
14:51:40,BUS-05,100,3.4796,1.6823,4.2463,95.0,50.0236
14:51:50,BUS-05,100,3.4439,1.6185,4.2447,95.0,50.0274
14:52:00,BUS-05,100,3.3803,1.6213,4.2812,95.0,50.0274
14:52:10,BUS-05,100,3.3135,1.6522,4.287,95.0,50.0253
14:52:20,BUS-05,100,3.5358,1.6583,4.2738,95.0,50.0253
14:52:30,BUS-05,100,3.328,1.6997,4.2909,95.0,50.0184
14:52:40,BUS-05,100,3.4798,1.7359,4.2938,95.0,50.0197
14:52:50,BUS-05,100,3.2603,1.6553,4.3065,95.0,50.0143
14:53:00,BUS-05,100,3.2781,1.6159,4.2824,95.0,50.0187
14:53:10,BUS-05,100,3.3132,1.687,4.2777,95.0,50.0154
14:53:20,BUS-05,100,3.3955,1.6259,4.2878,95.0,50.0167
14:53:30,BUS-05,100,3.3763,1.6538,4.2966,95.0,50.0185
14:53:40,BUS-05,100,3.4434,1.6812,4.2675,95.0,50.0176
14:53:50,BUS-05,100,3.4199,1.6226,4.3017,95.0,50.0182
14:54:00,BUS-05,100,3.4869,1.6598,4.2403,95.0,50.024
14:54:10,BUS-05,100,3.3846,1.6379,4.2601,95.0,50.0232
14:54:20,BUS-05,100,3.4987,1.6746,4.2858,95.0,50.0258
14:54:30,BUS-05,100,3.52,1.6257,4.2374,95.0,50.0238
14:54:40,BUS-05,100,3.4452,1.6554,4.2505,95.0,50.0196
14:54:50,BUS-05,100,3.3846,1.6234,4.2995,95.0,50.0092
14:55:00,BUS-05,100,3.3795,1.676,4.2847,95.0,50.0139
14:55:10,BUS-05,100,3.4599,1.6227,4.2619,95.0,50.0183
14:55:20,BUS-05,100,3.2936,1.6154,4.2862,95.0,50.0213
14:55:30,BUS-05,100,3.3245,1.7191,4.3036,95.0,50.0227
14:55:40,BUS-05,100,3.4739,1.6436,4.2801,95.0,50.0215
14:55:50,BUS-05,100,3.1655,1.6197,4.2851,95.0,50.0183
14:56:00,BUS-05,100,3.4437,1.616,4.2897,95.0,50.021
14:56:10,BUS-05,100,3.4008,1.6903,4.273,95.0,50.0214
14:56:20,BUS-05,100,3.4668,1.6677,4.2985,95.0,50.0181
14:56:30,BUS-05,100,3.3567,1.6545,4.3375,95.0,50.0175
14:56:40,BUS-05,100,3.3425,1.6302,4.293,95.0,50.0183
14:56:50,BUS-05,100,3.4397,1.6006,4.3165,95.0,50.0236
14:57:00,BUS-05,100,3.2446,1.6312,4.2882,95.0,50.0233
14:57:10,BUS-05,100,3.329,1.6445,4.2934,95.0,50.0245
14:57:20,BUS-05,100,3.2748,1.6613,4.3211,95.0,50.0326
14:57:30,BUS-05,100,3.2681,1.6281,4.2984,95.0,50.0308
14:57:40,BUS-05,100,3.5043,1.6227,4.2696,95.0,50.0364
14:57:50,BUS-05,100,3.3628,1.6563,4.2917,95.0,50.0359
14:58:00,BUS-05,100,3.3671,1.6945,4.2986,95.0,50.0419
14:58:10,BUS-05,100,3.3463,1.6748,4.3047,95.0,50.0463
14:58:20,BUS-05,100,3.2469,1.6148,4.3223,95.0,50.0406
14:58:30,BUS-05,100,3.365,1.6498,4.3344,95.0,50.0437
14:58:40,BUS-05,100,3.452,1.6154,4.2868,95.0,50.0521
14:58:50,BUS-05,100,3.3895,1.6257,4.295,95.0,50.0491
14:59:00,BUS-05,100,3.5084,1.6374,4.2827,95.0,50.0512
14:59:10,BUS-05,100,3.2336,1.5967,4.3027,95.0,50.0462
14:59:20,BUS-05,100,3.4148,1.6175,4.2978,95.0,50.0443
14:59:30,BUS-05,100,3.4857,1.6429,4.3136,95.0,50.0438
14:59:40,BUS-05,100,3.4934,1.6392,4.2825,95.0,50.0368
14:59:50,BUS-05,100,3.5389,1.6242,4.279,95.0,50.0423
15:00:00,BUS-05,100,3.3889,1.6249,4.3262,95.0,50.0388
15:00:10,BUS-05,100,3.1663,1.6236,4.3512,95.0,50.0368
15:00:20,BUS-05,100,3.1422,1.5975,4.298,95.0,50.0332
15:00:30,BUS-05,100,3.2119,1.6452,4.3236,95.0,50.035
15:00:40,BUS-05,100,3.3913,1.6375,4.298,95.0,50.0348
15:00:50,BUS-05,100,3.1766,1.6561,4.3246,95.0,50.0362
15:01:00,BUS-05,100,3.3604,1.6203,4.3273,95.0,50.0387
15:01:10,BUS-05,100,3.2311,1.5968,4.3344,95.0,50.037
15:01:20,BUS-05,100,3.4453,1.63,4.3306,95.0,50.0368
15:01:30,BUS-05,100,3.349,1.6583,4.3381,95.0,50.033
15:01:40,BUS-05,100,3.3739,1.6422,4.3311,95.0,50.0288
15:01:50,BUS-05,100,3.2822,1.6697,4.3294,95.0,50.0271
15:02:00,BUS-05,100,3.1039,1.6518,4.3562,95.0,50.0308
15:02:10,BUS-05,100,3.3331,1.6243,4.3342,95.0,50.0371
15:02:20,BUS-05,100,3.4228,1.6457,4.3361,95.0,50.037
15:02:30,BUS-05,100,3.3575,1.6648,4.3444,95.0,50.0319
15:02:40,BUS-05,100,3.2685,1.678,4.3476,95.0,50.0314
15:02:50,BUS-05,100,3.2574,1.6495,4.3735,95.0,50.0304
15:03:00,BUS-05,100,3.2349,1.6443,4.3432,95.0,50.0323
15:03:10,BUS-05,100,3.1353,1.6644,4.3697,95.0,50.03
15:03:20,BUS-05,100,3.2182,1.5958,4.3422,95.0,50.0325
15:03:30,BUS-05,100,3.3192,1.6188,4.3218,95.0,50.0267
15:03:40,BUS-05,100,3.2238,1.6675,4.3478,95.0,50.0261
15:03:50,BUS-05,100,3.3169,1.6459,4.3606,95.0,50.0284
15:04:00,BUS-05,100,3.1166,1.6324,4.3811,95.0,50.0228
15:04:10,BUS-05,100,3.2577,1.6497,4.3352,95.0,50.0176
15:04:20,BUS-05,100,3.3947,1.6738,4.3117,95.0,50.024
15:04:30,BUS-05,100,3.2184,1.5904,4.3497,95.0,50.0173
15:04:40,BUS-05,100,3.3194,1.5963,4.3315,95.0,50.0178
15:04:50,BUS-05,100,3.3145,1.6378,4.3395,95.0,50.0181
15:05:00,BUS-05,100,3.082,1.6204,4.3523,95.0,50.0081
15:05:10,BUS-05,100,3.437,1.6244,4.3199,95.0,50.0149
15:05:20,BUS-05,100,3.1418,1.6089,4.3586,95.0,50.0121
15:05:30,BUS-05,100,3.2878,1.6192,4.362,95.0,50.0185
15:05:40,BUS-05,100,3.3408,1.5919,4.3513,95.0,50.0157
15:05:50,BUS-05,100,3.4191,1.6214,4.3402,95.0,50.0164
15:06:00,BUS-05,100,3.3378,1.612,4.344,95.0,50.0174
15:06:10,BUS-05,100,3.4554,1.6381,4.368,95.0,50.0253
15:06:20,BUS-05,100,3.242,1.6049,4.3285,95.0,50.0235
15:06:30,BUS-05,100,3.1107,1.6584,4.3522,95.0,50.0226
15:06:40,BUS-05,100,3.3258,1.6198,4.3394,95.0,50.0272
15:06:50,BUS-05,100,3.3333,1.6008,4.355,95.0,50.0267
15:07:00,BUS-05,100,3.0017,1.6382,4.4053,95.0,50.0228
15:07:10,BUS-05,100,3.3055,1.6579,4.3784,95.0,50.0228
15:07:20,BUS-05,100,3.1768,1.6596,4.3706,95.0,50.0182
15:07:30,BUS-05,100,3.041,1.6047,4.3581,95.0,50.008
15:07:40,BUS-05,100,3.2746,1.599,4.3655,95.0,50.0098
15:07:50,BUS-05,100,3.5159,1.646,4.3312,95.0,50.0167
15:08:00,BUS-05,100,3.2282,1.6366,4.3877,95.0,50.0154
15:08:10,BUS-05,100,3.1014,1.6309,4.3864,95.0,50.0099
15:08:20,BUS-05,100,3.4238,1.6287,4.3505,95.0,50.0171
15:08:30,BUS-05,100,3.1538,1.6,4.3546,95.0,50.0096
15:08:40,BUS-05,100,3.228,1.5978,4.3721,95.0,50.0085
15:08:50,BUS-05,100,3.1948,1.6038,4.3809,95.0,50.0075
15:09:00,BUS-05,100,2.9635,1.6104,4.3978,95.0,50.0069
15:09:10,BUS-05,100,3.2277,1.595,4.3766,95.0,50.0085
15:09:20,BUS-05,100,3.2736,1.5883,4.3464,95.0,50.0117
15:09:30,BUS-05,100,3.2731,1.5919,4.375,95.0,50.0141
15:09:40,BUS-05,100,3.1404,1.5812,4.3884,95.0,50.014
15:09:50,BUS-05,100,3.1239,1.6071,4.3792,95.0,50.0131
15:10:00,BUS-05,100,3.0964,1.5795,4.3628,95.0,50.0105
15:10:10,BUS-05,100,3.2694,1.6176,4.3654,95.0,50.0164
15:10:20,BUS-05,100,3.2181,1.5882,4.3761,95.0,50.0147
15:10:30,BUS-05,100,3.0415,1.5981,4.3727,95.0,50.0179
15:10:40,BUS-05,100,3.2651,1.5679,4.3964,95.0,50.0166
15:10:50,BUS-05,100,3.2206,1.6125,4.3619,95.0,50.0145
15:11:00,BUS-05,100,3.1945,1.5761,4.3656,95.0,50.0147
15:11:10,BUS-05,100,3.1017,1.5767,4.4022,95.0,50.0138
15:11:20,BUS-05,100,3.1455,1.6241,4.4083,95.0,50.0198
15:11:30,BUS-05,100,3.0964,1.6371,4.4206,95.0,50.0212
15:11:40,BUS-05,100,3.261,1.5606,4.3993,95.0,50.0253
15:11:50,BUS-05,100,3.2792,1.6056,4.3779,95.0,50.0229
15:12:00,BUS-05,100,3.2376,1.6179,4.4126,95.0,50.0167
15:12:10,BUS-05,100,3.2634,1.6281,4.4133,95.0,50.0143
15:12:20,BUS-05,100,3.2516,1.6122,4.3851,95.0,50.0147
15:12:30,BUS-05,100,3.1074,1.5833,4.3895,95.0,50.0173
15:12:40,BUS-05,100,3.1917,1.5849,4.3621,95.0,50.0174
15:12:50,BUS-05,100,3.1259,1.5835,4.4146,95.0,50.0231
15:13:00,BUS-05,100,3.0557,1.5751,4.413,95.0,50.0201
15:13:10,BUS-05,100,3.1943,1.5798,4.405,95.0,50.016
15:13:20,BUS-05,100,2.9085,1.6251,4.4312,95.0,50.0123
15:13:30,BUS-05,100,3.1588,1.6074,4.4113,95.0,50.0156
15:13:40,BUS-05,100,3.1556,1.599,4.4245,95.0,50.022
15:13:50,BUS-05,100,3.0872,1.6175,4.433,95.0,50.0188
15:14:00,BUS-05,100,3.2356,1.5713,4.4366,95.0,50.0158
15:14:10,BUS-05,100,3.0903,1.6239,4.3823,95.0,50.012
15:14:20,BUS-05,100,3.2463,1.5935,4.3989,95.0,50.0172
15:14:30,BUS-05,100,3.1859,1.6416,4.4079,95.0,50.0178
15:14:40,BUS-05,100,3.3713,1.6073,4.368,95.0,50.0222
15:14:50,BUS-05,100,3.3046,1.5984,4.3932,95.0,50.026
15:15:00,BUS-05,100,2.9946,1.601,4.413,95.0,50.0242
15:15:10,BUS-05,100,3.0746,1.5802,4.45,95.0,50.0219
15:15:20,BUS-05,100,3.0977,1.6261,4.4526,95.0,50.0216
15:15:30,BUS-05,100,3.081,1.5849,4.4495,95.0,50.0182
15:15:40,BUS-05,100,3.1198,1.5949,4.4059,95.0,50.0169
15:15:50,BUS-05,100,3.0466,1.6127,4.401,95.0,50.0139
15:16:00,BUS-05,100,3.0675,1.5648,4.3993,95.0,50.0132
15:16:10,BUS-05,100,3.099,1.5755,4.4345,95.0,50.0037
15:16:20,BUS-05,100,2.9875,1.5828,4.4426,95.0,50.0027
15:16:30,BUS-05,100,3.11,1.5886,4.4378,95.0,50.0055
15:16:40,BUS-05,100,3.0506,1.5569,4.4303,95.0,50.0079
15:16:50,BUS-05,100,3.0757,1.5633,4.4297,95.0,50.0063
15:17:00,BUS-05,100,2.9527,1.5491,4.4367,95.0,50.0006
15:17:10,BUS-05,100,3.1844,1.6437,4.4292,95.0,50.0085
15:17:20,BUS-05,100,3.1256,1.623,4.4517,95.0,50.0092
15:17:30,BUS-05,100,2.8946,1.5579,4.4715,95.0,50.0035
15:17:40,BUS-05,100,3.1056,1.6061,4.4323,95.0,50.0057
15:17:50,BUS-05,100,3.0089,1.5939,4.4263,95.0,50.0088
15:18:00,BUS-05,100,3.0536,1.6155,4.4373,95.0,50.0062
15:18:10,BUS-05,100,3.0694,1.5627,4.4292,95.0,50.0011
15:18:20,BUS-05,100,3.1133,1.5854,4.4578,95.0,50.0014
15:18:30,BUS-05,100,3.0568,1.5442,4.4391,95.0,50.001
15:18:40,BUS-05,100,3.1977,1.5767,4.4156,95.0,50.0039
15:18:50,BUS-05,100,3.075,1.6397,4.4627,95.0,50.0025
15:19:00,BUS-05,100,3.0489,1.5681,4.4243,95.0,50.0077
15:19:10,BUS-05,100,3.1508,1.571,4.4365,95.0,50.0168
15:19:20,BUS-05,100,3.1615,1.5786,4.4266,95.0,50.0112
15:19:30,BUS-05,100,2.878,1.5623,4.4539,95.0,49.9974
15:19:40,BUS-05,100,3.1189,1.6011,4.3986,95.0,50.0065
15:19:50,BUS-05,100,3.1761,1.5764,4.4178,95.0,50.0051
15:20:00,BUS-05,100,3.0557,1.5874,4.4518,95.0,50.0074
15:20:10,BUS-05,100,3.1142,1.6076,4.4433,95.0,50.0097
15:20:20,BUS-05,100,2.9908,1.5949,4.4797,95.0,50.0129
15:20:30,BUS-05,100,2.9338,1.6,4.4722,95.0,50.0142
15:20:40,BUS-05,100,2.9066,1.5979,4.4674,95.0,50.0116
15:20:50,BUS-05,100,2.9899,1.6096,4.4667,95.0,50.0163
15:21:00,BUS-05,100,3.0698,1.6217,4.4549,95.0,50.0108
15:21:10,BUS-05,100,3.1514,1.5826,4.4462,95.0,50.0154
15:21:20,BUS-05,100,3.039,1.547,4.4815,95.0,50.0143
15:21:30,BUS-05,100,2.909,1.5973,4.4665,95.0,50.0033
15:21:40,BUS-05,100,2.945,1.5817,4.4914,95.0,50.0031
15:21:50,BUS-05,100,2.8756,1.5921,4.4809,95.0,50.0048
15:22:00,BUS-05,100,3.0769,1.57,4.5047,95.0,50.0107
15:22:10,BUS-05,100,2.9594,1.5797,4.485,95.0,50.0079
15:22:20,BUS-05,100,3.076,1.6187,4.472,95.0,50.0118
15:22:30,BUS-05,100,3.0264,1.5633,4.4809,95.0,50.0076
15:22:40,BUS-05,100,3.0336,1.5842,4.4654,95.0,50.0051
15:22:50,BUS-05,100,3.0421,1.5596,4.4748,95.0,50.0055
15:23:00,BUS-05,100,3.1251,1.594,4.4597,95.0,50.0033
15:23:10,BUS-05,100,3.1209,1.5468,4.4868,95.0,50.002
15:23:20,BUS-05,100,3.0989,1.5602,4.4631,95.0,50.0011
15:23:30,BUS-05,100,3.0136,1.5743,4.4878,95.0,50.001
15:23:40,BUS-05,100,3.0794,1.5986,4.4413,95.0,50.0012
15:23:50,BUS-05,100,2.7507,1.5732,4.51,95.0,50.0019
15:24:00,BUS-05,100,3.0499,1.5422,4.4959,95.0,50.0045
15:24:10,BUS-05,100,2.9228,1.5522,4.4899,95.0,50.0016
15:24:20,BUS-05,100,3.1921,1.5456,4.4953,95.0,50.0049
15:24:30,BUS-05,100,2.9635,1.5626,4.472,95.0,50.0007
15:24:40,BUS-05,100,3.0941,1.5789,4.4616,95.0,50.0041
15:24:50,BUS-05,100,2.9171,1.5733,4.4942,95.0,49.9929
15:25:00,BUS-05,100,2.9286,1.5278,4.4814,95.0,49.9961
15:25:10,BUS-05,100,3.1172,1.5616,4.5037,95.0,50.0038
15:25:20,BUS-05,100,2.999,1.5722,4.4775,95.0,50.0106
15:25:30,BUS-05,100,2.9884,1.5746,4.501,95.0,50.0123
15:25:40,BUS-05,100,3.045,1.5693,4.4953,95.0,50.0102
15:25:50,BUS-05,100,3.0656,1.5422,4.4802,95.0,50.0153
15:26:00,BUS-05,100,2.9666,1.554,4.4671,95.0,50.0164
15:26:10,BUS-05,100,3.0478,1.5422,4.4647,95.0,50.0167
15:26:20,BUS-05,100,2.9251,1.5139,4.4979,95.0,50.0088
15:26:30,BUS-05,100,3.1199,1.5625,4.4961,95.0,50.0064
15:26:40,BUS-05,100,2.8685,1.5365,4.4891,95.0,50.004
15:26:50,BUS-05,100,2.9504,1.605,4.5445,95.0,50.0024
15:27:00,BUS-05,100,2.92,1.5448,4.4888,95.0,50.0032
15:27:10,BUS-05,100,3.0522,1.5763,4.4869,95.0,50.0006
15:27:20,BUS-05,100,2.8261,1.5535,4.5061,95.0,49.9945
15:27:30,BUS-05,100,2.9704,1.541,4.5043,95.0,50.0015
15:27:40,BUS-05,100,2.8619,1.5676,4.5196,95.0,49.9989
15:27:50,BUS-05,100,2.9305,1.5737,4.5044,95.0,50.0032
15:28:00,BUS-05,100,2.962,1.5339,4.4744,95.0,50.0036
15:28:10,BUS-05,100,2.9656,1.579,4.5002,95.0,50.007
15:28:20,BUS-05,100,2.9712,1.5932,4.4988,95.0,50.0114
15:28:30,BUS-05,100,3.037,1.5522,4.5031,95.0,50.0129
15:28:40,BUS-05,100,3.0236,1.5926,4.5413,95.0,50.0135
15:28:50,BUS-05,100,2.9177,1.525,4.5379,95.0,50.011
15:29:00,BUS-05,100,2.8804,1.5938,4.5382,95.0,50.0107
15:29:10,BUS-05,100,2.9411,1.5698,4.5499,95.0,50.0159
15:29:20,BUS-05,100,2.8235,1.5605,4.5252,95.0,50.014
15:29:30,BUS-05,100,2.973,1.549,4.5298,95.0,50.0187
15:29:40,BUS-05,100,2.9338,1.5679,4.5139,95.0,50.0138
15:29:50,BUS-05,100,2.9364,1.5376,4.5176,95.0,50.0139
15:30:00,BUS-05,100,2.8825,1.5683,4.5442,95.0,50.0171
15:30:10,BUS-05,100,3.0137,1.5352,4.5015,95.0,50.0175
15:30:20,BUS-05,100,2.7965,1.5489,4.5544,95.0,50.0159
15:30:30,BUS-05,100,2.935,1.5218,4.5327,95.0,50.0199
15:30:40,BUS-05,100,2.9332,1.5695,4.5417,95.0,50.017
15:30:50,BUS-05,100,2.9606,1.5623,4.5201,95.0,50.0184
15:31:00,BUS-05,100,2.9425,1.5535,4.4935,95.0,50.022
15:31:10,BUS-05,100,2.7547,1.5258,4.5287,95.0,50.0174
15:31:20,BUS-05,100,2.8619,1.5583,4.5247,95.0,50.0229
15:31:30,BUS-05,100,2.8166,1.5378,4.5411,95.0,50.0206
15:31:40,BUS-05,100,2.8056,1.5425,4.5438,95.0,50.0145
15:31:50,BUS-05,100,2.7982,1.5407,4.5478,95.0,50.0133
15:32:00,BUS-05,100,3.0101,1.5979,4.523,95.0,50.0118
15:32:10,BUS-05,100,2.7128,1.5088,4.5642,95.0,50.0026
15:32:20,BUS-05,100,2.7507,1.5484,4.5409,95.0,50.001
15:32:30,BUS-05,100,2.9887,1.5367,4.5228,95.0,49.9978
15:32:40,BUS-05,100,2.9053,1.5565,4.5432,95.0,49.99
15:32:50,BUS-05,100,2.816,1.5228,4.5588,95.0,49.9857
15:33:00,BUS-05,100,2.9437,1.6194,4.5137,95.0,49.9877
15:33:10,BUS-05,100,2.9564,1.5695,4.5564,95.0,49.9869
15:33:20,BUS-05,100,2.7518,1.5102,4.5286,95.0,49.9885
15:33:30,BUS-05,100,2.9703,1.5664,4.5495,95.0,49.9932
15:33:40,BUS-05,100,2.8939,1.5849,4.5746,95.0,49.9992
15:33:50,BUS-05,100,3.0283,1.5261,4.5382,95.0,50.0076
15:34:00,BUS-05,100,2.8741,1.5675,4.5351,95.0,50.0071
15:34:10,BUS-05,100,2.8191,1.5402,4.5641,95.0,50.0117
15:34:20,BUS-05,100,2.8347,1.5579,4.5145,95.0,50.0168
15:34:30,BUS-05,100,2.9188,1.5286,4.5602,95.0,50.0164
15:34:40,BUS-05,100,2.9042,1.5835,4.5518,95.0,50.0099
15:34:50,BUS-05,100,2.8751,1.5227,4.5501,95.0,50.0148
15:35:00,BUS-05,100,2.8181,1.5592,4.5651,95.0,50.0211
15:35:10,BUS-05,100,2.8776,1.5527,4.5707,95.0,50.0253
15:35:20,BUS-05,100,2.834,1.5468,4.573,95.0,50.0258
15:35:30,BUS-05,100,2.7806,1.5389,4.5755,95.0,50.0233
15:35:40,BUS-05,100,2.7377,1.5371,4.5633,95.0,50.0207
15:35:50,BUS-05,100,2.7809,1.56,4.6039,95.0,50.0188
15:36:00,BUS-05,100,2.7455,1.5563,4.5686,95.0,50.0226
15:36:10,BUS-05,100,2.8693,1.5283,4.5627,95.0,50.0182
15:36:20,BUS-05,100,2.8747,1.5583,4.5583,95.0,50.0157
15:36:30,BUS-05,100,2.9094,1.5438,4.5783,95.0,50.0095
15:36:40,BUS-05,100,2.9193,1.552,4.585,95.0,50.006
15:36:50,BUS-05,100,2.8314,1.5261,4.5285,95.0,50.0048
15:37:00,BUS-05,100,2.8363,1.5436,4.5622,95.0,50.009
15:37:10,BUS-05,100,2.8589,1.519,4.5886,95.0,50.0089
15:37:20,BUS-05,100,2.7815,1.5757,4.5698,95.0,50.0074
15:37:30,BUS-05,100,2.7971,1.4996,4.5945,95.0,50.012
15:37:40,BUS-05,100,2.9423,1.5435,4.5687,95.0,50.0116
15:37:50,BUS-05,100,2.7576,1.5318,4.572,95.0,50.009
15:38:00,BUS-05,100,2.8126,1.5343,4.5627,95.0,50.0107
15:38:10,BUS-05,100,2.7229,1.5544,4.592,95.0,50.0116
15:38:20,BUS-05,100,2.7031,1.5008,4.578,95.0,50.0159
15:38:30,BUS-05,100,2.7483,1.5284,4.5989,95.0,50.0165
15:38:40,BUS-05,100,2.9141,1.5361,4.5692,95.0,50.0161
15:38:50,BUS-05,100,2.791,1.5383,4.6294,95.0,50.0203
15:39:00,BUS-05,100,2.7619,1.5347,4.5894,95.0,50.0219
15:39:10,BUS-05,100,2.6887,1.5609,4.5623,95.0,50.0233
15:39:20,BUS-05,100,2.8232,1.5533,4.5743,95.0,50.0336
15:39:30,BUS-05,100,2.819,1.5568,4.5965,95.0,50.0281
15:39:40,BUS-05,100,2.6726,1.5225,4.5981,95.0,50.0198
15:39:50,BUS-05,100,2.5978,1.5176,4.5784,95.0,50.0195
15:40:00,BUS-05,100,2.7786,1.5559,4.5703,95.0,50.0174
15:40:10,BUS-05,100,2.6495,1.5202,4.6002,95.0,50.0146
15:40:20,BUS-05,100,2.5876,1.5949,4.6286,95.0,50.0106
15:40:30,BUS-05,100,2.8577,1.5626,4.6099,95.0,50.0106
15:40:40,BUS-05,100,2.7307,1.4754,4.6125,95.0,50.0139
15:40:50,BUS-05,100,2.6798,1.5079,4.5943,95.0,50.0047
15:41:00,BUS-05,100,2.7649,1.5083,4.6125,95.0,50.0037
15:41:10,BUS-05,100,2.7138,1.5363,4.6301,95.0,50.0107
15:41:20,BUS-05,100,2.848,1.509,4.6211,95.0,50.0159
15:41:30,BUS-05,100,2.5921,1.5484,4.5785,95.0,50.0109
15:41:40,BUS-05,100,2.677,1.5067,4.6138,95.0,50.0175
15:41:50,BUS-05,100,2.7888,1.5428,4.6279,95.0,50.0146
15:42:00,BUS-05,100,2.6508,1.5426,4.6158,95.0,50.0107
15:42:10,BUS-05,100,2.838,1.5511,4.603,95.0,50.0119
15:42:20,BUS-05,100,2.9764,1.5777,4.6026,95.0,50.0206
15:42:30,BUS-05,100,2.7738,1.529,4.5983,95.0,50.0195
15:42:40,BUS-05,100,2.9187,1.5674,4.5909,95.0,50.017
15:42:50,BUS-05,100,2.6137,1.5252,4.6012,95.0,50.0169
15:43:00,BUS-05,100,2.7432,1.5515,4.5932,95.0,50.0207
15:43:10,BUS-05,100,2.7309,1.5396,4.628,95.0,50.0235
15:43:20,BUS-05,100,2.7974,1.5229,4.6401,95.0,50.029
15:43:30,BUS-05,100,2.746,1.5191,4.6174,95.0,50.0234
15:43:40,BUS-05,100,2.5874,1.5528,4.6593,95.0,50.0311
15:43:50,BUS-05,100,2.6536,1.5182,4.6275,95.0,50.0302
15:44:00,BUS-05,100,2.6856,1.508,4.6165,95.0,50.0229
15:44:10,BUS-05,100,2.6886,1.5758,4.6627,95.0,50.0197
15:44:20,BUS-05,100,2.7408,1.5422,4.6483,95.0,50.0178
15:44:30,BUS-05,100,2.7581,1.5274,4.6583,95.0,50.0204
15:44:40,BUS-05,100,2.6845,1.5573,4.6307,95.0,50.0144
15:44:50,BUS-05,100,2.8049,1.5188,4.5827,95.0,50.0144
15:45:00,BUS-05,100,2.7454,1.543,4.6455,95.0,50.0099
15:45:10,BUS-05,100,2.6975,1.5041,4.6399,95.0,50.0096
15:45:20,BUS-05,100,2.622,1.5436,4.6353,95.0,50.0119
15:45:30,BUS-05,100,2.7856,1.5366,4.6333,95.0,50.0103
15:45:40,BUS-05,100,2.7702,1.5701,4.6256,95.0,50.0075
15:45:50,BUS-05,100,2.6157,1.546,4.6233,95.0,50.0069
15:46:00,BUS-05,100,2.5376,1.5478,4.6689,95.0,50.007
15:46:10,BUS-05,100,2.5378,1.5179,4.6192,95.0,50.0028
15:46:20,BUS-05,100,2.507,1.574,4.6688,95.0,49.9976
15:46:30,BUS-05,100,2.7386,1.534,4.6504,95.0,50.0074
15:46:40,BUS-05,100,2.6098,1.5313,4.6708,95.0,50.0058
15:46:50,BUS-05,100,2.7014,1.5466,4.6341,95.0,50.0008
15:47:00,BUS-05,100,2.6062,1.5167,4.6673,95.0,49.997
15:47:10,BUS-05,100,2.7906,1.5566,4.6423,95.0,49.9983
15:47:20,BUS-05,100,2.6435,1.5344,4.6701,95.0,49.995
15:47:30,BUS-05,100,2.6034,1.4857,4.6674,95.0,49.9894
15:47:40,BUS-05,100,2.5475,1.5,4.643,95.0,49.9908
15:47:50,BUS-05,100,2.6056,1.5376,4.6392,95.0,50.0011
15:48:00,BUS-05,100,2.6787,1.513,4.6635,95.0,50.0039
15:48:10,BUS-05,100,2.7059,1.5249,4.6797,95.0,50.0064
15:48:20,BUS-05,100,2.6485,1.5004,4.6663,95.0,50.0059
15:48:30,BUS-05,100,2.6898,1.5098,4.6739,95.0,50.0017
15:48:40,BUS-05,100,2.4815,1.5439,4.6416,95.0,50.0017
15:48:50,BUS-05,100,2.4945,1.5442,4.673,95.0,50.0025
15:49:00,BUS-05,100,2.4723,1.4937,4.6678,95.0,50.0057
15:49:10,BUS-05,100,2.6118,1.556,4.6751,95.0,50.0183
15:49:20,BUS-05,100,2.6406,1.5715,4.6821,95.0,50.0182
15:49:30,BUS-05,100,2.56,1.5135,4.6714,95.0,50.0241
15:49:40,BUS-05,100,2.6485,1.5044,4.6698,95.0,50.0208
15:49:50,BUS-05,100,2.7075,1.557,4.691,95.0,50.0275
15:50:00,BUS-05,100,2.6469,1.5461,4.6736,95.0,50.0268
15:50:10,BUS-05,100,2.596,1.5834,4.6803,95.0,50.0312
15:50:20,BUS-05,100,2.3774,1.559,4.6875,95.0,50.0277
15:50:30,BUS-05,100,2.715,1.5674,4.6728,95.0,50.0275
15:50:40,BUS-05,100,2.6193,1.5525,4.7004,95.0,50.0258
15:50:50,BUS-05,100,2.7195,1.5012,4.6172,95.0,50.0284
15:51:00,BUS-05,100,2.5857,1.5105,4.6838,95.0,50.0347
15:51:10,BUS-05,100,2.6962,1.497,4.6752,95.0,50.0359
15:51:20,BUS-05,100,2.5581,1.556,4.7113,95.0,50.0313
15:51:30,BUS-05,100,2.6618,1.5422,4.716,95.0,50.0297
15:51:40,BUS-05,100,2.4778,1.4994,4.6911,95.0,50.0288
15:51:50,BUS-05,100,2.5851,1.5368,4.6725,95.0,50.0278
15:52:00,BUS-05,100,2.6812,1.5393,4.7217,95.0,50.0245
15:52:10,BUS-05,100,2.5123,1.5684,4.6826,95.0,50.0248
15:52:20,BUS-05,100,2.4907,1.5294,4.6681,95.0,50.022
15:52:30,BUS-05,100,2.4918,1.5287,4.6669,95.0,50.0179
15:52:40,BUS-05,100,2.7161,1.5331,4.6847,95.0,50.0189
15:52:50,BUS-05,100,2.5309,1.506,4.6719,95.0,50.0136
15:53:00,BUS-05,100,2.5246,1.5116,4.6969,95.0,50.0151
15:53:10,BUS-05,100,2.6603,1.5383,4.6877,95.0,50.0203
15:53:20,BUS-05,100,2.5437,1.4911,4.7209,95.0,50.0195
15:53:30,BUS-05,100,2.7681,1.5348,4.7012,95.0,50.0201
15:53:40,BUS-05,100,2.4754,1.5105,4.7151,95.0,50.0156
15:53:50,BUS-05,100,2.3088,1.5472,4.757,95.0,50.0177
15:54:00,BUS-05,100,2.611,1.5623,4.7172,95.0,50.0201
15:54:10,BUS-05,100,2.4693,1.5607,4.7286,95.0,50.0208
15:54:20,BUS-05,100,2.6768,1.5278,4.6824,95.0,50.0202
15:54:30,BUS-05,100,2.4897,1.5298,4.6857,95.0,50.023
15:54:40,BUS-05,100,2.5581,1.5007,4.6879,95.0,50.0264
15:54:50,BUS-05,100,2.3861,1.5605,4.7131,95.0,50.0266
15:55:00,BUS-05,100,2.6647,1.5197,4.6932,95.0,50.0288
15:55:10,BUS-05,100,2.6682,1.5359,4.6929,95.0,50.0277
15:55:20,BUS-05,100,2.4288,1.5351,4.7169,95.0,50.0209
15:55:30,BUS-05,100,2.4827,1.545,4.7469,95.0,50.0226
15:55:40,BUS-05,100,2.3893,1.5663,4.7136,95.0,50.0201
15:55:50,BUS-05,100,2.5326,1.5448,4.7133,95.0,50.0212
15:56:00,BUS-05,100,2.3838,1.5079,4.7296,95.0,50.023
15:56:10,BUS-05,100,2.5322,1.5307,4.7601,95.0,50.0267
15:56:20,BUS-05,100,2.5545,1.5259,4.716,95.0,50.0192
15:56:30,BUS-05,100,2.4558,1.5138,4.7335,95.0,50.0223
15:56:40,BUS-05,100,2.5059,1.5315,4.7259,95.0,50.0209
15:56:50,BUS-05,100,2.4574,1.5152,4.7303,95.0,50.0181
15:57:00,BUS-05,100,2.4996,1.4872,4.7371,95.0,50.0183
15:57:10,BUS-05,100,2.4225,1.5045,4.7244,95.0,50.02
15:57:20,BUS-05,100,2.4391,1.5409,4.7132,95.0,50.0142
15:57:30,BUS-05,100,2.4514,1.5161,4.7655,95.0,50.0097
15:57:40,BUS-05,100,2.4181,1.5305,4.7593,95.0,50.0154
15:57:50,BUS-05,100,2.4053,1.5128,4.7582,95.0,50.0144
15:58:00,BUS-05,100,2.5631,1.4982,4.7476,95.0,50.0148
15:58:10,BUS-05,100,2.5115,1.527,4.7638,95.0,50.0164
15:58:20,BUS-05,100,2.6122,1.5141,4.7375,95.0,50.0124
15:58:30,BUS-05,100,2.4726,1.5458,4.7161,95.0,50.0142
15:58:40,BUS-05,100,2.5412,1.5295,4.7202,95.0,50.0152
15:58:50,BUS-05,100,2.4795,1.5342,4.7722,95.0,50.0104
15:59:00,BUS-05,100,2.3882,1.5185,4.7424,95.0,50.0103
15:59:10,BUS-05,100,2.4775,1.5264,4.7604,95.0,50.0099
15:59:20,BUS-05,100,2.5461,1.5375,4.7471,95.0,50.007
15:59:30,BUS-05,100,2.476,1.5367,4.7326,95.0,49.9987
15:59:40,BUS-05,100,2.4941,1.5384,4.7559,95.0,50.0005
15:59:50,BUS-05,100,2.4245,1.5588,4.7889,95.0,49.9978
16:00:00,BUS-05,100,2.4355,1.5451,4.7902,95.0,49.9968
16:00:10,BUS-05,100,2.3862,1.5251,4.7359,95.0,50.0031
16:00:20,BUS-05,100,2.4873,1.528,4.7472,95.0,50.0042
16:00:30,BUS-05,100,2.352,1.5414,4.7834,95.0,50.0026
16:00:40,BUS-05,100,2.5363,1.5068,4.7521,95.0,50.0054
16:00:50,BUS-05,100,2.4754,1.5209,4.7649,95.0,50.0036
16:01:00,BUS-05,100,2.521,1.5602,4.7866,95.0,49.9987
16:01:10,BUS-05,100,2.4502,1.5207,4.7702,95.0,50.0003
16:01:20,BUS-05,100,2.4676,1.5183,4.7537,95.0,50.0059
16:01:30,BUS-05,100,2.4811,1.5316,4.7719,95.0,50.011
16:01:40,BUS-05,100,2.4548,1.5382,4.7758,95.0,50.0096
16:01:50,BUS-05,100,2.3931,1.5259,4.7408,95.0,50.0001
16:02:00,BUS-05,100,2.4675,1.5406,4.7728,95.0,50.0039
16:02:10,BUS-05,100,2.4518,1.5254,4.7719,95.0,50.0033
16:02:20,BUS-05,100,2.3104,1.5662,4.7831,95.0,49.9998
16:02:30,BUS-05,100,2.3217,1.4891,4.7914,95.0,50.0061
16:02:40,BUS-05,100,2.4956,1.5293,4.8081,95.0,50.0045
16:02:50,BUS-05,100,2.3575,1.531,4.7944,95.0,50.008
16:03:00,BUS-05,100,2.3889,1.5371,4.7444,95.0,50.0016
16:03:10,BUS-05,100,2.4622,1.5326,4.7802,95.0,50.0004
16:03:20,BUS-05,100,2.2859,1.4973,4.804,95.0,49.9997
16:03:30,BUS-05,100,2.4731,1.5495,4.778,95.0,49.9994
16:03:40,BUS-05,100,2.3135,1.5506,4.7951,95.0,49.9976
16:03:50,BUS-05,100,2.4443,1.5325,4.776,95.0,50.0023
16:04:00,BUS-05,100,2.4354,1.4804,4.7916,95.0,50.0078
16:04:10,BUS-05,100,2.4081,1.5412,4.7806,95.0,50.012
16:04:20,BUS-05,100,2.3043,1.5317,4.7834,95.0,50.0099
16:04:30,BUS-05,100,2.2322,1.5148,4.8235,95.0,50.0089
16:04:40,BUS-05,100,2.4571,1.4654,4.7707,95.0,50.0121
16:04:50,BUS-05,100,2.3476,1.5404,4.8262,95.0,50.0097
16:05:00,BUS-05,100,2.3876,1.5374,4.7938,95.0,50.0092
16:05:10,BUS-05,100,2.3507,1.5131,4.8208,95.0,50.0061
16:05:20,BUS-05,100,2.4076,1.5286,4.8163,95.0,50.0122
16:05:30,BUS-05,100,2.4697,1.5185,4.8193,95.0,50.0054
16:05:40,BUS-05,100,2.2879,1.4769,4.7913,95.0,50.0041
16:05:50,BUS-05,100,2.2441,1.4864,4.7777,95.0,50.005
16:06:00,BUS-05,100,2.4245,1.5487,4.8066,95.0,50.0122
16:06:10,BUS-05,100,2.3144,1.5334,4.8334,95.0,50.0217
16:06:20,BUS-05,100,2.3626,1.549,4.7729,95.0,50.0252
16:06:30,BUS-05,100,2.2971,1.5544,4.837,95.0,50.0137
16:06:40,BUS-05,100,2.3641,1.5178,4.8013,95.0,50.0116
16:06:50,BUS-05,100,2.3541,1.5718,4.7855,95.0,50.0122
16:07:00,BUS-05,100,2.2841,1.556,4.8014,95.0,50.0132
16:07:10,BUS-05,100,2.3635,1.544,4.8207,95.0,50.0081
16:07:20,BUS-05,100,2.4087,1.5157,4.811,95.0,50.0106
16:07:30,BUS-05,100,2.3777,1.6053,4.8374,95.0,50.0077
16:07:40,BUS-05,100,2.4105,1.5429,4.8517,95.0,50.0051
16:07:50,BUS-05,100,2.2893,1.5252,4.8182,95.0,50.0015
16:08:00,BUS-05,100,2.325,1.5805,4.8238,95.0,49.9979
16:08:10,BUS-05,100,2.3753,1.5428,4.8245,95.0,49.9988
16:08:20,BUS-05,100,2.298,1.6044,4.8103,95.0,49.9988
16:08:30,BUS-05,100,2.2728,1.5594,4.8559,95.0,50.0073
16:08:40,BUS-05,100,2.2674,1.5564,4.8269,95.0,50.0061
16:08:50,BUS-05,100,2.2752,1.5402,4.8353,95.0,50.0046
16:09:00,BUS-05,100,2.2706,1.5379,4.8548,95.0,50.0086
16:09:10,BUS-05,100,2.4392,1.526,4.8449,95.0,50.0124
16:09:20,BUS-05,100,2.1946,1.5818,4.8644,95.0,50.0107
16:09:30,BUS-05,100,2.3418,1.5667,4.8063,95.0,50.0164
16:09:40,BUS-05,100,2.3243,1.5178,4.8232,95.0,50.008
16:09:50,BUS-05,100,2.3081,1.5356,4.8422,95.0,50.0114
16:10:00,BUS-05,100,2.2151,1.5211,4.8563,95.0,50.012
16:10:10,BUS-05,100,2.2867,1.549,4.8161,95.0,50.0126
16:10:20,BUS-05,100,2.3258,1.54,4.8484,95.0,50.0084
16:10:30,BUS-05,100,2.4291,1.5568,4.8297,95.0,50.0094
16:10:40,BUS-05,100,2.1955,1.5136,4.8165,95.0,50.0009
16:10:50,BUS-05,100,2.2657,1.5576,4.8194,95.0,50.0032
16:11:00,BUS-05,100,2.1444,1.4955,4.8776,95.0,50.0095
16:11:10,BUS-05,100,2.2675,1.5114,4.8297,95.0,50.0114
16:11:20,BUS-05,100,2.3219,1.5277,4.864,95.0,50.0145
16:11:30,BUS-05,100,2.2635,1.5503,4.8515,95.0,50.0151
16:11:40,BUS-05,100,2.2682,1.582,4.8563,95.0,50.0164
16:11:50,BUS-05,100,2.2472,1.5283,4.8412,95.0,50.0148
16:12:00,BUS-05,100,2.381,1.5626,4.8479,95.0,50.0167
16:12:10,BUS-05,100,2.1476,1.5279,4.8781,95.0,50.0161
16:12:20,BUS-05,100,2.2482,1.5265,4.8874,95.0,50.0133
16:12:30,BUS-05,100,2.2695,1.5478,4.8185,95.0,50.0197
16:12:40,BUS-05,100,2.2553,1.5549,4.8648,95.0,50.0174
16:12:50,BUS-05,100,2.1916,1.5745,4.9056,95.0,50.0132
16:13:00,BUS-05,100,2.2649,1.5698,4.8691,95.0,50.0169
16:13:10,BUS-05,100,2.2208,1.5402,4.861,95.0,50.0174
16:13:20,BUS-05,100,2.2171,1.5109,4.8665,95.0,50.0182
16:13:30,BUS-05,100,2.2445,1.5631,4.8748,95.0,50.021
16:13:40,BUS-05,100,2.2604,1.5442,4.8623,95.0,50.0239
16:13:50,BUS-05,100,2.3075,1.529,4.8742,95.0,50.0213
16:14:00,BUS-05,100,2.2316,1.5382,4.9074,95.0,50.0249
16:14:10,BUS-05,100,2.1203,1.5194,4.895,95.0,50.0092
16:14:20,BUS-05,100,2.2285,1.5852,4.8973,95.0,50.0086
16:14:30,BUS-05,100,2.2515,1.5286,4.9,95.0,50.0151
16:14:40,BUS-05,100,2.1732,1.5665,4.8693,95.0,50.012
16:14:50,BUS-05,100,2.2838,1.5932,4.8799,95.0,50.0126
16:15:00,BUS-05,100,2.1575,1.5565,4.8992,95.0,50.0134
16:15:10,BUS-05,100,2.2006,1.5613,4.884,95.0,50.0036
16:15:20,BUS-05,100,2.0859,1.5196,4.8852,95.0,50.0122
16:15:30,BUS-05,100,2.1717,1.5477,4.9223,95.0,50.0093
16:15:40,BUS-05,100,2.219,1.5102,4.91,95.0,50.008
16:15:50,BUS-05,100,2.1903,1.572,4.9091,95.0,50.0013
16:16:00,BUS-05,100,2.2245,1.5753,4.9048,95.0,50.0013
16:16:10,BUS-05,100,2.1951,1.5356,4.8886,95.0,50.0037
16:16:20,BUS-05,100,2.162,1.5311,4.8735,95.0,50.0005
16:16:30,BUS-05,100,2.1636,1.5781,4.8914,95.0,49.9988
16:16:40,BUS-05,100,2.1498,1.5644,4.9077,95.0,49.997
16:16:50,BUS-05,100,2.1099,1.5581,4.9315,95.0,49.9935
16:17:00,BUS-05,100,2.2416,1.5488,4.8949,95.0,49.999
16:17:10,BUS-05,100,2.2657,1.5501,4.8882,95.0,49.9978
16:17:20,BUS-05,100,2.1491,1.5371,4.9075,95.0,49.9941
16:17:30,BUS-05,100,2.1893,1.5276,4.9065,95.0,49.9975
16:17:40,BUS-05,100,2.2348,1.5431,4.8987,95.0,50.0069
16:17:50,BUS-05,100,2.1912,1.5396,4.9084,95.0,50.0059
16:18:00,BUS-05,100,2.0615,1.5726,4.8996,95.0,50.0071
16:18:10,BUS-05,100,2.1202,1.5295,4.9007,95.0,50.014
16:18:20,BUS-05,100,2.083,1.5693,4.9265,95.0,50.015
16:18:30,BUS-05,100,2.1503,1.5857,4.8812,95.0,50.0149
16:18:40,BUS-05,100,2.186,1.5668,4.9178,95.0,50.0156
16:18:50,BUS-05,100,2.1881,1.573,4.9145,95.0,50.0113
16:19:00,BUS-05,100,2.1466,1.5704,4.8818,95.0,50.0068
16:19:10,BUS-05,100,2.1729,1.5683,4.9273,95.0,50.0138
16:19:20,BUS-05,100,2.1527,1.5414,4.9067,95.0,50.0129
16:19:30,BUS-05,100,2.0077,1.5287,4.9235,95.0,50.0081
16:19:40,BUS-05,100,2.1202,1.5638,4.9638,95.0,50.0098
16:19:50,BUS-05,100,2.202,1.5614,4.9071,95.0,50.0075
16:20:00,BUS-05,100,2.0011,1.5512,4.9426,95.0,50.0118
16:20:10,BUS-05,100,2.2184,1.5805,4.9555,95.0,50.0153
16:20:20,BUS-05,100,2.1871,1.5097,4.9111,95.0,50.0163
16:20:30,BUS-05,100,2.1066,1.59,4.8981,95.0,50.0108
16:20:40,BUS-05,100,1.9392,1.6067,4.9832,95.0,50.0085
16:20:50,BUS-05,100,2.0602,1.581,4.9295,95.0,50.0088
16:21:00,BUS-05,100,2.0916,1.5722,4.9106,95.0,50.0039
16:21:10,BUS-05,100,2.014,1.5934,4.9942,95.0,49.9985
16:21:20,BUS-05,100,2.0081,1.5478,4.9615,95.0,49.9958
16:21:30,BUS-05,100,2.0784,1.5503,4.93,95.0,49.9884
16:21:40,BUS-05,100,2.0869,1.5689,4.9541,95.0,49.9959
16:21:50,BUS-05,100,1.9797,1.501,4.9426,95.0,49.9929
16:22:00,BUS-05,100,2.1166,1.5702,4.9002,95.0,49.9882
16:22:10,BUS-05,100,2.0123,1.588,4.9362,95.0,49.9791
16:22:20,BUS-05,100,1.9962,1.5594,4.9752,95.0,49.9771
16:22:30,BUS-05,100,2.0871,1.5443,4.9409,95.0,49.9819
16:22:40,BUS-05,100,1.9817,1.6264,4.9452,95.0,49.9923
16:22:50,BUS-05,100,2.0814,1.5651,4.9664,95.0,49.9998
16:23:00,BUS-05,100,2.0384,1.5638,4.9876,95.0,50.0045
16:23:10,BUS-05,100,2.1329,1.5601,4.9557,95.0,50.008
16:23:20,BUS-05,100,1.977,1.5474,4.9083,95.0,50.0078
16:23:30,BUS-05,100,2.0783,1.5623,4.9902,95.0,50.0018
16:23:40,BUS-05,100,1.9841,1.614,4.9683,95.0,50.0
16:23:50,BUS-05,100,2.0167,1.5625,4.9985,95.0,50.0033
16:24:00,BUS-05,100,2.0506,1.578,4.9515,95.0,50.0043
16:24:10,BUS-05,100,2.0111,1.5915,4.9837,95.0,49.9998
16:24:20,BUS-05,100,2.0077,1.5332,4.965,95.0,49.9994
16:24:30,BUS-05,100,1.978,1.5416,4.9839,95.0,49.9989
16:24:40,BUS-05,100,2.0205,1.576,4.973,95.0,49.9963
16:24:50,BUS-05,100,2.0696,1.5134,4.9646,95.0,50.0024
16:25:00,BUS-05,100,2.1085,1.557,4.9932,95.0,50.0
16:25:10,BUS-05,100,1.9786,1.5742,4.9661,95.0,49.9981
16:25:20,BUS-05,100,2.052,1.5773,4.9662,95.0,49.9985
16:25:30,BUS-05,100,2.0428,1.5815,4.9884,95.0,49.9991
16:25:40,BUS-05,100,2.0338,1.5964,4.9811,95.0,50.0023
16:25:50,BUS-05,100,2.038,1.6102,4.9791,95.0,50.0058
16:26:00,BUS-05,100,1.9842,1.5506,4.991,95.0,50.006
16:26:10,BUS-05,100,2.0958,1.5839,4.9439,95.0,50.0017
16:26:20,BUS-05,100,1.9648,1.5811,5.0033,95.0,50.0007
16:26:30,BUS-05,100,1.9245,1.6497,4.9991,95.0,49.9956
16:26:40,BUS-05,100,1.9547,1.5521,4.9901,95.0,50.0029
16:26:50,BUS-05,100,2.0621,1.5868,4.9892,95.0,49.9973
16:27:00,BUS-05,100,2.0098,1.587,4.9838,95.0,49.9936
16:27:10,BUS-05,100,2.0343,1.5864,5.0036,95.0,49.9922
16:27:20,BUS-05,100,2.0132,1.5397,4.9729,95.0,49.9968
16:27:30,BUS-05,100,1.9853,1.5834,5.0213,95.0,49.998
16:27:40,BUS-05,100,1.9695,1.5954,5.0066,95.0,49.9976
16:27:50,BUS-05,100,1.9947,1.6099,4.9951,95.0,49.9963
16:28:00,BUS-05,100,1.9266,1.5739,4.9943,95.0,49.9948
16:28:10,BUS-05,100,1.9053,1.611,4.9885,95.0,49.9953
16:28:20,BUS-05,100,1.9888,1.6123,5.0168,95.0,50.0021
16:28:30,BUS-05,100,1.9707,1.5707,4.9954,95.0,50.0001
16:28:40,BUS-05,100,1.948,1.5715,5.0129,95.0,50.0007
16:28:50,BUS-05,100,1.9536,1.6538,5.0144,95.0,50.0005
16:29:00,BUS-05,100,1.9428,1.5909,5.0095,95.0,50.0016
16:29:10,BUS-05,100,1.9815,1.6146,5.0134,95.0,49.9987
16:29:20,BUS-05,100,1.9389,1.6055,5.0155,95.0,49.998
16:29:30,BUS-05,100,1.9616,1.6133,5.0165,95.0,49.9967
16:29:40,BUS-05,100,1.895,1.6285,5.0205,95.0,49.999
16:29:50,BUS-05,100,1.9813,1.6865,5.0222,95.0,50.0
16:30:00,BUS-05,100,1.9144,1.5664,5.0283,95.0,50.0087
16:30:10,BUS-05,100,1.9398,1.5956,5.0047,95.0,50.0084
16:30:20,BUS-05,100,1.9659,1.6055,5.0184,95.0,50.0025
16:30:30,BUS-05,100,1.841,1.5409,5.0528,95.0,50.0052
16:30:40,BUS-05,100,1.8602,1.6475,5.0309,95.0,50.0037
16:30:50,BUS-05,100,1.9469,1.6301,5.042,95.0,50.0051
16:31:00,BUS-05,100,1.98,1.5959,5.0475,95.0,50.0045
16:31:10,BUS-05,100,1.9362,1.6114,5.0028,95.0,49.9995
16:31:20,BUS-05,100,1.9475,1.5719,5.0558,95.0,49.9924
16:31:30,BUS-05,100,1.844,1.6013,5.0177,95.0,49.9933
16:31:40,BUS-05,100,1.9002,1.6105,5.0563,95.0,49.9995
16:31:50,BUS-05,100,1.8868,1.632,5.0418,95.0,50.0042
16:32:00,BUS-05,100,1.9333,1.614,5.0136,95.0,50.0059
16:32:10,BUS-05,100,1.8199,1.627,5.0493,95.0,50.006
16:32:20,BUS-05,100,1.844,1.6147,5.0462,95.0,50.0099
16:32:30,BUS-05,100,1.8609,1.6333,5.0518,95.0,50.0064
16:32:40,BUS-05,100,1.8263,1.6384,5.0453,95.0,50.0034
16:32:50,BUS-05,100,1.8701,1.6093,5.0641,95.0,50.0083
16:33:00,BUS-05,100,1.9375,1.617,5.0351,95.0,50.0124
16:33:10,BUS-05,100,1.9265,1.6005,5.0024,95.0,50.0197
16:33:20,BUS-05,100,1.9284,1.6038,5.066,95.0,50.0151
16:33:30,BUS-05,100,1.8161,1.6243,5.0684,95.0,50.0106
16:33:40,BUS-05,100,1.9122,1.5993,5.047,95.0,50.0124
16:33:50,BUS-05,100,1.8585,1.6299,5.0417,95.0,50.0114
16:34:00,BUS-05,100,1.8608,1.6545,5.1053,95.0,50.0147
16:34:10,BUS-05,100,1.8712,1.6593,5.064,95.0,50.0142
16:34:20,BUS-05,100,1.8251,1.6308,5.0738,95.0,50.0059
16:34:30,BUS-05,100,1.9483,1.6256,5.0323,95.0,50.014
16:34:40,BUS-05,100,1.9049,1.6039,5.0642,95.0,50.0173
16:34:50,BUS-05,100,1.7625,1.6278,5.0628,95.0,50.0227
16:35:00,BUS-05,100,1.8761,1.6405,5.0861,95.0,50.0184
16:35:10,BUS-05,100,1.8525,1.6623,5.0873,95.0,50.0168
16:35:20,BUS-05,100,1.8981,1.6521,5.0533,95.0,50.0127
16:35:30,BUS-05,100,1.7066,1.6173,5.0815,95.0,50.0048
16:35:40,BUS-05,100,1.802,1.6155,5.0853,95.0,50.009
16:35:50,BUS-05,100,1.8347,1.6513,5.0636,95.0,50.0067
16:36:00,BUS-05,100,1.7454,1.6388,5.0992,95.0,50.002
16:36:10,BUS-05,100,1.8345,1.6539,5.0943,95.0,49.9985
16:36:20,BUS-05,100,1.8285,1.6177,5.1175,95.0,49.9955
16:36:30,BUS-05,100,1.7878,1.6709,5.09,95.0,49.9906
16:36:40,BUS-05,100,1.8949,1.6516,5.0581,95.0,49.993
16:36:50,BUS-05,100,1.8402,1.6448,5.0823,95.0,49.9874
16:37:00,BUS-05,100,1.7723,1.6319,5.1135,95.0,49.9891
16:37:10,BUS-05,100,1.7741,1.6636,5.1102,95.0,49.9877
16:37:20,BUS-05,100,1.7995,1.6331,5.0437,95.0,49.9982
16:37:30,BUS-05,100,1.7713,1.6265,5.1299,95.0,49.9981
16:37:40,BUS-05,100,1.7972,1.6395,5.091,95.0,49.9993
16:37:50,BUS-05,100,1.9408,1.6528,5.0839,95.0,49.9985
16:38:00,BUS-05,100,1.6974,1.6432,5.1067,95.0,49.9985
16:38:10,BUS-05,100,1.7894,1.5997,5.081,95.0,50.0009
16:38:20,BUS-05,100,1.7698,1.6726,5.1228,95.0,49.9943
16:38:30,BUS-05,100,1.8048,1.6448,5.0765,95.0,49.9895
16:38:40,BUS-05,100,1.7868,1.6252,5.1316,95.0,49.9903
16:38:50,BUS-05,100,1.7986,1.6865,5.147,95.0,49.9905
16:39:00,BUS-05,100,1.8408,1.6526,5.1032,95.0,49.9906
16:39:10,BUS-05,100,1.7507,1.6457,5.0971,95.0,49.9922
16:39:20,BUS-05,100,1.8043,1.6507,5.0735,95.0,50.0018
16:39:30,BUS-05,100,1.8139,1.6562,5.1287,95.0,50.0005
16:39:40,BUS-05,100,1.8024,1.6681,5.1107,95.0,49.9988
16:39:50,BUS-05,100,1.7244,1.6512,5.1005,95.0,49.999
16:40:00,BUS-05,100,1.7014,1.6356,5.1121,95.0,50.0033
16:40:10,BUS-05,100,1.8091,1.6377,5.1225,95.0,50.0027
16:40:20,BUS-05,100,1.7843,1.6556,5.0785,95.0,50.0029
16:40:30,BUS-05,100,1.8138,1.6959,5.1404,95.0,49.997
16:40:40,BUS-05,100,1.7661,1.6567,5.1444,95.0,50.0023
16:40:50,BUS-05,100,1.8583,1.6864,5.1096,95.0,50.0071
16:41:00,BUS-05,100,1.7965,1.6339,5.1166,95.0,49.9999
16:41:10,BUS-05,100,1.7165,1.6569,5.1393,95.0,50.0041
16:41:20,BUS-05,100,1.7936,1.6613,5.1521,95.0,50.003
16:41:30,BUS-05,100,1.7395,1.7165,5.1612,95.0,50.0009
16:41:40,BUS-05,100,1.6807,1.6222,5.1056,95.0,49.9974
16:41:50,BUS-05,100,1.7549,1.67,5.1359,95.0,49.9979
16:42:00,BUS-05,100,1.7906,1.6931,5.134,95.0,50.0031
16:42:10,BUS-05,100,1.8074,1.6728,5.161,95.0,50.0049
16:42:20,BUS-05,100,1.7293,1.6622,5.1415,95.0,50.0013
16:42:30,BUS-05,100,1.7066,1.6849,5.1178,95.0,50.0082
16:42:40,BUS-05,100,1.6722,1.6966,5.1369,95.0,50.008
16:42:50,BUS-05,100,1.7264,1.6788,5.1237,95.0,50.0049
16:43:00,BUS-05,100,1.721,1.6612,5.1794,95.0,50.0077
16:43:10,BUS-05,100,1.7395,1.6382,5.1462,95.0,50.0057
16:43:20,BUS-05,100,1.753,1.6883,5.1498,95.0,50.0064
16:43:30,BUS-05,100,1.725,1.7193,5.1787,95.0,50.0051
16:43:40,BUS-05,100,1.6626,1.6557,5.1537,95.0,50.0101
16:43:50,BUS-05,100,1.7443,1.6414,5.1361,95.0,50.0148
16:44:00,BUS-05,100,1.7,1.6541,5.1455,95.0,50.0141
16:44:10,BUS-05,100,1.7249,1.6647,5.1263,95.0,50.0149
16:44:20,BUS-05,100,1.6809,1.661,5.1661,95.0,50.0105
16:44:30,BUS-05,100,1.783,1.7014,5.1764,95.0,50.0115
16:44:40,BUS-05,100,1.6574,1.6528,5.1374,95.0,50.0135
16:44:50,BUS-05,100,1.714,1.7237,5.166,95.0,50.0124
16:45:00,BUS-05,100,1.6331,1.6647,5.163,95.0,50.0088
16:45:10,BUS-05,100,1.6331,1.7236,5.1434,94.999,50.0048
16:45:20,BUS-05,100,1.6788,1.6992,5.2109,94.999,50.0091
16:45:30,BUS-05,100,1.6353,1.7094,5.1845,94.998,50.0083
16:45:40,BUS-05,100,1.6217,1.6963,5.1566,94.998,50.0086
16:45:50,BUS-05,100,1.6559,1.697,5.191,94.998,49.9982
16:46:00,BUS-05,100,1.65,1.7517,5.2035,94.997,49.9951
16:46:10,BUS-05,100,1.6654,1.67,5.1679,94.997,49.9975
16:46:20,BUS-05,100,1.6216,1.7012,5.1993,94.996,49.9946
16:46:30,BUS-05,100,1.6318,1.6832,5.1954,94.996,49.9926
16:46:40,BUS-05,100,1.6158,1.6965,5.1497,94.995,49.9941
16:46:50,BUS-05,100,1.6665,1.6609,5.174,94.995,50.0026
16:47:00,BUS-05,100,1.585,1.7165,5.1998,94.994,50.0011
16:47:10,BUS-05,100,1.6124,1.7235,5.1769,94.994,50.0083
16:47:20,BUS-05,100,1.5941,1.7479,5.227,94.992,50.0097
16:47:30,BUS-05,100,1.6362,1.7651,5.2167,94.991,50.0025
16:47:40,BUS-05,100,1.5887,1.6965,5.1819,94.991,50.0001
16:47:50,BUS-05,100,1.6447,1.7338,5.2167,94.99,50.0027
16:48:00,BUS-05,100,1.6659,1.7071,5.2339,94.99,50.0074
16:48:10,BUS-05,100,1.6182,1.7221,5.196,94.989,50.0023
16:48:20,BUS-05,100,1.6392,1.7197,5.1953,94.988,49.9971
16:48:30,BUS-05,100,1.5973,1.7159,5.2146,94.988,49.9945
16:48:40,BUS-05,100,1.6436,1.6984,5.2083,94.987,49.9915
16:48:50,BUS-05,100,1.6733,1.6965,5.2294,94.987,49.9955
16:49:00,BUS-05,100,1.5556,1.7045,5.21,94.986,49.9893
16:49:10,BUS-05,100,1.6457,1.7526,5.1881,94.985,49.9933
16:49:20,BUS-05,100,1.6439,1.7546,5.1638,94.984,49.9916
16:49:30,BUS-05,100,1.6014,1.7098,5.2197,94.984,49.9983
16:49:40,BUS-05,100,1.6772,1.7292,5.2198,94.983,50.0049
16:49:50,BUS-05,100,1.6589,1.7476,5.2247,94.983,50.0011
16:50:00,BUS-05,100,1.5548,1.7232,5.2464,94.981,50.0018
16:50:10,BUS-05,100,1.6314,1.7815,5.2209,94.98,50.006
16:50:20,BUS-05,100,1.5644,1.6994,5.2129,94.979,50.0069
16:50:30,BUS-05,100,1.6458,1.7858,5.2611,94.978,50.0052
16:50:40,BUS-05,100,1.6623,1.7559,5.2399,94.978,50.0044
16:50:50,BUS-05,100,1.5855,1.7355,5.2684,94.977,50.0075
16:51:00,BUS-05,100,1.5956,1.7459,5.2275,94.975,50.0033
16:51:10,BUS-05,100,1.5227,1.7567,5.2175,94.974,50.0001
16:51:20,BUS-05,100,1.6167,1.7508,5.2277,94.973,50.0023
16:51:30,BUS-05,100,1.5008,1.7221,5.2721,94.971,50.001
16:51:40,BUS-05,100,1.5677,1.7422,5.2168,94.97,49.9995
16:51:50,BUS-05,100,1.5996,1.7771,5.2162,94.969,49.9937
16:52:00,BUS-05,100,1.5255,1.7856,5.2285,94.967,49.993
16:52:10,BUS-05,100,1.5269,1.7615,5.2262,94.965,49.9914
16:52:20,BUS-05,100,1.6753,1.8027,5.2548,94.964,49.9941
16:52:30,BUS-05,100,1.5566,1.7709,5.2425,94.963,49.9932
16:52:40,BUS-05,100,1.4988,1.7779,5.2706,94.961,49.9897
16:52:50,BUS-05,100,1.6226,1.7242,5.2474,94.96,49.9915
16:53:00,BUS-05,100,1.5457,1.7948,5.245,94.958,49.991
16:53:10,BUS-05,100,1.5756,1.7759,5.2676,94.957,49.9889
16:53:20,BUS-05,100,1.5629,1.789,5.2767,94.955,49.9866
16:53:30,BUS-05,100,1.5175,1.8007,5.2496,94.953,49.98
16:53:40,BUS-05,100,1.5937,1.768,5.2704,94.952,49.9876
16:53:50,BUS-05,100,1.5669,1.7528,5.2383,94.95,49.9885
16:54:00,BUS-05,100,1.5745,1.7251,5.2828,94.949,49.9836
16:54:10,BUS-05,100,1.5291,1.8299,5.2581,94.947,49.9801
16:54:20,BUS-05,100,1.5414,1.7566,5.2503,94.946,49.9866
16:54:30,BUS-05,100,1.4933,1.7671,5.2916,94.944,49.9914
16:54:40,BUS-05,100,1.5054,1.7554,5.235,94.942,49.9929
16:54:50,BUS-05,100,1.522,1.765,5.2764,94.94,49.9881
16:55:00,BUS-05,100,1.4888,1.7816,5.2585,94.938,49.9924
16:55:10,BUS-05,100,1.4991,1.7929,5.2632,94.936,49.997
16:55:20,BUS-05,100,1.5341,1.7991,5.3109,94.934,50.0017
16:55:30,BUS-05,100,1.5012,1.7463,5.2979,94.932,49.9974
16:55:40,BUS-05,100,1.4885,1.8222,5.3132,94.93,49.9972
16:55:50,BUS-05,100,1.4929,1.7939,5.271,94.927,49.9912
16:56:00,BUS-05,100,1.4326,1.8161,5.2979,94.925,49.9919
16:56:10,BUS-05,100,1.5271,1.7917,5.3136,94.923,49.9908
16:56:20,BUS-05,100,1.5336,1.7824,5.2909,94.921,49.9894
16:56:30,BUS-05,100,1.5592,1.7868,5.2725,94.919,49.9864
16:56:40,BUS-05,100,1.5188,1.835,5.2886,94.917,49.9863
16:56:50,BUS-05,100,1.4696,1.7654,5.3183,94.915,49.989
16:57:00,BUS-05,100,1.5404,1.8248,5.2798,94.913,49.9914
16:57:10,BUS-05,100,1.5408,1.7932,5.322,94.911,49.9927
16:57:20,BUS-05,100,1.4517,1.7626,5.3046,94.909,49.9894
16:57:30,BUS-05,100,1.4132,1.7851,5.2587,94.906,49.9891
16:57:40,BUS-05,100,1.4849,1.7919,5.3008,94.904,49.9861
16:57:50,BUS-05,100,1.4492,1.786,5.3153,94.901,49.9877
16:58:00,BUS-05,100,1.429,1.8223,5.3185,94.899,49.9938
16:58:10,BUS-05,100,1.5149,1.7956,5.3445,94.897,49.9938
16:58:20,BUS-05,100,1.4509,1.8369,5.297,94.894,49.991
16:58:30,BUS-05,100,1.4409,1.7957,5.317,94.891,49.9971
16:58:40,BUS-05,100,1.4679,1.8161,5.2883,94.889,49.9959
16:58:50,BUS-05,100,1.5072,1.7806,5.343,94.887,49.9958
16:59:00,BUS-05,100,1.4562,1.8726,5.3153,94.884,49.9973
16:59:10,BUS-05,100,1.4451,1.8204,5.3523,94.881,49.9976
16:59:20,BUS-05,100,1.4767,1.8231,5.3332,94.879,49.9984
16:59:30,BUS-05,100,1.3705,1.8768,5.3214,94.875,50.0009
16:59:40,BUS-05,100,1.4186,1.8347,5.3003,94.872,49.9995
16:59:50,BUS-05,100,1.5203,1.7592,5.311,94.87,50.0047
17:00:00,BUS-05,100,1.4556,1.7827,5.3337,94.868,50.0093
17:00:10,BUS-05,100,1.4024,1.7884,5.3292,94.865,50.0084
17:00:20,BUS-05,100,1.3807,1.8669,5.2876,94.861,50.0035
17:00:30,BUS-05,100,1.4453,1.8694,5.2986,94.858,50.0017
17:00:40,BUS-05,100,1.3558,1.864,5.3038,94.855,49.995
17:00:50,BUS-05,100,1.3724,1.8029,5.3632,94.852,49.9916
17:01:00,BUS-05,100,1.4123,1.8633,5.3419,94.848,49.9894
17:01:10,BUS-05,100,1.4228,1.8089,5.3282,94.846,49.987
17:01:20,BUS-05,100,1.3662,1.8566,5.3707,94.842,49.9811
17:01:30,BUS-05,100,1.3462,1.8012,5.3319,94.839,49.9781
17:01:40,BUS-05,100,1.2619,1.847,5.3895,94.835,49.9762
17:01:50,BUS-05,100,1.4312,1.886,5.3551,94.831,49.9791
17:02:00,BUS-05,100,1.3212,1.8392,5.3801,94.828,49.9813
17:02:10,BUS-05,100,1.3872,1.8649,5.362,94.824,49.9865
17:02:20,BUS-05,100,1.3677,1.89,5.3708,94.82,49.9795
17:02:30,BUS-05,100,1.3501,1.8854,5.3784,94.816,49.9818
17:02:40,BUS-05,100,1.4821,1.7855,5.3414,94.814,49.9889
17:02:50,BUS-05,100,1.3109,1.8316,5.3575,94.81,50.0005
17:03:00,BUS-05,100,1.3463,1.886,5.3818,94.807,49.9983
17:03:10,BUS-05,100,1.3677,1.8415,5.3742,94.803,49.9978
17:03:20,BUS-05,100,1.3606,1.8945,5.3597,94.799,50.0024
17:03:30,BUS-05,100,1.3687,1.8611,5.3852,94.796,50.0009
17:03:40,BUS-05,100,1.2888,1.7927,5.4014,94.792,49.9913
17:03:50,BUS-05,100,1.3306,1.8996,5.3388,94.788,49.9923
17:04:00,BUS-05,100,1.4178,1.8693,5.4162,94.785,49.9965
17:04:10,BUS-05,100,1.4013,1.866,5.3791,94.781,49.9966
17:04:20,BUS-05,100,1.3827,1.8896,5.3784,94.778,50.0013
17:04:30,BUS-05,100,1.344,1.8952,5.3645,94.774,50.0012
17:04:40,BUS-05,100,1.3743,1.9152,5.3826,94.77,50.0019
17:04:50,BUS-05,100,1.3039,1.8693,5.3691,94.766,49.9963
17:05:00,BUS-05,100,1.3573,1.917,5.3663,94.762,49.9903
17:05:10,BUS-05,100,1.4051,1.9313,5.4328,94.758,49.9945
17:05:20,BUS-05,100,1.3523,1.875,5.4366,94.754,49.992
17:05:30,BUS-05,100,1.3492,1.9098,5.3776,94.75,49.9934
17:05:40,BUS-05,100,1.237,1.8979,5.3803,94.745,49.9906
17:05:50,BUS-05,100,1.381,1.9247,5.3722,94.741,49.9934
17:06:00,BUS-05,100,1.3542,1.8723,5.3885,94.738,49.9929
17:06:10,BUS-05,100,1.3314,1.875,5.4155,94.734,49.9938
17:06:20,BUS-05,100,1.3175,1.8814,5.4061,94.73,49.988
17:06:30,BUS-05,100,1.3012,1.911,5.3784,94.725,49.9919
17:06:40,BUS-05,100,1.3296,1.9583,5.4156,94.721,49.9944
17:06:50,BUS-05,100,1.2881,1.8947,5.4089,94.716,49.9987
17:07:00,BUS-05,100,1.2939,1.9266,5.4273,94.712,50.0016
17:07:10,BUS-05,100,1.3826,1.8817,5.4221,94.708,50.0068
17:07:20,BUS-05,100,1.2999,1.9313,5.4728,94.704,50.0078
17:07:30,BUS-05,100,1.2559,1.9213,5.4218,94.699,50.0061
17:07:40,BUS-05,100,1.2479,1.9541,5.418,94.694,50.0027
17:07:50,BUS-05,100,1.3369,1.9567,5.443,94.689,50.0038
17:08:00,BUS-05,100,1.2942,1.9333,5.4027,94.685,49.9935
17:08:10,BUS-05,100,1.3047,1.8991,5.3965,94.68,49.9945
17:08:20,BUS-05,100,1.2788,1.9352,5.4143,94.676,49.9954
17:08:30,BUS-05,100,1.3279,1.9148,5.4446,94.671,49.995
17:08:40,BUS-05,100,1.2687,1.912,5.4069,94.667,49.993
17:08:50,BUS-05,100,1.2225,1.961,5.3904,94.661,49.9929
17:09:00,BUS-05,100,1.2729,1.9624,5.479,94.656,49.998
17:09:10,BUS-05,100,1.2688,1.9241,5.4235,94.652,49.9928
17:09:20,BUS-05,100,1.2668,1.9481,5.448,94.647,49.9957
17:09:30,BUS-05,100,1.2364,1.9772,5.4206,94.641,49.9953
17:09:40,BUS-05,100,1.1556,1.9456,5.4498,94.636,49.994
17:09:50,BUS-05,100,1.241,1.9391,5.4286,94.631,49.988
17:10:00,BUS-05,100,1.2616,1.9372,5.4328,94.626,49.9905
17:10:10,BUS-05,100,1.2637,1.9528,5.4672,94.621,49.987
17:10:20,BUS-05,100,1.2617,2.0193,5.4569,94.615,49.9848
17:10:30,BUS-05,100,1.292,1.9959,5.4564,94.61,49.9807
17:10:40,BUS-05,100,1.2252,1.9423,5.4636,94.605,49.9828
17:10:50,BUS-05,100,1.2072,1.9577,5.4336,94.6,49.9825
17:11:00,BUS-05,100,1.1781,2.0196,5.4673,94.594,49.9848
17:11:10,BUS-05,100,1.1942,1.9707,5.4538,94.588,49.9841
17:11:20,BUS-05,100,1.2209,1.9568,5.4497,94.583,49.9858
17:11:30,BUS-05,100,1.2536,1.9879,5.4768,94.577,49.9842
17:11:40,BUS-05,100,1.2034,1.9788,5.4898,94.572,49.9863
17:11:50,BUS-05,100,1.1542,1.9699,5.492,94.566,49.9894
17:12:00,BUS-05,100,1.2131,1.9487,5.4137,94.56,49.9923
17:12:10,BUS-05,100,1.2412,2.0069,5.5018,94.555,49.995
17:12:20,BUS-05,100,1.2462,1.9548,5.4169,94.55,50.0043
17:12:30,BUS-05,100,1.2343,1.9772,5.4304,94.544,49.9997
17:12:40,BUS-05,100,1.2119,1.9998,5.4807,94.539,49.9953
17:12:50,BUS-05,100,1.239,2.02,5.4492,94.533,49.9966
17:13:00,BUS-05,100,1.1178,1.9857,5.4883,94.527,49.9906
17:13:10,BUS-05,100,1.1958,2.0136,5.4392,94.521,49.9909
17:13:20,BUS-05,100,1.1524,1.9609,5.4698,94.515,49.9885
17:13:30,BUS-05,100,1.2267,2.0672,5.4722,94.509,49.984
17:13:40,BUS-05,100,1.1667,1.9875,5.4419,94.503,49.9826
17:13:50,BUS-05,100,1.2088,2.0415,5.4916,94.497,49.9856
17:14:00,BUS-05,100,1.1689,2.0226,5.4952,94.491,49.9777
17:14:10,BUS-05,100,1.132,2.0117,5.5211,94.485,49.9694
17:14:20,BUS-05,100,1.1685,1.9823,5.5294,94.479,49.9692
17:14:30,BUS-05,100,1.2101,1.9704,5.5098,94.473,49.9616
17:14:40,BUS-05,100,1.0905,2.0029,5.5016,94.467,49.9627
17:14:50,BUS-05,100,1.1794,1.9712,5.5057,94.461,49.9665
17:15:00,BUS-05,100,1.1376,1.9801,5.5033,94.455,49.9641
17:15:10,BUS-05,100,1.1259,2.009,5.4937,94.448,49.9715
17:15:20,BUS-05,100,1.1874,2.061,5.4656,94.442,49.9703
17:15:30,BUS-05,100,1.179,2.0362,5.5152,94.436,49.9769
17:15:40,BUS-05,100,1.1305,2.0459,5.5841,94.429,49.9744
17:15:50,BUS-05,100,1.1035,2.0701,5.5287,94.422,49.9762
17:16:00,BUS-05,100,1.1369,1.9825,5.5473,94.416,49.981
17:16:10,BUS-05,100,1.1319,2.0901,5.5108,94.409,49.979
17:16:20,BUS-05,100,1.171,2.0498,5.5124,94.403,49.9765
17:16:30,BUS-05,100,1.1118,2.0271,5.5616,94.396,49.9751
17:16:40,BUS-05,100,1.1861,2.1019,5.5293,94.39,49.9696
17:16:50,BUS-05,100,1.1471,2.1249,5.5424,94.383,49.9678
17:17:00,BUS-05,100,1.1162,2.0449,5.5374,94.376,49.9713
17:17:10,BUS-05,100,1.1265,2.0502,5.5269,94.369,49.9688
17:17:20,BUS-05,100,1.1275,2.0803,5.4996,94.362,49.9696
17:17:30,BUS-05,100,1.0819,2.0958,5.5302,94.355,49.9733
17:17:40,BUS-05,100,1.154,2.0883,5.4657,94.348,49.9743
17:17:50,BUS-05,100,1.0827,2.0017,5.5404,94.342,49.9721
17:18:00,BUS-05,100,1.1353,2.1305,5.5719,94.335,49.9721
17:18:10,BUS-05,100,1.139,2.065,5.4944,94.328,49.9759
17:18:20,BUS-05,100,1.1664,2.1041,5.5574,94.321,49.9755
17:18:30,BUS-05,100,1.0955,2.0925,5.569,94.314,49.9745
17:18:40,BUS-05,100,1.0836,2.0587,5.5673,94.307,49.9794
17:18:50,BUS-05,100,1.0794,2.1309,5.5787,94.299,49.9739
17:19:00,BUS-05,100,1.0824,2.0358,5.5865,94.292,49.9754
17:19:10,BUS-05,100,1.0532,2.0878,5.5859,94.285,49.9756
17:19:20,BUS-05,100,1.0469,2.0325,5.5565,94.278,49.9814
17:19:30,BUS-05,100,1.0807,2.0601,5.5291,94.271,49.9823
17:19:40,BUS-05,100,1.1323,2.0767,5.5787,94.264,49.9845
17:19:50,BUS-05,100,1.0634,2.0964,5.5418,94.256,49.985
17:20:00,BUS-05,100,1.0689,2.1118,5.5587,94.249,49.9839
17:20:10,BUS-05,100,1.1205,2.0726,5.564,94.242,49.9792
17:20:20,BUS-05,100,1.1025,2.0652,5.5657,94.235,49.979
17:20:30,BUS-05,100,1.0819,2.1232,5.5776,94.228,49.9796
17:20:40,BUS-05,100,1.0526,2.1219,5.5678,94.22,49.9788
17:20:50,BUS-05,100,1.0472,2.0907,5.5406,94.212,49.9852
17:21:00,BUS-05,100,1.0449,2.1702,5.581,94.204,49.9868
17:21:10,BUS-05,100,1.0767,2.1132,5.5728,94.197,49.9946
17:21:20,BUS-05,100,1.0389,2.1206,5.6069,94.189,50.0014
17:21:30,BUS-05,100,1.0542,2.1603,5.595,94.181,49.992
17:21:40,BUS-05,100,1.0305,2.0701,5.5675,94.173,49.9961
17:21:50,BUS-05,100,0.9804,2.108,5.5984,94.165,49.9969
17:22:00,BUS-05,100,1.056,2.117,5.5645,94.158,49.9901
17:22:10,BUS-05,100,1.0693,2.1416,5.5603,94.15,49.9895
17:22:20,BUS-05,100,1.0736,2.1223,5.5932,94.142,49.9871
17:22:30,BUS-05,100,1.0188,2.1547,5.556,94.134,49.9861
17:22:40,BUS-05,100,1.0341,2.1249,5.6232,94.126,49.9891
17:22:50,BUS-05,100,1.0447,2.1309,5.5777,94.118,49.9883
17:23:00,BUS-05,100,1.0254,2.1239,5.5811,94.11,49.9879
17:23:10,BUS-05,100,1.0235,2.2403,5.6029,94.102,49.9889
17:23:20,BUS-05,100,0.953,2.2447,5.6207,94.092,49.9862
17:23:30,BUS-05,100,1.0169,2.1958,5.6443,94.084,49.9833
17:23:40,BUS-05,100,1.0078,2.1815,5.6046,94.075,49.9824
17:23:50,BUS-05,100,0.9608,2.1679,5.6008,94.067,49.9828
17:24:00,BUS-05,100,1.0199,2.1813,5.6426,94.058,49.9793
17:24:10,BUS-05,100,0.9797,2.1929,5.6028,94.049,49.975
17:24:20,BUS-05,100,1.042,2.1824,5.5965,94.041,49.9732
17:24:30,BUS-05,100,0.9997,2.1908,5.6168,94.033,49.9735
17:24:40,BUS-05,100,1.0505,2.1662,5.6077,94.025,49.9794
17:24:50,BUS-05,100,1.0516,2.2204,5.6278,94.016,49.9812
17:25:00,BUS-05,100,0.9962,2.1664,5.6519,94.008,49.9824
17:25:10,BUS-05,100,0.9416,2.1544,5.6359,93.999,49.98
17:25:20,BUS-05,100,0.9809,2.1226,5.5984,93.991,49.978
17:25:30,BUS-05,100,1.0181,2.1954,5.6331,93.982,49.9729
17:25:40,BUS-05,100,1.0,2.1883,5.6163,93.974,49.9739
17:25:50,BUS-05,100,0.9907,2.2257,5.5909,93.965,49.9702
17:26:00,BUS-05,100,0.981,2.1761,5.6213,93.956,49.9751
17:26:10,BUS-05,100,0.9196,2.1895,5.6442,93.947,49.9732
17:26:20,BUS-05,100,0.9663,2.1857,5.6189,93.938,49.9709
17:26:30,BUS-05,100,0.9216,2.2169,5.6735,93.929,49.9712
17:26:40,BUS-05,100,0.9492,2.192,5.615,93.92,49.9696
17:26:50,BUS-05,100,0.924,2.1943,5.6354,93.91,49.9697
17:27:00,BUS-05,100,0.9583,2.1788,5.663,93.902,49.9754
17:27:10,BUS-05,100,0.9536,2.2097,5.6441,93.893,49.9715
17:27:20,BUS-05,100,0.9729,2.2434,5.6184,93.883,49.9777
17:27:30,BUS-05,100,0.9591,2.2762,5.6576,93.874,49.9836
17:27:40,BUS-05,100,0.9448,2.2681,5.6667,93.864,49.979
17:27:50,BUS-05,100,0.9415,2.2135,5.6745,93.855,49.9818
17:28:00,BUS-05,100,0.9667,2.2548,5.686,93.846,49.9754
17:28:10,BUS-05,100,0.9394,2.2085,5.6342,93.837,49.9745
17:28:20,BUS-05,100,0.9057,2.2686,5.702,93.827,49.9719
17:28:30,BUS-05,100,0.8844,2.1669,5.6551,93.818,49.9774
17:28:40,BUS-05,100,0.928,2.2714,5.6866,93.808,49.9751
17:28:50,BUS-05,100,0.9103,2.2246,5.6455,93.798,49.9768
17:29:00,BUS-05,100,0.8771,2.203,5.7162,93.789,49.9808
17:29:10,BUS-05,100,0.9024,2.2939,5.6574,93.779,49.9779
17:29:20,BUS-05,100,0.9455,2.2572,5.6745,93.769,49.9787
17:29:30,BUS-05,100,0.9226,2.1515,5.6644,93.76,49.9751
17:29:40,BUS-05,100,0.9148,2.2757,5.717,93.751,49.9771
17:29:50,BUS-05,100,0.8666,2.1896,5.692,93.741,49.9845
17:30:00,BUS-05,100,0.899,2.2456,5.7086,93.731,49.9839
17:30:10,BUS-05,100,0.9033,2.2623,5.7207,93.722,49.9781
17:30:20,BUS-05,100,0.888,2.2919,5.6923,93.711,49.9725
17:30:30,BUS-05,100,0.9601,2.3097,5.6817,93.702,49.9816
17:30:40,BUS-05,100,0.8692,2.2687,5.6787,93.692,49.9829
17:30:50,BUS-05,100,0.9014,2.3061,5.6759,93.681,49.9843
17:31:00,BUS-05,100,0.8847,2.3291,5.7022,93.671,49.9787
17:31:10,BUS-05,100,0.8888,2.2989,5.7295,93.661,49.9831
17:31:20,BUS-05,100,0.882,2.3746,5.6511,93.65,49.9868
17:31:30,BUS-05,100,0.8812,2.3642,5.7059,93.639,49.9914
17:31:40,BUS-05,100,0.8956,2.3213,5.6953,93.629,49.9886
17:31:50,BUS-05,100,0.8909,2.2055,5.696,93.619,49.9886
17:32:00,BUS-05,100,0.8826,2.3514,5.6718,93.609,49.9871
17:32:10,BUS-05,100,0.863,2.3176,5.7043,93.598,49.9906
17:32:20,BUS-05,100,0.8618,2.2727,5.6939,93.588,49.9977
17:32:30,BUS-05,100,0.8606,2.3634,5.7371,93.577,49.9868
17:32:40,BUS-05,100,0.874,2.4041,5.7217,93.566,49.9816
17:32:50,BUS-05,100,0.9337,2.294,5.6604,93.556,49.9858
17:33:00,BUS-05,100,0.8682,2.3571,5.7126,93.546,49.9798
17:33:10,BUS-05,100,0.8982,2.3288,5.7063,93.535,49.9785
17:33:20,BUS-05,100,0.8346,2.3682,5.7304,93.524,49.9734
17:33:30,BUS-05,100,0.8519,2.3667,5.7669,93.513,49.9728
17:33:40,BUS-05,100,0.8044,2.3901,5.7197,93.502,49.9681
17:33:50,BUS-05,100,0.8467,2.3364,5.7367,93.491,49.9701
17:34:00,BUS-05,100,0.8071,2.3633,5.7488,93.48,49.9617
17:34:10,BUS-05,100,0.8417,2.3948,5.7564,93.469,49.9619
17:34:20,BUS-05,100,0.8013,2.3424,5.7618,93.458,49.9624
17:34:30,BUS-05,100,0.8484,2.3688,5.757,93.447,49.9624
17:34:40,BUS-05,100,0.8203,2.4113,5.78,93.435,49.9615
17:34:50,BUS-05,100,0.7967,2.3675,5.7819,93.424,49.9619
17:35:00,BUS-05,100,0.8692,2.3802,5.7546,93.413,49.9671
17:35:10,BUS-05,100,0.8053,2.4083,5.7557,93.401,49.9717
17:35:20,BUS-05,100,0.8273,2.3651,5.7282,93.39,49.9715
17:35:30,BUS-05,100,0.8275,2.3454,5.7562,93.379,49.9739
17:35:40,BUS-05,100,0.7903,2.4065,5.8014,93.367,49.9718
17:35:50,BUS-05,100,0.8403,2.3501,5.7691,93.357,49.9729
17:36:00,BUS-05,100,0.8003,2.396,5.7876,93.345,49.9732
17:36:10,BUS-05,100,0.7808,2.3659,5.7573,93.334,49.9776
17:36:20,BUS-05,100,0.7964,2.3881,5.7271,93.322,49.9761
17:36:30,BUS-05,100,0.787,2.3941,5.7586,93.311,49.9711
17:36:40,BUS-05,100,0.8364,2.4094,5.8012,93.299,49.9703
17:36:50,BUS-05,100,0.8035,2.3879,5.7902,93.288,49.9702
17:37:00,BUS-05,100,0.7805,2.4126,5.8013,93.276,49.9646
17:37:10,BUS-05,100,0.7726,2.3569,5.7819,93.264,49.9738
17:37:20,BUS-05,100,0.7871,2.4174,5.7739,93.253,49.975
17:37:30,BUS-05,100,0.7776,2.4301,5.796,93.241,49.974
17:37:40,BUS-05,100,0.7868,2.4441,5.8303,93.229,49.9783
17:37:50,BUS-05,100,0.7782,2.4868,5.8195,93.216,49.9736
17:38:00,BUS-05,100,0.7909,2.4323,5.8092,93.205,49.9736
17:38:10,BUS-05,100,0.7743,2.3915,5.8357,93.193,49.9693
17:38:20,BUS-05,100,0.72,2.426,5.8206,93.181,49.9746
17:38:30,BUS-05,100,0.7395,2.4886,5.8337,93.168,49.9762
17:38:40,BUS-05,100,0.7712,2.4359,5.7914,93.156,49.9767
17:38:50,BUS-05,100,0.7422,2.496,5.8206,93.143,49.9763
17:39:00,BUS-05,100,0.7758,2.4511,5.8289,93.131,49.9698
17:39:10,BUS-05,100,0.7494,2.4101,5.814,93.119,49.9698
17:39:20,BUS-05,100,0.7419,2.4498,5.8559,93.107,49.9732
17:39:30,BUS-05,100,0.7339,2.4379,5.782,93.095,49.9717
17:39:40,BUS-05,100,0.7353,2.4191,5.7984,93.082,49.9757
17:39:50,BUS-05,100,0.7404,2.4367,5.8745,93.07,49.973
17:40:00,BUS-05,100,0.7406,2.5262,5.8085,93.057,49.9661
17:40:10,BUS-05,100,0.7179,2.4401,5.8059,93.045,49.9596
17:40:20,BUS-05,100,0.7196,2.455,5.8288,93.032,49.9565
17:40:30,BUS-05,100,0.6827,2.4487,5.8428,93.02,49.9544
17:40:40,BUS-05,100,0.7041,2.5272,5.8433,93.006,49.9556
17:40:50,BUS-05,100,0.7156,2.5203,5.8208,92.993,49.9592
17:41:00,BUS-05,100,0.7422,2.4238,5.832,92.981,49.9624
17:41:10,BUS-05,100,0.7013,2.4858,5.84,92.968,49.961
17:41:20,BUS-05,100,0.7496,2.4502,5.7752,92.956,49.9727
17:41:30,BUS-05,100,0.7051,2.5342,5.8435,92.943,49.9743
17:41:40,BUS-05,100,0.7304,2.4972,5.8699,92.93,49.9758
17:41:50,BUS-05,100,0.6788,2.5196,5.8437,92.917,49.9746
17:42:00,BUS-05,100,0.6807,2.4902,5.8412,92.904,49.9831
17:42:10,BUS-05,100,0.6698,2.5137,5.8446,92.89,49.9845
17:42:20,BUS-05,100,0.7355,2.559,5.8308,92.877,49.9816
17:42:30,BUS-05,100,0.72,2.5651,5.8675,92.864,49.9823
17:42:40,BUS-05,100,0.6947,2.5142,5.8016,92.851,49.9823
17:42:50,BUS-05,100,0.7082,2.5568,5.842,92.837,49.978
17:43:00,BUS-05,100,0.7042,2.5441,5.845,92.824,49.9782
17:43:10,BUS-05,100,0.6893,2.5522,5.8516,92.811,49.9741
17:43:20,BUS-05,100,0.6974,2.5264,5.8395,92.797,49.9698
17:43:30,BUS-05,100,0.6818,2.5292,5.857,92.784,49.9798
17:43:40,BUS-05,100,0.6939,2.5866,5.906,92.77,49.9842
17:43:50,BUS-05,100,0.6566,2.5724,5.9042,92.757,49.9819
17:44:00,BUS-05,100,0.6982,2.635,5.889,92.743,49.9907
17:44:10,BUS-05,100,0.6722,2.527,5.8896,92.729,49.9915
17:44:20,BUS-05,100,0.6503,2.5941,5.8642,92.715,49.9938
17:44:30,BUS-05,100,0.6774,2.5759,5.8871,92.701,49.9955
17:44:40,BUS-05,100,0.6594,2.5486,5.8655,92.688,49.9975
17:44:50,BUS-05,100,0.6099,2.5284,5.8593,92.674,49.9953
17:45:00,BUS-05,100,0.6357,2.5763,5.8748,92.66,49.9916
17:45:10,BUS-05,100,0.6366,2.6157,5.8907,92.646,49.985
17:45:20,BUS-05,100,0.6332,2.6146,5.8902,92.631,49.9862
17:45:30,BUS-05,100,0.6124,2.6059,5.8866,92.617,49.9854
17:45:40,BUS-05,100,0.6322,2.5983,5.8414,92.603,49.9844
17:45:50,BUS-05,100,0.6681,2.5933,5.8919,92.589,49.9849
17:46:00,BUS-05,100,0.6661,2.6108,5.8594,92.575,49.9812
17:46:10,BUS-05,100,0.6241,2.5587,5.9134,92.561,49.9813
17:46:20,BUS-05,100,0.615,2.5766,5.923,92.547,49.984
17:46:30,BUS-05,100,0.6453,2.5788,5.8861,92.533,49.9829
17:46:40,BUS-05,100,0.6124,2.6072,5.871,92.518,49.9749
17:46:50,BUS-05,100,0.6311,2.5864,5.9224,92.504,49.977
17:47:00,BUS-05,100,0.6222,2.5886,5.8819,92.49,49.9711
17:47:10,BUS-05,100,0.6175,2.6628,5.9288,92.475,49.9781
17:47:20,BUS-05,100,0.6044,2.6082,5.9418,92.461,49.9701
17:47:30,BUS-05,100,0.6801,2.669,5.9195,92.446,49.979
17:47:40,BUS-05,100,0.5796,2.5932,5.9146,92.432,49.9769
17:47:50,BUS-05,100,0.6216,2.5801,5.8895,92.418,49.9813
17:48:00,BUS-05,100,0.5808,2.6315,5.9006,92.403,49.9837
17:48:10,BUS-05,100,0.5681,2.6004,5.8809,92.388,49.9789
17:48:20,BUS-05,100,0.6121,2.6908,5.906,92.373,49.9731
17:48:30,BUS-05,100,0.5999,2.6495,5.9583,92.358,49.9693
17:48:40,BUS-05,100,0.6312,2.6815,5.8906,92.344,49.9588
17:48:50,BUS-05,100,0.5964,2.6888,5.9057,92.328,49.9588
17:49:00,BUS-05,100,0.5806,2.684,5.962,92.313,49.9656
17:49:10,BUS-05,100,0.5545,2.7044,5.983,92.298,49.9672
17:49:20,BUS-05,100,0.6063,2.7455,5.9238,92.282,49.9726
17:49:30,BUS-05,100,0.6146,2.7345,5.9545,92.267,49.9747
17:49:40,BUS-05,100,0.5823,2.6735,5.953,92.252,49.9737
17:49:50,BUS-05,100,0.5499,2.6762,5.9559,92.236,49.9709
17:50:00,BUS-05,100,0.5987,2.6954,5.9763,92.221,49.9755
17:50:10,BUS-05,100,0.5893,2.6888,5.9312,92.206,49.9725
17:50:20,BUS-05,100,0.5722,2.7309,5.9765,92.191,49.9688
17:50:30,BUS-05,100,0.5785,2.7577,5.9792,92.175,49.9744
17:50:40,BUS-05,100,0.549,2.7399,5.9514,92.159,49.9666
17:50:50,BUS-05,100,0.5505,2.5737,5.9505,92.144,49.9648
17:51:00,BUS-05,100,0.5571,2.6806,5.9513,92.129,49.9611
17:51:10,BUS-05,100,0.5371,2.7747,6.0021,92.113,49.954
17:51:20,BUS-05,100,0.5511,2.749,5.974,92.097,49.9547
17:51:30,BUS-05,100,0.565,2.706,5.9487,92.082,49.956
17:51:40,BUS-05,100,0.533,2.7477,5.9429,92.066,49.9591
17:51:50,BUS-05,100,0.5465,2.7065,5.9922,92.05,49.9583
17:52:00,BUS-05,100,0.5442,2.7289,5.9857,92.034,49.9516
17:52:10,BUS-05,100,0.5059,2.7401,5.9858,92.018,49.9542
17:52:20,BUS-05,100,0.5177,2.7109,5.9768,92.002,49.9508
17:52:30,BUS-05,100,0.5292,2.7455,5.9791,91.986,49.9609
17:52:40,BUS-05,100,0.5046,2.7546,6.0063,91.97,49.9629
17:52:50,BUS-05,100,0.5605,2.7149,5.9815,91.954,49.9627
17:53:00,BUS-05,100,0.5184,2.7403,6.0057,91.938,49.9514
17:53:10,BUS-05,100,0.5414,2.6684,5.9664,91.923,49.9502
17:53:20,BUS-05,100,0.5039,2.8681,5.9695,91.906,49.9488
17:53:30,BUS-05,100,0.5228,2.7595,5.9281,91.89,49.9588
17:53:40,BUS-05,100,0.523,2.7682,5.9749,91.874,49.9636
17:53:50,BUS-05,100,0.5398,2.7787,6.0457,91.857,49.966
17:54:00,BUS-05,100,0.4975,2.7286,5.9711,91.841,49.9669
17:54:10,BUS-05,100,0.4886,2.8104,5.9684,91.824,49.9677
17:54:20,BUS-05,100,0.5069,2.7513,5.977,91.808,49.9714
17:54:30,BUS-05,100,0.5087,2.7276,6.0094,91.792,49.9678
17:54:40,BUS-05,100,0.5074,2.8499,6.0414,91.775,49.9606
17:54:50,BUS-05,100,0.4862,2.8463,6.0491,91.758,49.9598
17:55:00,BUS-05,100,0.4988,2.8167,6.026,91.742,49.9658
17:55:10,BUS-05,100,0.5103,2.9267,6.0256,91.724,49.9659
17:55:20,BUS-05,100,0.5051,2.7991,6.0362,91.708,49.9631
17:55:30,BUS-05,100,0.4576,2.7907,6.03,91.691,49.9675
17:55:40,BUS-05,100,0.4775,2.8321,6.0076,91.674,49.9676
17:55:50,BUS-05,100,0.4992,2.8811,6.0272,91.656,49.9676
17:56:00,BUS-05,100,0.4898,2.8405,6.0151,91.64,49.9693
17:56:10,BUS-05,100,0.4782,2.8224,6.018,91.623,49.9691
17:56:20,BUS-05,100,0.4775,2.8893,6.0131,91.605,49.9724
17:56:30,BUS-05,100,0.4693,2.8765,6.0194,91.588,49.9714
17:56:40,BUS-05,100,0.4597,2.8175,6.0317,91.571,49.9725
17:56:50,BUS-05,100,0.4704,2.9352,6.0418,91.553,49.9722
17:57:00,BUS-05,100,0.4498,2.8188,6.001,91.536,49.9748
17:57:10,BUS-05,100,0.48,2.927,6.0754,91.518,49.9677
17:57:20,BUS-05,100,0.4713,2.9088,6.0868,91.501,49.971
17:57:30,BUS-05,100,0.4469,2.8305,6.0455,91.483,49.9742
17:57:40,BUS-05,100,0.4616,2.8075,6.0377,91.466,49.9786
17:57:50,BUS-05,100,0.4607,2.89,6.0377,91.449,49.9686
17:58:00,BUS-05,100,0.4432,2.8398,6.0194,91.432,49.9644
17:58:10,BUS-05,100,0.4669,2.891,6.0933,91.414,49.96
17:58:20,BUS-05,100,0.4532,2.9274,6.0496,91.396,49.9659
17:58:30,BUS-05,100,0.4174,2.9388,6.0734,91.378,49.9627
17:58:40,BUS-05,100,0.4166,2.9276,6.0762,91.36,49.9561
17:58:50,BUS-05,100,0.4411,2.9108,6.0327,91.342,49.9578
17:59:00,BUS-05,100,0.4394,2.9515,6.1227,91.324,49.9594
17:59:10,BUS-05,100,0.4462,2.9167,5.997,91.306,49.9606
17:59:20,BUS-05,100,0.389,2.8595,6.0983,91.288,49.9608
17:59:30,BUS-05,100,0.4307,2.8395,6.0885,91.271,49.9616
17:59:40,BUS-05,100,0.4063,2.9351,6.0767,91.252,49.9636
17:59:50,BUS-05,100,0.4406,2.9623,6.1188,91.234,49.9637
18:00:00,BUS-05,100,0.4213,2.9227,6.0624,91.216,49.9655
18:00:10,BUS-05,100,0.4055,2.9369,6.0571,91.198,49.9681
18:00:20,BUS-05,100,0.4192,2.8927,6.0938,91.18,49.9713
18:00:30,BUS-05,100,0.4186,2.9646,6.11,91.162,49.9725
18:00:40,BUS-05,100,0.4095,2.9093,6.0552,91.144,49.97
18:00:50,BUS-05,100,0.4085,2.9378,6.1331,91.125,49.97
18:01:00,BUS-05,100,0.4032,2.9822,6.0623,91.107,49.97
18:01:10,BUS-05,100,0.3957,2.9586,6.0762,91.088,49.9774
18:01:20,BUS-05,100,0.3843,2.9548,6.0555,91.07,49.9773
18:01:30,BUS-05,100,0.3904,2.9778,6.1653,91.051,49.9773
18:01:40,BUS-05,100,0.3933,2.965,6.1278,91.032,49.9768
18:01:50,BUS-05,100,0.4047,3.0731,6.0793,91.013,49.9765
18:02:00,BUS-05,100,0.3633,2.9964,6.0948,90.994,49.9728
18:02:10,BUS-05,100,0.3798,2.9311,6.0862,90.976,49.9721
18:02:20,BUS-05,100,0.3688,3.002,6.1282,90.957,49.9763
18:02:30,BUS-05,100,0.3795,2.9696,6.0952,90.938,49.9735
18:02:40,BUS-05,100,0.354,3.0396,6.1673,90.919,49.974
18:02:50,BUS-05,100,0.3961,2.8967,6.0513,90.901,49.968
18:03:00,BUS-05,100,0.3537,2.9054,6.0651,90.882,49.9654
18:03:10,BUS-05,100,0.373,2.9961,6.1225,90.863,49.9619
18:03:20,BUS-05,100,0.3804,3.0375,6.1417,90.844,49.962
18:03:30,BUS-05,100,0.3594,3.0369,6.1361,90.825,49.9611
18:03:40,BUS-05,100,0.3419,3.0493,6.1395,90.805,49.9601
18:03:50,BUS-05,100,0.3572,3.0354,6.1566,90.786,49.968
18:04:00,BUS-05,100,0.368,2.9679,6.105,90.767,49.9662
18:04:10,BUS-05,100,0.3449,3.0799,6.1536,90.747,49.9581
18:04:20,BUS-05,100,0.3515,3.0549,6.1573,90.728,49.9538
18:04:30,BUS-05,100,0.3527,3.0094,6.1109,90.708,49.9508
18:04:40,BUS-05,100,0.3325,2.9507,6.1394,90.69,49.9574
18:04:50,BUS-05,100,0.3522,3.0199,6.1584,90.67,49.9589
18:05:00,BUS-05,100,0.3344,3.0663,6.1567,90.651,49.9597
18:05:10,BUS-05,100,0.3391,3.1077,6.1224,90.631,49.9637
18:05:20,BUS-05,100,0.3335,2.9707,6.1524,90.612,49.9663
18:05:30,BUS-05,100,0.3292,3.0158,6.149,90.592,49.9617
18:05:40,BUS-05,100,0.3235,3.0636,6.1402,90.572,49.963
18:05:50,BUS-05,100,0.3295,3.0702,6.1647,90.553,49.9697
18:06:00,BUS-05,100,0.3258,3.114,6.2126,90.532,49.9757
18:06:10,BUS-05,100,0.3243,3.0496,6.1963,90.513,49.9769
18:06:20,BUS-05,100,0.3088,2.9684,6.1875,90.494,49.9697
18:06:30,BUS-05,100,0.3188,3.1014,6.1714,90.473,49.9698
18:06:40,BUS-05,100,0.306,3.112,6.176,90.453,49.961
18:06:50,BUS-05,100,0.3021,3.0938,6.2012,90.433,49.9593
18:07:00,BUS-05,100,0.295,3.0657,6.2051,90.413,49.963
18:07:10,BUS-05,100,0.2931,3.0436,6.1778,90.393,49.9594
18:07:20,BUS-05,100,0.3127,3.1359,6.1693,90.373,49.9592
18:07:30,BUS-05,100,0.3075,3.0848,6.1525,90.353,49.958
18:07:40,BUS-05,100,0.2944,3.1067,6.1619,90.332,49.9601
18:07:50,BUS-05,100,0.3093,3.2054,6.1897,90.311,49.9552
18:08:00,BUS-05,100,0.2872,3.0778,6.1721,90.291,49.9525
18:08:10,BUS-05,100,0.2886,3.1432,6.1353,90.271,49.9477
18:08:20,BUS-05,100,0.2952,3.0457,6.181,90.251,49.95
18:08:30,BUS-05,100,0.2734,3.2086,6.1785,90.23,49.9513
18:08:40,BUS-05,100,0.2635,3.1521,6.1916,90.209,49.9516
18:08:50,BUS-05,100,0.2649,3.1524,6.2173,90.188,49.952
18:09:00,BUS-05,100,0.2817,3.147,6.2009,90.167,49.9563
18:09:10,BUS-05,100,0.2727,3.1379,6.2132,90.146,49.9535
18:09:20,BUS-05,100,0.2794,3.1757,6.2219,90.126,49.9635
18:09:30,BUS-05,100,0.2686,3.1918,6.2392,90.104,49.9669
18:09:40,BUS-05,100,0.2543,3.1549,6.2293,90.084,49.9614
18:09:50,BUS-05,100,0.2664,3.1956,6.1936,90.062,49.9546
18:10:00,BUS-05,100,0.2505,3.1013,6.1858,90.042,49.9543
18:10:10,BUS-05,100,0.2471,3.2587,6.1985,90.02,49.951
18:10:20,BUS-05,100,0.2603,3.1892,6.1702,89.999,49.95
18:10:30,BUS-05,100,0.2552,3.169,6.2377,89.978,49.9472
18:10:40,BUS-05,100,0.2447,3.1443,6.2621,89.957,49.9474
18:10:50,BUS-05,100,0.2499,3.2369,6.1935,89.935,49.944
18:11:00,BUS-05,100,0.2568,3.1684,6.2212,89.914,49.9523
18:11:10,BUS-05,100,0.2292,3.1723,6.2349,89.893,49.9513
18:11:20,BUS-05,100,0.2427,3.2388,6.2405,89.871,49.9491
18:11:30,BUS-05,100,0.2438,3.2078,6.2462,89.85,49.9521
18:11:40,BUS-05,100,0.2315,3.2365,6.2049,89.828,49.9577
18:11:50,BUS-05,100,0.2293,3.2575,6.2418,89.806,49.9565
18:12:00,BUS-05,100,0.2228,3.2029,6.2039,89.785,49.9541
18:12:10,BUS-05,100,0.2298,3.2344,6.1965,89.763,49.9545
18:12:20,BUS-05,100,0.2317,3.244,6.2154,89.741,49.9507
18:12:30,BUS-05,100,0.2216,3.2871,6.2356,89.719,49.9558
18:12:40,BUS-05,100,0.22,3.1748,6.2444,89.698,49.9577
18:12:50,BUS-05,100,0.2148,3.2082,6.2274,89.676,49.9662
18:13:00,BUS-05,100,0.208,3.3335,6.2632,89.654,49.9654
18:13:10,BUS-05,100,0.213,3.3024,6.2551,89.631,49.9629
18:13:20,BUS-05,100,0.1945,3.1896,6.2863,89.61,49.9578
18:13:30,BUS-05,100,0.2199,3.3094,6.2182,89.588,49.9593
18:13:40,BUS-05,100,0.2077,3.2226,6.227,89.566,49.9572
18:13:50,BUS-05,100,0.1986,3.2222,6.2641,89.544,49.95
18:14:00,BUS-05,100,0.2087,3.2447,6.2542,89.522,49.958
18:14:10,BUS-05,100,0.2052,3.3373,6.2607,89.499,49.9583
18:14:20,BUS-05,100,0.2001,3.3535,6.2557,89.477,49.9577
18:14:30,BUS-05,100,0.1993,3.2939,6.2503,89.454,49.9617
18:14:40,BUS-05,100,0.1923,3.2905,6.2649,89.432,49.9601
18:14:50,BUS-05,100,0.1843,3.2535,6.2724,89.41,49.9619
18:15:00,BUS-05,100,0.1988,3.2915,6.2876,89.387,49.9611
18:15:10,BUS-05,100,0.1816,3.3252,6.3033,89.365,49.9635
18:15:20,BUS-05,100,0.1846,3.3163,6.2538,89.342,49.975
18:15:30,BUS-05,100,0.1826,3.3098,6.2568,89.319,49.9738
18:15:40,BUS-05,100,0.1759,3.3002,6.2801,89.297,49.9717
18:15:50,BUS-05,100,0.176,3.4086,6.3065,89.274,49.968
18:16:00,BUS-05,100,0.1669,3.3658,6.2603,89.25,49.9654
18:16:10,BUS-05,100,0.1745,3.3545,6.3192,89.227,49.9644
18:16:20,BUS-05,100,0.1661,3.3134,6.2916,89.205,49.9643
18:16:30,BUS-05,100,0.1599,3.4301,6.3003,89.181,49.965
18:16:40,BUS-05,100,0.1565,3.4104,6.3416,89.158,49.9602
18:16:50,BUS-05,100,0.1659,3.4189,6.3269,89.134,49.9599
18:17:00,BUS-05,100,0.1532,3.3604,6.2913,89.111,49.9601
18:17:10,BUS-05,100,0.1534,3.3118,6.3087,89.088,49.9581
18:17:20,BUS-05,100,0.1589,3.4177,6.2782,89.065,49.9618
18:17:30,BUS-05,100,0.1551,3.4019,6.2819,89.041,49.9636
18:17:40,BUS-05,100,0.1498,3.2297,6.3164,89.019,49.9621
18:17:50,BUS-05,100,0.1492,3.3068,6.2681,88.996,49.9596
18:18:00,BUS-05,100,0.1438,3.3629,6.3282,88.973,49.9625
18:18:10,BUS-05,100,0.1454,3.4531,6.3055,88.949,49.9595
18:18:20,BUS-05,100,0.1384,3.4026,6.2626,88.925,49.9536
18:18:30,BUS-05,100,0.138,3.4376,6.3061,88.902,49.9618
18:18:40,BUS-05,100,0.1358,3.4563,6.3239,88.878,49.9635
18:18:50,BUS-05,100,0.135,3.464,6.3217,88.854,49.9612
18:19:00,BUS-05,100,0.131,3.4,6.3102,88.83,49.9627
18:19:10,BUS-05,100,0.1284,3.3866,6.3319,88.806,49.9556
18:19:20,BUS-05,100,0.1144,3.4397,6.328,88.782,49.951
18:19:30,BUS-05,100,0.1255,3.3092,6.3306,88.759,49.9576
18:19:40,BUS-05,100,0.1212,3.4778,6.3518,88.735,49.9594
18:19:50,BUS-05,100,0.1197,3.427,6.2973,88.711,49.9534
18:20:00,BUS-05,100,0.1208,3.4899,6.2991,88.687,49.9501
18:20:10,BUS-05,100,0.1188,3.3396,6.376,88.664,49.9542
18:20:20,BUS-05,100,0.1195,3.5122,6.3286,88.639,49.9562
18:20:30,BUS-05,100,0.1141,3.4332,6.3529,88.615,49.9517
18:20:40,BUS-05,100,0.1123,3.4336,6.3214,88.591,49.9503
18:20:50,BUS-05,100,0.0957,3.5092,6.3564,88.567,49.9545
18:21:00,BUS-05,100,0.1058,3.4325,6.3594,88.543,49.954
18:21:10,BUS-05,100,0.1038,3.4729,6.3312,88.518,49.9503
18:21:20,BUS-05,100,0.1002,3.5688,6.3347,88.493,49.9493
18:21:30,BUS-05,100,0.0978,3.4495,6.3488,88.469,49.9467
18:21:40,BUS-05,100,0.0893,3.4675,6.3846,88.445,49.9477
18:21:50,BUS-05,100,0.0922,3.4626,6.3389,88.42,49.95
18:22:00,BUS-05,100,0.0907,3.3982,6.3343,88.396,49.9499
18:22:10,BUS-05,100,0.0887,3.5671,6.3484,88.371,49.9459
18:22:20,BUS-05,100,0.0884,3.5823,6.3841,88.346,49.9398
18:22:30,BUS-05,100,0.0826,3.4766,6.3804,88.321,49.9473
18:22:40,BUS-05,100,0.0819,3.4625,6.3595,88.297,49.9512
18:22:50,BUS-05,100,0.0781,3.5335,6.4072,88.272,49.9563
18:23:00,BUS-05,100,0.0744,3.4811,6.3897,88.247,49.9552
18:23:10,BUS-05,100,0.0754,3.5314,6.3352,88.222,49.9557
18:23:20,BUS-05,100,0.0732,3.5225,6.3942,88.198,49.9535
18:23:30,BUS-05,100,0.07,3.4943,6.3896,88.173,49.9571
18:23:40,BUS-05,100,0.0697,3.5374,6.387,88.148,49.9583
18:23:50,BUS-05,100,0.0688,3.4858,6.3857,88.123,49.967
18:24:00,BUS-05,100,0.0674,3.5284,6.3616,88.098,49.9682
18:24:10,BUS-05,100,0.0619,3.5417,6.3502,88.073,49.9711
18:24:20,BUS-05,100,0.0597,3.6183,6.3804,88.047,49.9701
18:24:30,BUS-05,100,0.0609,3.5762,6.3584,88.022,49.9718
18:24:40,BUS-05,100,0.0571,3.5462,6.3758,87.997,49.9783
18:24:50,BUS-05,100,0.0535,3.5429,6.4074,87.972,49.9761
18:25:00,BUS-05,100,0.055,3.5155,6.4103,87.947,49.9797
18:25:10,BUS-05,100,0.0545,3.6068,6.3842,87.921,49.9722
18:25:20,BUS-05,100,0.0469,3.6937,6.403,87.895,49.9709
18:25:30,BUS-05,100,0.0454,3.5314,6.403,87.869,49.9705
18:25:40,BUS-05,100,0.0456,3.6129,6.4048,87.844,49.9685
18:25:50,BUS-05,100,0.042,3.6238,6.4281,87.818,49.9619
18:26:00,BUS-05,100,0.0415,3.4823,6.3645,87.793,49.9682
18:26:10,BUS-05,100,0.0379,3.4782,6.3731,87.768,49.9685
18:26:20,BUS-05,100,0.0377,3.6599,6.4339,87.742,49.9614
18:26:30,BUS-05,100,0.0345,3.5296,6.4395,87.717,49.9633
18:26:40,BUS-05,100,0.0346,3.6555,6.4998,87.69,49.9554
18:26:50,BUS-05,100,0.0315,3.5685,6.4248,87.665,49.9628
18:27:00,BUS-05,100,0.0282,3.6872,6.4112,87.638,49.9563
18:27:10,BUS-05,100,0.0276,3.5944,6.3865,87.613,49.956
18:27:20,BUS-05,100,0.0245,3.642,6.4304,87.587,49.9527
18:27:30,BUS-05,100,0.0238,3.5847,6.4576,87.561,49.9564
18:27:40,BUS-05,100,0.0226,3.7048,6.3975,87.534,49.957
18:27:50,BUS-05,100,0.0196,3.5955,6.4195,87.508,49.956
18:28:00,BUS-05,100,0.0182,3.5943,6.413,87.483,49.9605
18:28:10,BUS-05,100,0.0165,3.544,6.4126,87.457,49.9601
18:28:20,BUS-05,100,0.0153,3.7742,6.4258,87.43,49.9639
18:28:30,BUS-05,100,0.0133,3.702,6.4158,87.403,49.9635
18:28:40,BUS-05,100,0.0109,3.6761,6.5095,87.377,49.9668
18:28:50,BUS-05,100,0.0093,3.7511,6.4249,87.35,49.9655
18:29:00,BUS-05,100,0.0082,3.6383,6.4559,87.324,49.9705
18:29:10,BUS-05,100,0.0068,3.63,6.4907,87.298,49.9697
18:29:20,BUS-05,100,0.0052,3.5992,6.4359,87.272,49.9648
18:29:30,BUS-05,100,0.0036,3.5724,6.4205,87.246,49.9638
18:29:40,BUS-05,100,0.0023,3.6401,6.4188,87.219,49.9599
18:29:50,BUS-05,100,0.0011,3.68,6.4024,87.193,49.9602
18:30:00,BUS-05,100,0.0,3.675,6.4519,87.166,49.9539
18:30:10,BUS-05,100,0.0,3.6747,6.4817,87.14,49.9584
18:30:20,BUS-05,100,0.0,3.7213,6.414,87.113,49.9554
18:30:30,BUS-05,100,0.0,3.6812,6.4542,87.086,49.9524
18:30:40,BUS-05,100,0.0,3.8017,6.4722,87.059,49.9588
18:30:50,BUS-05,100,0.0,3.7265,6.4674,87.032,49.9586
18:31:00,BUS-05,100,0.0,3.7126,6.4405,87.005,49.9653
18:31:10,BUS-05,100,0.0,3.7349,6.4876,86.978,49.9615
18:31:20,BUS-05,100,0.0,3.8339,6.4776,86.951,49.9622
18:31:30,BUS-05,100,0.0,3.7403,6.4545,86.924,49.9648
18:31:40,BUS-05,100,0.0,3.8345,6.5016,86.896,49.9696
18:31:50,BUS-05,100,0.0,3.7923,6.5208,86.868,49.9669
18:32:00,BUS-05,100,0.0,3.6736,6.5203,86.842,49.9642
18:32:10,BUS-05,100,0.0,3.7325,6.4292,86.815,49.9594
18:32:20,BUS-05,100,0.0,3.8184,6.4856,86.787,49.9627
18:32:30,BUS-05,100,0.0,3.6733,6.4498,86.761,49.9633
18:32:40,BUS-05,100,0.0,3.8202,6.4946,86.733,49.9667
18:32:50,BUS-05,100,0.0,3.7979,6.5267,86.706,49.9719
18:33:00,BUS-05,100,0.0,3.7114,6.4472,86.679,49.9731
18:33:10,BUS-05,100,0.0,3.7398,6.4525,86.652,49.9756
18:33:20,BUS-05,100,0.0,3.7781,6.4974,86.625,49.9781
18:33:30,BUS-05,100,0.0,3.6993,6.4749,86.598,49.9764
18:33:40,BUS-05,100,0.0,3.7454,6.4874,86.571,49.982
18:33:50,BUS-05,100,0.0,3.8039,6.4962,86.543,49.9829
18:34:00,BUS-05,100,0.0,3.7308,6.4986,86.517,49.9811
18:34:10,BUS-05,100,0.0,3.8193,6.5186,86.489,49.9818
18:34:20,BUS-05,100,0.0,3.8439,6.5007,86.461,49.9783
18:34:30,BUS-05,100,0.0,3.9289,6.5369,86.433,49.9686
18:34:40,BUS-05,100,0.0,3.8492,6.5026,86.405,49.9655
18:34:50,BUS-05,100,0.0,3.8627,6.5096,86.377,49.9589
18:35:00,BUS-05,100,0.0,3.8655,6.5104,86.349,49.9551
18:35:10,BUS-05,100,0.0,3.9166,6.4903,86.321,49.9554
18:35:20,BUS-05,100,0.0,3.751,6.5258,86.294,49.9504
18:35:30,BUS-05,100,0.0,3.8345,6.503,86.266,49.9498
18:35:40,BUS-05,100,0.0,3.8082,6.5256,86.239,49.9577
18:35:50,BUS-05,100,0.0,3.939,6.535,86.21,49.9514
18:36:00,BUS-05,100,0.0,3.8961,6.495,86.182,49.9478
18:36:10,BUS-05,100,0.0,3.8161,6.518,86.154,49.9537
18:36:20,BUS-05,100,0.0,3.8265,6.4975,86.127,49.9566
18:36:30,BUS-05,100,0.0,3.8786,6.4979,86.099,49.9558
18:36:40,BUS-05,100,0.0,3.93,6.4665,86.07,49.9554
18:36:50,BUS-05,100,0.0,3.8692,6.4642,86.043,49.9621
18:37:00,BUS-05,100,0.0,3.9362,6.4968,86.014,49.9616
18:37:10,BUS-05,100,0.0,3.8872,6.4863,85.986,49.9572
18:37:20,BUS-05,100,0.0,3.9147,6.4828,85.958,49.9578
18:37:30,BUS-05,100,0.0,3.8658,6.486,85.93,49.9584
18:37:40,BUS-05,100,0.0,3.9631,6.5457,85.901,49.9541
18:37:50,BUS-05,100,0.0,3.9423,6.544,85.873,49.9507
18:38:00,BUS-05,100,0.0,3.916,6.5231,85.844,49.9531
18:38:10,BUS-05,100,0.0,3.9695,6.5794,85.816,49.9556
18:38:20,BUS-05,100,0.0,3.9794,6.5273,85.787,49.9501
18:38:30,BUS-05,100,0.0,3.9468,6.5226,85.759,49.9549
18:38:40,BUS-05,100,0.0,3.9269,6.5374,85.73,49.9564
18:38:50,BUS-05,100,0.0,3.9885,6.5595,85.701,49.9517
18:39:00,BUS-05,100,0.0,3.8886,6.5159,85.673,49.9549
18:39:10,BUS-05,100,0.0,3.9223,6.5189,85.645,49.9583
18:39:20,BUS-05,100,0.0,3.9472,6.5439,85.616,49.9603
18:39:30,BUS-05,100,0.0,3.9314,6.524,85.588,49.96
18:39:40,BUS-05,100,0.0,3.9952,6.5978,85.559,49.9617
18:39:50,BUS-05,100,0.0,3.9718,6.5397,85.531,49.9655
18:40:00,BUS-05,100,0.0,3.9876,6.5612,85.502,49.9607
18:40:10,BUS-05,100,0.0,3.9453,6.5007,85.473,49.9644
18:40:20,BUS-05,100,0.0,3.9582,6.5721,85.445,49.9622
18:40:30,BUS-05,100,0.0,3.9305,6.5864,85.416,49.9602
18:40:40,BUS-05,100,0.0,3.9397,6.5853,85.388,49.9581
18:40:50,BUS-05,100,0.0,3.8579,6.5595,85.36,49.9604
18:41:00,BUS-05,100,0.0,3.9997,6.5269,85.331,49.9514
18:41:10,BUS-05,100,0.0,3.9403,6.5769,85.303,49.9491
18:41:20,BUS-05,100,0.0,3.9669,6.5624,85.274,49.955
18:41:30,BUS-05,100,0.0,4.0328,6.5543,85.245,49.9516
18:41:40,BUS-05,100,0.0,4.0263,6.5534,85.216,49.9554
18:41:50,BUS-05,100,0.0,4.0804,6.6159,85.186,49.9537
18:42:00,BUS-05,100,0.0,3.9372,6.5822,85.158,49.9541
18:42:10,BUS-05,100,0.0,4.0093,6.5891,85.129,49.9512
18:42:20,BUS-05,100,0.0,4.0731,6.5985,85.099,49.9492
18:42:30,BUS-05,100,0.0,3.9964,6.6068,85.071,49.9475
18:42:40,BUS-05,100,0.0,3.9927,6.5943,85.042,49.9464
18:42:50,BUS-05,100,0.0,3.9723,6.5676,85.013,49.9438
18:43:00,BUS-05,100,0.0,4.0393,6.576,84.984,49.9478
18:43:10,BUS-05,100,0.0,3.9996,6.5705,84.955,49.9439
18:43:20,BUS-05,100,0.0,4.0147,6.5399,84.926,49.9492
18:43:30,BUS-05,100,0.0,3.9411,6.5702,84.898,49.9433
18:43:40,BUS-05,100,0.0,4.0756,6.5466,84.868,49.9492
18:43:50,BUS-05,100,0.0,4.063,6.6299,84.839,49.9474
18:44:00,BUS-05,100,0.0,4.0782,6.59,84.809,49.9538
18:44:10,BUS-05,100,0.0,4.1252,6.5791,84.78,49.9546
18:44:20,BUS-05,100,0.0,4.1216,6.5384,84.75,49.9533
18:44:30,BUS-05,100,0.0,4.0634,6.6064,84.72,49.9491
18:44:40,BUS-05,100,0.0,4.1652,6.6164,84.69,49.9495
18:44:50,BUS-05,100,0.0,4.0041,6.5752,84.661,49.9486
18:45:00,BUS-05,100,0.0,4.1989,6.6142,84.631,49.9452
18:45:10,BUS-05,100,0.0,3.9757,6.5935,84.602,49.9466
18:45:20,BUS-05,100,0.0,4.0812,6.611,84.573,49.945
18:45:30,BUS-05,100,0.0,4.1226,6.5697,84.543,49.9405
18:45:40,BUS-05,100,0.0,4.1308,6.5707,84.513,49.9448
18:45:50,BUS-05,100,0.0,4.1419,6.6036,84.483,49.94
18:46:00,BUS-05,100,0.0,4.1821,6.6121,84.453,49.9343
18:46:10,BUS-05,100,0.0,4.0959,6.6262,84.424,49.9326
18:46:20,BUS-05,100,0.0,4.056,6.5757,84.394,49.9325
18:46:30,BUS-05,100,0.0,4.1431,6.6477,84.364,49.9357
18:46:40,BUS-05,100,0.0,4.1057,6.6492,84.335,49.9345
18:46:50,BUS-05,100,0.0,4.0868,6.6519,84.305,49.9392
18:47:00,BUS-05,100,0.0,4.1765,6.5909,84.275,49.9322
18:47:10,BUS-05,100,0.0,4.0841,6.5914,84.246,49.9385
18:47:20,BUS-05,100,0.0,4.1827,6.6249,84.215,49.9396
18:47:30,BUS-05,100,0.0,4.1382,6.6538,84.185,49.9383
18:47:40,BUS-05,100,0.0,4.1509,6.5964,84.155,49.9454
18:47:50,BUS-05,100,0.0,4.0431,6.582,84.126,49.9528
18:48:00,BUS-05,100,0.0,4.1577,6.6186,84.096,49.9498
18:48:10,BUS-05,100,0.0,4.1339,6.5903,84.066,49.9459
18:48:20,BUS-05,100,0.0,4.171,6.6707,84.036,49.9431
18:48:30,BUS-05,100,0.0,4.1665,6.6138,84.006,49.9494
18:48:40,BUS-05,100,0.0,4.2147,6.6064,83.976,49.9465
18:48:50,BUS-05,100,0.0,4.1541,6.6954,83.946,49.9467
18:49:00,BUS-05,100,0.0,4.0903,6.6418,83.916,49.9452
18:49:10,BUS-05,100,0.0,4.1663,6.6506,83.886,49.9454
18:49:20,BUS-05,100,0.0,4.1716,6.596,83.856,49.943
18:49:30,BUS-05,100,0.0,4.1797,6.6388,83.826,49.9457
18:49:40,BUS-05,100,0.0,4.2606,6.6481,83.795,49.9434
18:49:50,BUS-05,100,0.0,4.1394,6.6473,83.765,49.9378
18:50:00,BUS-05,100,0.0,4.1661,6.619,83.735,49.9412
18:50:10,BUS-05,100,0.0,4.1025,6.6233,83.705,49.9392
18:50:20,BUS-05,100,0.0,4.1596,6.6511,83.675,49.9385
18:50:30,BUS-05,100,0.0,4.2053,6.6373,83.645,49.9409
18:50:40,BUS-05,100,0.0,4.1672,6.5814,83.615,49.9382
18:50:50,BUS-05,100,0.0,4.2505,6.6207,83.584,49.9426
18:51:00,BUS-05,100,0.0,4.1576,6.6493,83.554,49.9409
18:51:10,BUS-05,100,0.0,4.227,6.6456,83.524,49.9399
18:51:20,BUS-05,100,0.0,4.1201,6.6343,83.494,49.9415
18:51:30,BUS-05,100,0.0,4.2588,6.6374,83.463,49.9378
18:51:40,BUS-05,100,0.0,4.2454,6.6355,83.432,49.9496
18:51:50,BUS-05,100,0.0,4.3643,6.6634,83.401,49.9443
18:52:00,BUS-05,100,0.0,4.1811,6.6519,83.371,49.9521
18:52:10,BUS-05,100,0.0,4.2564,6.6899,83.34,49.955
18:52:20,BUS-05,100,0.0,4.2062,6.6395,83.31,49.9559
18:52:30,BUS-05,100,0.0,4.325,6.7207,83.278,49.9454
18:52:40,BUS-05,100,0.0,4.2411,6.6648,83.248,49.9384
18:52:50,BUS-05,100,0.0,4.2061,6.6588,83.217,49.94
18:53:00,BUS-05,100,0.0,4.3308,6.6769,83.186,49.9321
18:53:10,BUS-05,100,0.0,4.3401,6.688,83.155,49.9284
18:53:20,BUS-05,100,0.0,4.3221,6.6172,83.124,49.9284
18:53:30,BUS-05,100,0.0,4.2841,6.707,83.093,49.9289
18:53:40,BUS-05,100,0.0,4.2632,6.6743,83.062,49.9338
18:53:50,BUS-05,100,0.0,4.294,6.6493,83.031,49.93
18:54:00,BUS-05,100,0.0,4.2921,6.6665,83.0,49.9315
18:54:10,BUS-05,100,0.0,4.3383,6.6929,82.968,49.9328
18:54:20,BUS-05,100,0.0,4.2985,6.6579,82.937,49.9362
18:54:30,BUS-05,100,0.0,4.2006,6.6877,82.907,49.9419
18:54:40,BUS-05,100,0.0,4.3415,6.7062,82.876,49.9378
18:54:50,BUS-05,100,0.0,4.31,6.6577,82.845,49.9398
18:55:00,BUS-05,100,0.0,4.276,6.6834,82.814,49.9385
18:55:10,BUS-05,100,0.0,4.267,6.6594,82.783,49.9395
18:55:20,BUS-05,100,0.0,4.2324,6.6754,82.752,49.941
18:55:30,BUS-05,100,0.0,4.323,6.7076,82.721,49.929
18:55:40,BUS-05,100,0.0,4.3212,6.7316,82.69,49.9271
18:55:50,BUS-05,100,0.0,4.327,6.6858,82.659,49.932
18:56:00,BUS-05,100,0.0,4.1802,6.6414,82.628,49.94
18:56:10,BUS-05,100,0.0,4.4022,6.6674,82.597,49.9378
18:56:20,BUS-05,100,0.0,4.1784,6.6466,82.566,49.9395
18:56:30,BUS-05,100,0.0,4.3416,6.7061,82.535,49.9342
18:56:40,BUS-05,100,0.0,4.3088,6.7379,82.504,49.9341
18:56:50,BUS-05,100,0.0,4.3972,6.703,82.472,49.9319
18:57:00,BUS-05,100,0.0,4.2459,6.6774,82.442,49.9322
18:57:10,BUS-05,100,0.0,4.3056,6.7047,82.41,49.9291
18:57:20,BUS-05,100,0.0,4.318,6.6737,82.379,49.9276
18:57:30,BUS-05,100,0.0,4.3179,6.6981,82.348,49.9327
18:57:40,BUS-05,100,0.0,4.267,6.7157,82.317,49.9401
18:57:50,BUS-05,100,0.0,4.3489,6.6951,82.286,49.936
18:58:00,BUS-05,100,0.0,4.3336,6.6932,82.255,49.9393
18:58:10,BUS-05,100,0.0,4.4561,6.6886,82.222,49.9322
18:58:20,BUS-05,100,0.0,4.3957,6.6898,82.191,49.9323
18:58:30,BUS-05,100,0.0,4.3064,6.6898,82.16,49.9423
18:58:40,BUS-05,100,0.0,4.4294,6.693,82.128,49.9383
18:58:50,BUS-05,100,0.0,4.383,6.7384,82.096,49.9461
18:59:00,BUS-05,100,0.0,4.5257,6.7538,82.063,49.9504
18:59:10,BUS-05,100,0.0,4.3809,6.7383,82.032,49.9488
18:59:20,BUS-05,100,0.0,4.3518,6.6863,82.0,49.951
18:59:30,BUS-05,100,0.0,4.3336,6.6783,81.969,49.9511
18:59:40,BUS-05,100,0.0,4.385,6.7017,81.937,49.9535
18:59:50,BUS-05,100,0.0,4.4731,6.7237,81.905,49.95
19:00:00,BUS-05,100,0.0,4.3461,6.6517,81.874,49.9562
19:00:10,BUS-05,100,0.0,4.4334,6.6445,81.841,49.9564
19:00:20,BUS-05,100,0.0,4.3119,6.7019,81.81,49.9508
19:00:30,BUS-05,100,0.0,4.4045,6.7284,81.779,49.948
19:00:40,BUS-05,100,0.0,4.5728,6.736,81.746,49.9419
19:00:50,BUS-05,100,0.0,4.4311,6.6601,81.714,49.948
19:01:00,BUS-05,100,0.0,4.3262,6.6799,81.682,49.9449
19:01:10,BUS-05,100,0.0,4.4504,6.6661,81.65,49.9417
19:01:20,BUS-05,100,0.0,4.3892,6.6948,81.618,49.9365
19:01:30,BUS-05,100,0.0,4.4284,6.7509,81.586,49.9339
19:01:40,BUS-05,100,0.0,4.5913,6.6918,81.553,49.935
19:01:50,BUS-05,100,0.0,4.5408,6.7244,81.52,49.9447
19:02:00,BUS-05,100,0.0,4.4755,6.7301,81.488,49.9497
19:02:10,BUS-05,100,0.0,4.5362,6.7143,81.455,49.9507
19:02:20,BUS-05,100,0.0,4.4252,6.7044,81.423,49.9504
19:02:30,BUS-05,100,0.0,4.5464,6.7276,81.391,49.9497
19:02:40,BUS-05,100,0.0,4.5167,6.7586,81.358,49.9498
19:02:50,BUS-05,100,0.0,4.573,6.721,81.325,49.9493
19:03:00,BUS-05,100,0.0,4.3927,6.7328,81.293,49.9578
19:03:10,BUS-05,100,0.0,4.434,6.697,81.261,49.9557
19:03:20,BUS-05,100,0.0,4.5646,6.7283,81.228,49.9543
19:03:30,BUS-05,100,0.0,4.3826,6.7273,81.197,49.9637
19:03:40,BUS-05,100,0.0,4.3364,6.7204,81.165,49.9602
19:03:50,BUS-05,100,0.0,4.4959,6.765,81.133,49.9527
19:04:00,BUS-05,100,0.0,4.5275,6.7205,81.1,49.9517
19:04:10,BUS-05,100,0.0,4.3748,6.7209,81.069,49.9509
19:04:20,BUS-05,100,0.0,4.417,6.7514,81.037,49.9511
19:04:30,BUS-05,100,0.0,4.467,6.7346,81.004,49.9483
19:04:40,BUS-05,100,0.0,4.6112,6.7036,80.971,49.9518
19:04:50,BUS-05,100,0.0,4.4717,6.7282,80.939,49.9626
19:05:00,BUS-05,100,0.0,4.6237,6.7832,80.905,49.961
19:05:10,BUS-05,100,0.0,4.4872,6.754,80.873,49.9612
19:05:20,BUS-05,100,0.0,4.513,6.7801,80.84,49.959
19:05:30,BUS-05,100,0.0,4.5064,6.7269,80.808,49.9628
19:05:40,BUS-05,100,0.0,4.4995,6.7563,80.775,49.9639
19:05:50,BUS-05,100,0.0,4.5878,6.7498,80.742,49.9611
19:06:00,BUS-05,100,0.0,4.4952,6.7329,80.71,49.9543
19:06:10,BUS-05,100,0.0,4.5985,6.7582,80.676,49.9518
19:06:20,BUS-05,100,0.0,4.6155,6.7641,80.643,49.9472
19:06:30,BUS-05,100,0.0,4.4985,6.7076,80.611,49.9527
19:06:40,BUS-05,100,0.0,4.5153,6.7393,80.578,49.9497
19:06:50,BUS-05,100,0.0,4.5046,6.7423,80.546,49.9566
19:07:00,BUS-05,100,0.0,4.5349,6.7162,80.513,49.9495
19:07:10,BUS-05,100,0.0,4.4973,6.7621,80.48,49.9447
19:07:20,BUS-05,100,0.0,4.5117,6.7468,80.448,49.9428
19:07:30,BUS-05,100,0.0,4.4929,6.7318,80.415,49.9383
19:07:40,BUS-05,100,0.0,4.57,6.7341,80.382,49.9376
19:07:50,BUS-05,100,0.0,4.6651,6.7823,80.349,49.9385
19:08:00,BUS-05,100,0.0,4.6644,6.7905,80.315,49.9354
19:08:10,BUS-05,100,0.0,4.5821,6.7194,80.282,49.9383
19:08:20,BUS-05,100,0.0,4.5142,6.7533,80.249,49.9397
19:08:30,BUS-05,100,0.0,4.6739,6.7744,80.215,49.9368
19:08:40,BUS-05,100,0.0,4.5534,6.7498,80.183,49.9338
19:08:50,BUS-05,100,0.0,4.5836,6.7945,80.149,49.9412
19:09:00,BUS-05,100,0.0,4.5441,6.7588,80.117,49.9385
19:09:10,BUS-05,100,0.0,4.5451,6.7824,80.084,49.9486
19:09:20,BUS-05,100,0.0,4.5823,6.7358,80.051,49.9457
19:09:30,BUS-05,100,0.0,4.5825,6.7543,80.018,49.9356
19:09:40,BUS-05,100,0.0,4.5611,6.7174,79.985,49.9426
19:09:50,BUS-05,100,0.0,4.6549,6.7919,79.951,49.9404
19:10:00,BUS-05,100,0.0,4.548,6.7855,79.918,49.9436
19:10:10,BUS-05,100,0.0,4.7707,6.7786,79.884,49.9379
19:10:20,BUS-05,100,0.0,4.5961,6.7661,79.851,49.9382
19:10:30,BUS-05,100,0.0,4.6077,6.7251,79.817,49.9373
19:10:40,BUS-05,100,0.0,4.6263,6.7699,79.784,49.9322
19:10:50,BUS-05,100,0.0,4.6789,6.7735,79.75,49.9278
19:11:00,BUS-05,100,0.0,4.6274,6.7611,79.717,49.9298
19:11:10,BUS-05,100,0.0,4.618,6.7468,79.683,49.934
19:11:20,BUS-05,100,0.0,4.6085,6.7574,79.65,49.9379
19:11:30,BUS-05,100,0.0,4.542,6.7864,79.617,49.9423
19:11:40,BUS-05,100,0.0,4.6892,6.7636,79.583,49.9408
19:11:50,BUS-05,100,0.0,4.7295,6.8053,79.549,49.9453
19:12:00,BUS-05,100,0.0,4.5973,6.7514,79.516,49.9472
19:12:10,BUS-05,100,0.0,4.5632,6.7805,79.483,49.9477
19:12:20,BUS-05,100,0.0,4.6735,6.8349,79.449,49.9465
19:12:30,BUS-05,100,0.0,4.573,6.7635,79.416,49.9525
19:12:40,BUS-05,100,0.0,4.7041,6.8426,79.382,49.9466
19:12:50,BUS-05,100,0.0,4.7406,6.8228,79.348,49.9397
19:13:00,BUS-05,100,0.0,4.6594,6.7827,79.314,49.9446
19:13:10,BUS-05,100,0.0,4.6409,6.7696,79.281,49.9395
19:13:20,BUS-05,100,0.0,4.6511,6.7575,79.247,49.9334
19:13:30,BUS-05,100,0.0,4.656,6.7723,79.214,49.9362
19:13:40,BUS-05,100,0.0,4.7524,6.8087,79.179,49.934
19:13:50,BUS-05,100,0.0,4.7493,6.8231,79.145,49.932
19:14:00,BUS-05,100,0.0,4.6544,6.8279,79.111,49.931
19:14:10,BUS-05,100,0.0,4.7772,6.8243,79.077,49.9298
19:14:20,BUS-05,100,0.0,4.736,6.8511,79.043,49.9316
19:14:30,BUS-05,100,0.0,4.6642,6.7891,79.009,49.9313
19:14:40,BUS-05,100,0.0,4.6674,6.7817,78.975,49.931
19:14:50,BUS-05,100,0.0,4.5867,6.7475,78.942,49.9358
19:15:00,BUS-05,100,0.0,4.7547,6.7868,78.908,49.9376
19:15:10,BUS-05,100,0.0,4.6563,6.7898,78.874,49.937
19:15:20,BUS-05,100,0.0,4.8042,6.7908,78.84,49.9374
19:15:30,BUS-05,100,0.0,4.8069,6.7934,78.805,49.9365
19:15:40,BUS-05,100,0.0,4.8361,6.8371,78.77,49.9396
19:15:50,BUS-05,100,0.0,4.735,6.8159,78.736,49.9433
19:16:00,BUS-05,100,0.0,4.7472,6.7686,78.701,49.9519
19:16:10,BUS-05,100,0.0,4.5356,6.7439,78.669,49.9527
19:16:20,BUS-05,100,0.0,4.7106,6.7982,78.635,49.9455
19:16:30,BUS-05,100,0.0,4.7774,6.7835,78.6,49.9428
19:16:40,BUS-05,100,0.0,4.7585,6.7998,78.566,49.9403
19:16:50,BUS-05,100,0.0,4.697,6.8222,78.532,49.9365
19:17:00,BUS-05,100,0.0,4.6345,6.8027,78.498,49.9417
19:17:10,BUS-05,100,0.0,4.6381,6.816,78.465,49.9408
19:17:20,BUS-05,100,0.0,4.694,6.7721,78.431,49.9492
19:17:30,BUS-05,100,0.0,4.7975,6.8001,78.396,49.9412
19:17:40,BUS-05,100,0.0,4.7864,6.8134,78.362,49.9343
19:17:50,BUS-05,100,0.0,4.6441,6.7758,78.328,49.9319
19:18:00,BUS-05,100,0.0,4.6841,6.7828,78.294,49.9309
19:18:10,BUS-05,100,0.0,4.6646,6.833,78.261,49.9224
19:18:20,BUS-05,100,0.0,4.8714,6.8068,78.225,49.924
19:18:30,BUS-05,100,0.0,4.6599,6.8051,78.192,49.9296
19:18:40,BUS-05,100,0.0,4.6678,6.8184,78.158,49.9304
19:18:50,BUS-05,100,0.0,4.7525,6.8091,78.124,49.9307
19:19:00,BUS-05,100,0.0,4.6839,6.8025,78.09,49.9326
19:19:10,BUS-05,100,0.0,4.6851,6.8251,78.056,49.9334
19:19:20,BUS-05,100,0.0,4.8105,6.7732,78.021,49.9245
19:19:30,BUS-05,100,0.0,4.8098,6.8233,77.987,49.9281
19:19:40,BUS-05,100,0.0,4.6459,6.8142,77.953,49.9319
19:19:50,BUS-05,100,0.0,4.7745,6.7941,77.919,49.9289
19:20:00,BUS-05,100,0.0,4.7683,6.8437,77.884,49.9312
19:20:10,BUS-05,100,0.0,4.5914,6.8282,77.851,49.9323
19:20:20,BUS-05,100,0.0,4.6711,6.8402,77.817,49.9332
19:20:30,BUS-05,100,0.0,4.6825,6.8543,77.783,49.9355
19:20:40,BUS-05,100,0.0,4.6662,6.8303,77.75,49.9289
19:20:50,BUS-05,100,0.0,4.7229,6.8089,77.716,49.9297
19:21:00,BUS-05,100,0.0,4.8449,6.8435,77.681,49.9286
19:21:10,BUS-05,100,0.0,4.8141,6.843,77.646,49.9304
19:21:20,BUS-05,100,0.0,4.7838,6.8933,77.611,49.9317
19:21:30,BUS-05,100,0.0,4.6249,6.7731,77.578,49.9303
19:21:40,BUS-05,100,0.0,4.7369,6.8035,77.544,49.9311
19:21:50,BUS-05,100,0.0,4.9271,6.7959,77.508,49.9281
19:22:00,BUS-05,100,0.0,4.7712,6.7996,77.474,49.9297
19:22:10,BUS-05,100,0.0,4.8365,6.8482,77.439,49.9315
19:22:20,BUS-05,100,0.0,4.6989,6.8077,77.405,49.9367
19:22:30,BUS-05,100,0.0,4.7319,6.808,77.371,49.9309
19:22:40,BUS-05,100,0.0,4.6956,6.8197,77.337,49.9355
19:22:50,BUS-05,100,0.0,4.8127,6.851,77.302,49.9459
19:23:00,BUS-05,100,0.0,4.6385,6.809,77.268,49.95
19:23:10,BUS-05,100,0.0,4.7975,6.8409,77.234,49.9456
19:23:20,BUS-05,100,0.0,4.5856,6.8159,77.201,49.9427
19:23:30,BUS-05,100,0.0,4.7993,6.8066,77.166,49.944
19:23:40,BUS-05,100,0.0,4.7499,6.8175,77.132,49.9476
19:23:50,BUS-05,100,0.0,4.6671,6.7775,77.098,49.9519
19:24:00,BUS-05,100,0.0,4.8537,6.8373,77.063,49.9496
19:24:10,BUS-05,100,0.0,4.8651,6.8404,77.028,49.9448
19:24:20,BUS-05,100,0.0,4.7904,6.8172,76.993,49.9444
19:24:30,BUS-05,100,0.0,4.7606,6.8214,76.959,49.9448
19:24:40,BUS-05,100,0.0,4.7528,6.817,76.925,49.949
19:24:50,BUS-05,100,0.0,4.7216,6.8261,76.89,49.9506
19:25:00,BUS-05,100,0.0,4.6999,6.8005,76.856,49.9513
19:25:10,BUS-05,100,0.0,4.8213,6.8309,76.822,49.9485
19:25:20,BUS-05,100,0.0,4.8178,6.8225,76.787,49.939
19:25:30,BUS-05,100,0.0,4.8453,6.856,76.752,49.9418
19:25:40,BUS-05,100,0.0,4.8321,6.8449,76.717,49.9472
19:25:50,BUS-05,100,0.0,4.7761,6.8518,76.682,49.9447
19:26:00,BUS-05,100,0.0,4.8613,6.7962,76.647,49.9366
19:26:10,BUS-05,100,0.0,4.8955,6.781,76.612,49.9374
19:26:20,BUS-05,100,0.0,4.8459,6.8412,76.577,49.9423
19:26:30,BUS-05,100,0.0,4.8126,6.8068,76.542,49.9419
19:26:40,BUS-05,100,0.0,4.7808,6.8865,76.508,49.9434
19:26:50,BUS-05,100,0.0,5.0036,6.7966,76.472,49.9401
19:27:00,BUS-05,100,0.0,4.814,6.8148,76.437,49.9413
19:27:10,BUS-05,100,0.0,4.703,6.7953,76.403,49.9424
19:27:20,BUS-05,100,0.0,4.8269,6.8238,76.368,49.935
19:27:30,BUS-05,100,0.0,4.7383,6.7983,76.334,49.9335
19:27:40,BUS-05,100,0.0,4.7872,6.8047,76.299,49.9318
19:27:50,BUS-05,100,0.0,4.7838,6.8042,76.265,49.9301
19:28:00,BUS-05,100,0.0,4.8043,6.8461,76.23,49.9386
19:28:10,BUS-05,100,0.0,4.7879,6.8508,76.195,49.9338
19:28:20,BUS-05,100,0.0,4.8311,6.8551,76.16,49.9356
19:28:30,BUS-05,100,0.0,4.6971,6.8182,76.127,49.9354
19:28:40,BUS-05,100,0.0,4.9348,6.8344,76.091,49.9331
19:28:50,BUS-05,100,0.0,4.8337,6.8283,76.056,49.9349
19:29:00,BUS-05,100,0.0,4.7966,6.8111,76.021,49.9333
19:29:10,BUS-05,100,0.0,4.8838,6.8319,75.986,49.9378
19:29:20,BUS-05,100,0.0,4.8209,6.8385,75.951,49.9438
19:29:30,BUS-05,100,0.0,4.8946,6.8181,75.916,49.9423
19:29:40,BUS-05,100,0.0,4.8782,6.8598,75.881,49.9418
19:29:50,BUS-05,100,0.0,4.7811,6.821,75.846,49.9443
19:30:00,BUS-05,100,0.0,4.7729,6.7916,75.812,49.9429
19:30:10,BUS-05,100,0.0,4.8218,6.8952,75.777,49.9412
19:30:20,BUS-05,100,0.0,4.7737,6.8077,75.742,49.9445
19:30:30,BUS-05,100,0.0,4.8757,6.8066,75.707,49.9418
19:30:40,BUS-05,100,0.0,4.9533,6.7875,75.671,49.9453
19:30:50,BUS-05,100,0.0,4.8416,6.7827,75.636,49.9448
19:31:00,BUS-05,100,0.0,4.8652,6.8288,75.601,49.9463
19:31:10,BUS-05,100,0.0,4.8875,6.8171,75.566,49.9526
19:31:20,BUS-05,100,0.0,4.9454,6.7558,75.53,49.9594
19:31:30,BUS-05,100,0.0,4.8406,6.8348,75.495,49.9642
19:31:40,BUS-05,100,0.0,4.8143,6.8475,75.461,49.968
19:31:50,BUS-05,100,0.0,4.744,6.8132,75.426,49.9695
19:32:00,BUS-05,100,0.0,4.8752,6.8432,75.391,49.9608
19:32:10,BUS-05,100,0.0,4.8736,6.8194,75.356,49.9552
19:32:20,BUS-05,100,0.0,4.9654,6.7956,75.32,49.9589
19:32:30,BUS-05,100,0.0,4.9005,6.8169,75.285,49.9567
19:32:40,BUS-05,100,0.0,4.8832,6.8441,75.249,49.9615
19:32:50,BUS-05,100,0.0,4.7974,6.8345,75.215,49.9608
19:33:00,BUS-05,100,0.0,4.9476,6.8382,75.179,49.957
19:33:10,BUS-05,100,0.0,4.8857,6.7789,75.144,49.9588
19:33:20,BUS-05,100,0.0,4.97,6.8366,75.108,49.9574
19:33:30,BUS-05,100,0.0,4.7924,6.8753,75.073,49.959
19:33:40,BUS-05,100,0.0,4.829,6.8367,75.038,49.9506
19:33:50,BUS-05,100,0.0,4.8749,6.7875,75.003,49.9491
19:34:00,BUS-05,100,0.0,4.9042,6.7143,74.968,49.9507
19:34:10,BUS-05,100,0.0,4.8864,6.8051,74.932,49.9531
19:34:20,BUS-05,100,0.0,4.7216,6.8738,74.898,49.9544
19:34:30,BUS-05,100,0.0,4.9028,6.8397,74.863,49.9601
19:34:40,BUS-05,100,0.0,4.8617,6.8655,74.828,49.9558
19:34:50,BUS-05,100,0.0,4.7822,6.8095,74.793,49.953
19:35:00,BUS-05,100,0.0,4.9008,6.7901,74.758,49.9509
19:35:10,BUS-05,100,0.0,4.7951,6.8241,74.723,49.9581
19:35:20,BUS-05,100,0.0,4.8812,6.8362,74.688,49.9543
19:35:30,BUS-05,100,0.0,4.8276,6.8473,74.653,49.9582
19:35:40,BUS-05,100,0.0,4.8822,6.824,74.618,49.9597
19:35:50,BUS-05,100,0.0,4.853,6.8234,74.583,49.9623
19:36:00,BUS-05,100,0.0,4.8255,6.8187,74.548,49.967
19:36:10,BUS-05,100,0.0,4.9181,6.7966,74.512,49.9695
19:36:20,BUS-05,100,0.0,4.8637,6.8185,74.477,49.9713
19:36:30,BUS-05,100,0.0,4.8545,6.8175,74.442,49.968
19:36:40,BUS-05,100,0.0,4.865,6.8289,74.407,49.9671
19:36:50,BUS-05,100,0.0,5.0136,6.8836,74.371,49.9642
19:37:00,BUS-05,100,0.0,4.8992,6.8255,74.336,49.9702
19:37:10,BUS-05,100,0.0,4.9789,6.8791,74.3,49.9672
19:37:20,BUS-05,100,0.0,4.8341,6.8342,74.265,49.9646
19:37:30,BUS-05,100,0.0,4.822,6.8177,74.23,49.9685
19:37:40,BUS-05,100,0.0,4.9309,6.8475,74.194,49.9688
19:37:50,BUS-05,100,0.0,4.8398,6.7785,74.159,49.962
19:38:00,BUS-05,100,0.0,4.828,6.8011,74.124,49.9574
19:38:10,BUS-05,100,0.0,4.9273,6.7865,74.089,49.9495
19:38:20,BUS-05,100,0.0,4.9074,6.8035,74.053,49.9561
19:38:30,BUS-05,100,0.0,4.8864,6.8559,74.018,49.9548
19:38:40,BUS-05,100,0.0,4.9581,6.857,73.982,49.951
19:38:50,BUS-05,100,0.0,4.9009,6.8763,73.947,49.954
19:39:00,BUS-05,100,0.0,4.7375,6.7775,73.913,49.9492
19:39:10,BUS-05,100,0.0,4.8065,6.8225,73.878,49.9484
19:39:20,BUS-05,100,0.0,5.0232,6.8442,73.842,49.9509
19:39:30,BUS-05,100,0.0,4.888,6.8368,73.806,49.9542
19:39:40,BUS-05,100,0.0,4.8635,6.8094,73.771,49.9561
19:39:50,BUS-05,100,0.0,4.8912,6.809,73.736,49.9538
19:40:00,BUS-05,100,0.0,4.8513,6.8182,73.701,49.9534
19:40:10,BUS-05,100,0.0,4.8092,6.8637,73.666,49.9594
19:40:20,BUS-05,100,0.0,5.018,6.8318,73.63,49.9599
19:40:30,BUS-05,100,0.0,4.8306,6.7724,73.595,49.9562
19:40:40,BUS-05,100,0.0,4.8756,6.8253,73.56,49.9476
19:40:50,BUS-05,100,0.0,4.9188,6.811,73.524,49.9444
19:41:00,BUS-05,100,0.0,4.8949,6.8143,73.489,49.9466
19:41:10,BUS-05,100,0.0,5.0222,6.8166,73.453,49.9411
19:41:20,BUS-05,100,0.0,4.8651,6.8261,73.418,49.9421
19:41:30,BUS-05,100,0.0,4.9394,6.8684,73.382,49.9399
19:41:40,BUS-05,100,0.0,4.7662,6.8129,73.347,49.9431
19:41:50,BUS-05,100,0.0,4.8019,6.817,73.313,49.9371
19:42:00,BUS-05,100,0.0,4.9827,6.8261,73.277,49.937
19:42:10,BUS-05,100,0.0,4.8771,6.8087,73.242,49.9366
19:42:20,BUS-05,100,0.0,4.9457,6.8391,73.206,49.9404
19:42:30,BUS-05,100,0.0,4.8504,6.844,73.171,49.9438
19:42:40,BUS-05,100,0.0,4.7685,6.7953,73.136,49.9457
19:42:50,BUS-05,100,0.0,4.9081,6.7923,73.101,49.9387
19:43:00,BUS-05,100,0.0,4.8918,6.8057,73.066,49.9369
19:43:10,BUS-05,100,0.0,4.8367,6.8425,73.031,49.9396
19:43:20,BUS-05,100,0.0,4.8311,6.8015,72.996,49.9408
19:43:30,BUS-05,100,0.0,4.9182,6.8267,72.96,49.9441
19:43:40,BUS-05,100,0.0,4.8912,6.8471,72.925,49.9399
19:43:50,BUS-05,100,0.0,5.0173,6.8426,72.889,49.931
19:44:00,BUS-05,100,0.0,4.8876,6.8622,72.853,49.9284
19:44:10,BUS-05,100,0.0,4.9376,6.7993,72.818,49.9371
19:44:20,BUS-05,100,0.0,4.8667,6.816,72.783,49.9323
19:44:30,BUS-05,100,0.0,4.7798,6.8371,72.748,49.9329
19:44:40,BUS-05,100,0.0,4.938,6.8226,72.712,49.9356
19:44:50,BUS-05,100,0.0,4.9546,6.7866,72.677,49.9353
19:45:00,BUS-05,100,0.0,4.9342,6.797,72.641,49.9357
19:45:10,BUS-05,100,0.0,4.8209,6.7651,72.606,49.9422
19:45:20,BUS-05,100,0.0,4.8402,6.8259,72.571,49.9432
19:45:30,BUS-05,100,0.0,4.9165,6.8443,72.536,49.9361
19:45:40,BUS-05,100,0.0,4.8916,6.8418,72.5,49.9311
19:45:50,BUS-05,100,0.0,4.8925,6.7426,72.465,49.9248
19:46:00,BUS-05,100,0.0,4.8878,6.8193,72.43,49.9239
19:46:10,BUS-05,100,0.0,4.9098,6.8248,72.394,49.9222
19:46:20,BUS-05,100,0.0,4.915,6.8343,72.359,49.9198
19:46:30,BUS-05,100,0.0,4.9132,6.8222,72.323,49.921
19:46:40,BUS-05,100,0.0,4.8411,6.804,72.288,49.9207
19:46:50,BUS-05,100,0.0,4.8313,6.8123,72.253,49.9286
19:47:00,BUS-05,100,0.0,4.9503,6.8532,72.218,49.9354
19:47:10,BUS-05,100,0.0,5.0487,6.8663,72.181,49.9313
19:47:20,BUS-05,100,0.0,4.8697,6.8136,72.146,49.9334
19:47:30,BUS-05,100,0.0,4.9054,6.8189,72.111,49.9336
19:47:40,BUS-05,100,0.0,5.0084,6.7799,72.074,49.9246
19:47:50,BUS-05,100,0.0,4.8066,6.8051,72.04,49.9297
19:48:00,BUS-05,100,0.0,4.9271,6.8123,72.004,49.9368
19:48:10,BUS-05,100,0.0,4.7975,6.8487,71.969,49.9405
19:48:20,BUS-05,100,0.0,5.0406,6.8238,71.933,49.9375
19:48:30,BUS-05,100,0.0,4.9225,6.8061,71.897,49.9414
19:48:40,BUS-05,100,0.0,4.8647,6.8455,71.862,49.9481
19:48:50,BUS-05,100,0.0,4.8998,6.7908,71.827,49.9448
19:49:00,BUS-05,100,0.0,4.8161,6.7928,71.792,49.9407
19:49:10,BUS-05,100,0.0,4.8461,6.7885,71.757,49.9415
19:49:20,BUS-05,100,0.0,4.8314,6.7342,71.722,49.9402
19:49:30,BUS-05,100,0.0,4.9228,6.8435,71.687,49.9384
19:49:40,BUS-05,100,0.0,4.8642,6.7779,71.652,49.9387
19:49:50,BUS-05,100,0.0,5.0446,6.8483,71.615,49.9379
19:50:00,BUS-05,100,0.0,4.8713,6.7766,71.58,49.9424
19:50:10,BUS-05,100,0.0,4.8507,6.7759,71.545,49.9414
19:50:20,BUS-05,100,0.0,4.946,6.838,71.509,49.9435
19:50:30,BUS-05,100,0.0,4.8284,6.7954,71.474,49.9423
19:50:40,BUS-05,100,0.0,4.9393,6.7978,71.439,49.936
19:50:50,BUS-05,100,0.0,4.9653,6.8035,71.403,49.9365
19:51:00,BUS-05,100,0.0,4.8109,6.8118,71.368,49.9374
19:51:10,BUS-05,100,0.0,4.963,6.8156,71.332,49.9294
19:51:20,BUS-05,100,0.0,4.8635,6.845,71.297,49.928
19:51:30,BUS-05,100,0.0,4.9361,6.7747,71.261,49.9242
19:51:40,BUS-05,100,0.0,4.9004,6.7927,71.226,49.9204
19:51:50,BUS-05,100,0.0,4.9223,6.8038,71.191,49.9169
19:52:00,BUS-05,100,0.0,4.9167,6.808,71.155,49.9166
19:52:10,BUS-05,100,0.0,4.932,6.7811,71.119,49.9204
19:52:20,BUS-05,100,0.0,4.9449,6.8047,71.084,49.9208
19:52:30,BUS-05,100,0.0,4.8879,6.7411,71.048,49.9232
19:52:40,BUS-05,100,0.0,4.9567,6.8025,71.013,49.9259
19:52:50,BUS-05,100,0.0,4.9254,6.7921,70.977,49.9259
19:53:00,BUS-05,100,0.0,4.9171,6.7752,70.942,49.9189
19:53:10,BUS-05,100,0.0,4.8381,6.7737,70.907,49.9206
19:53:20,BUS-05,100,0.0,4.8245,6.8068,70.872,49.9237
19:53:30,BUS-05,100,0.0,4.9109,6.806,70.836,49.9282
19:53:40,BUS-05,100,0.0,4.9828,6.7857,70.8,49.9345
19:53:50,BUS-05,100,0.0,4.8198,6.775,70.765,49.9345
19:54:00,BUS-05,100,0.0,4.9281,6.798,70.73,49.9358
19:54:10,BUS-05,100,0.0,4.8284,6.7786,70.695,49.9357
19:54:20,BUS-05,100,0.0,4.8908,6.7948,70.66,49.9237
19:54:30,BUS-05,100,0.0,4.9092,6.8266,70.624,49.9222
19:54:40,BUS-05,100,0.0,4.928,6.7482,70.589,49.9263
19:54:50,BUS-05,100,0.0,4.9289,6.7947,70.553,49.9282
19:55:00,BUS-05,100,0.0,4.7089,6.7633,70.519,49.9258
19:55:10,BUS-05,100,0.0,4.7756,6.7465,70.485,49.9317
19:55:20,BUS-05,100,0.0,4.9226,6.8618,70.449,49.9322
19:55:30,BUS-05,100,0.0,4.8728,6.7712,70.414,49.9392
19:55:40,BUS-05,100,0.0,4.7873,6.8091,70.379,49.9417
19:55:50,BUS-05,100,0.0,4.8293,6.7936,70.344,49.9451
19:56:00,BUS-05,100,0.0,4.868,6.7844,70.309,49.945
19:56:10,BUS-05,100,0.0,4.8231,6.7877,70.274,49.9456
19:56:20,BUS-05,100,0.0,4.8131,6.7922,70.24,49.9351
19:56:30,BUS-05,100,0.0,4.816,6.7523,70.205,49.9378
19:56:40,BUS-05,100,0.0,4.8908,6.7717,70.169,49.9363
19:56:50,BUS-05,100,0.0,4.8587,6.7306,70.134,49.9384
19:57:00,BUS-05,100,0.0,4.9497,6.7922,70.099,49.9414
19:57:10,BUS-05,100,0.0,4.744,6.7667,70.064,49.947
19:57:20,BUS-05,100,0.0,4.9761,6.7794,70.028,49.9418
19:57:30,BUS-05,100,0.0,4.9282,6.7696,69.993,49.9337
19:57:40,BUS-05,100,0.0,4.8445,6.7477,69.958,49.9263
19:57:50,BUS-05,100,0.0,4.8726,6.818,69.923,49.9287
19:58:00,BUS-05,100,0.0,4.9226,6.7985,69.887,49.924
19:58:10,BUS-05,100,0.0,4.8812,6.7436,69.852,49.9264
19:58:20,BUS-05,100,0.0,4.9855,6.7894,69.816,49.9334
19:58:30,BUS-05,100,0.0,4.7938,6.7358,69.781,49.9318
19:58:40,BUS-05,100,0.0,4.914,6.8047,69.746,49.9247
19:58:50,BUS-05,100,0.0,4.8371,6.7878,69.711,49.9285
19:59:00,BUS-05,100,0.0,5.0188,6.7771,69.675,49.9304
19:59:10,BUS-05,100,0.0,4.8741,6.7703,69.639,49.9335
19:59:20,BUS-05,100,0.0,4.8536,6.7754,69.604,49.9306
19:59:30,BUS-05,100,0.0,4.7486,6.748,69.57,49.9373
19:59:40,BUS-05,100,0.0,4.7609,6.7763,69.536,49.9402
19:59:50,BUS-05,100,0.0,4.8503,6.7303,69.501,49.9334
20:00:00,BUS-05,100,0.0,4.88,6.7733,69.465,49.9426
20:00:10,BUS-05,100,0.0,4.8612,6.7414,69.43,49.945
20:00:20,BUS-05,100,0.0,4.918,6.7693,69.395,49.9414
20:00:30,BUS-05,100,0.0,4.7801,6.7361,69.36,49.9382
20:00:40,BUS-05,100,0.0,4.7705,6.7958,69.326,49.9371
20:00:50,BUS-05,100,0.0,4.8561,6.7721,69.291,49.9344
20:01:00,BUS-05,100,0.0,4.7933,6.7764,69.256,49.9403
20:01:10,BUS-05,100,0.0,4.8074,6.7579,69.221,49.9401
20:01:20,BUS-05,100,0.0,4.7595,6.7478,69.187,49.9363
20:01:30,BUS-05,100,0.0,4.7663,6.7737,69.153,49.9368
20:01:40,BUS-05,100,0.0,4.8131,6.8007,69.118,49.9391
20:01:50,BUS-05,100,0.0,4.7969,6.7305,69.083,49.9452
20:02:00,BUS-05,100,0.0,4.745,6.7432,69.049,49.9462
20:02:10,BUS-05,100,0.0,4.7209,6.7673,69.015,49.9512
20:02:20,BUS-05,100,0.0,4.7546,6.7446,68.98,49.9493
20:02:30,BUS-05,100,0.0,4.7342,6.7087,68.946,49.9502
20:02:40,BUS-05,100,0.0,4.6981,6.7241,68.912,49.9555
20:02:50,BUS-05,100,0.0,4.7652,6.7263,68.878,49.9527
20:03:00,BUS-05,100,0.0,4.969,6.783,68.842,49.951
20:03:10,BUS-05,100,0.0,4.8788,6.6938,68.807,49.9594
20:03:20,BUS-05,100,0.0,4.8693,6.7535,68.772,49.9584
20:03:30,BUS-05,100,0.0,4.8954,6.707,68.736,49.9588
20:03:40,BUS-05,100,0.0,4.8288,6.776,68.701,49.9572
20:03:50,BUS-05,100,0.0,4.6624,6.7363,68.668,49.9602
20:04:00,BUS-05,100,0.0,4.8544,6.6918,68.633,49.9578
20:04:10,BUS-05,100,0.0,4.8553,6.7254,68.598,49.9561
20:04:20,BUS-05,100,0.0,4.8713,6.7906,68.562,49.9543
20:04:30,BUS-05,100,0.0,4.879,6.7673,68.527,49.9486
20:04:40,BUS-05,100,0.0,4.8012,6.7356,68.492,49.9487
20:04:50,BUS-05,100,0.0,4.8716,6.7559,68.457,49.9441
20:05:00,BUS-05,100,0.0,4.6893,6.6956,68.423,49.9473
20:05:10,BUS-05,100,0.0,4.7064,6.6998,68.389,49.9465
20:05:20,BUS-05,100,0.0,4.8722,6.7844,68.354,49.9399
20:05:30,BUS-05,100,0.0,4.8506,6.7562,68.319,49.9407
20:05:40,BUS-05,100,0.0,4.8057,6.7483,68.285,49.9507
20:05:50,BUS-05,100,0.0,4.7478,6.7207,68.25,49.952
20:06:00,BUS-05,100,0.0,4.7827,6.7175,68.216,49.9484
20:06:10,BUS-05,100,0.0,4.8453,6.7561,68.181,49.9469
20:06:20,BUS-05,100,0.0,4.7625,6.7158,68.146,49.9471
20:06:30,BUS-05,100,0.0,4.873,6.734,68.111,49.9518
20:06:40,BUS-05,100,0.0,4.8437,6.6996,68.076,49.9455
20:06:50,BUS-05,100,0.0,4.8307,6.8052,68.041,49.9385
20:07:00,BUS-05,100,0.0,4.8483,6.7297,68.006,49.9455
20:07:10,BUS-05,100,0.0,4.6801,6.6947,67.972,49.9437
20:07:20,BUS-05,100,0.0,4.8334,6.7077,67.937,49.9378
20:07:30,BUS-05,100,0.0,4.8824,6.7154,67.902,49.9329
20:07:40,BUS-05,100,0.0,4.8665,6.6864,67.867,49.9439
20:07:50,BUS-05,100,0.0,4.5972,6.7134,67.834,49.9442
20:08:00,BUS-05,100,0.0,4.7632,6.6859,67.799,49.9401
20:08:10,BUS-05,100,0.0,4.8243,6.7068,67.765,49.9377
20:08:20,BUS-05,100,0.0,4.7654,6.7235,67.73,49.9447
20:08:30,BUS-05,100,0.0,4.9441,6.7486,67.695,49.9412
20:08:40,BUS-05,100,0.0,4.607,6.7037,67.661,49.9427
20:08:50,BUS-05,100,0.0,4.7072,6.6966,67.627,49.9387
20:09:00,BUS-05,100,0.0,4.686,6.711,67.593,49.9374
20:09:10,BUS-05,100,0.0,4.7795,6.71,67.559,49.9327
20:09:20,BUS-05,100,0.0,4.694,6.7543,67.525,49.9385
20:09:30,BUS-05,100,0.0,4.7631,6.7054,67.491,49.9399
20:09:40,BUS-05,100,0.0,4.7822,6.6793,67.456,49.9393
20:09:50,BUS-05,100,0.0,4.8337,6.7334,67.421,49.9481
20:10:00,BUS-05,100,0.0,4.7433,6.7535,67.387,49.9507
20:10:10,BUS-05,100,0.0,4.7085,6.7096,67.353,49.9534
20:10:20,BUS-05,100,0.0,4.5854,6.7093,67.32,49.9527
20:10:30,BUS-05,100,0.0,4.7629,6.674,67.285,49.9495
20:10:40,BUS-05,100,0.0,4.7537,6.7205,67.251,49.9498
20:10:50,BUS-05,100,0.0,4.8609,6.7431,67.216,49.9482
20:11:00,BUS-05,100,0.0,4.7664,6.7188,67.181,49.96
20:11:10,BUS-05,100,0.0,4.9176,6.6839,67.146,49.9527
20:11:20,BUS-05,100,0.0,4.7623,6.7384,67.112,49.9531
20:11:30,BUS-05,100,0.0,4.7837,6.6833,67.077,49.9554
20:11:40,BUS-05,100,0.0,4.7226,6.6835,67.043,49.9586
20:11:50,BUS-05,100,0.0,4.7239,6.6969,67.009,49.9622
20:12:00,BUS-05,100,0.0,4.7379,6.7103,66.975,49.9654
20:12:10,BUS-05,100,0.0,4.6155,6.6883,66.941,49.9655
20:12:20,BUS-05,100,0.0,4.7411,6.7274,66.907,49.9715
20:12:30,BUS-05,100,0.0,4.7252,6.7173,66.873,49.9666
20:12:40,BUS-05,100,0.0,4.726,6.7023,66.839,49.9699
20:12:50,BUS-05,100,0.0,4.7812,6.6924,66.804,49.9637
20:13:00,BUS-05,100,0.0,4.7117,6.701,66.77,49.9595
20:13:10,BUS-05,100,0.0,4.6789,6.6682,66.736,49.9572
20:13:20,BUS-05,100,0.0,4.6966,6.7113,66.702,49.9495
20:13:30,BUS-05,100,0.0,4.7294,6.7225,66.668,49.9512
20:13:40,BUS-05,100,0.0,4.7175,6.7226,66.634,49.9497
20:13:50,BUS-05,100,0.0,4.6685,6.624,66.601,49.9506
20:14:00,BUS-05,100,0.0,4.6545,6.6971,66.567,49.9503
20:14:10,BUS-05,100,0.0,4.7268,6.6693,66.533,49.953
20:14:20,BUS-05,100,0.0,4.6476,6.6555,66.499,49.9541
20:14:30,BUS-05,100,0.0,4.6562,6.623,66.466,49.9535
20:14:40,BUS-05,100,0.0,4.5698,6.6489,66.433,49.9554
20:14:50,BUS-05,100,0.0,4.7308,6.6521,66.398,49.9507
20:15:00,BUS-05,100,0.0,4.7185,6.6875,66.364,49.9492
20:15:10,BUS-05,100,0.0,4.6252,6.6603,66.331,49.9467
20:15:20,BUS-05,100,0.0,4.6144,6.6401,66.298,49.946
20:15:30,BUS-05,100,0.0,4.6908,6.6845,66.264,49.9481
20:15:40,BUS-05,100,0.0,4.5753,6.6153,66.231,49.9541
20:15:50,BUS-05,100,0.0,4.6759,6.689,66.197,49.9524
20:16:00,BUS-05,100,0.0,4.6117,6.6933,66.164,49.9504
20:16:10,BUS-05,100,0.0,4.7351,6.6639,66.129,49.9444
20:16:20,BUS-05,100,0.0,4.5987,6.6895,66.096,49.9356
20:16:30,BUS-05,100,0.0,4.6051,6.6655,66.063,49.9367
20:16:40,BUS-05,100,0.0,4.5585,6.6364,66.03,49.9418
20:16:50,BUS-05,100,0.0,4.5443,6.6563,65.997,49.9437
20:17:00,BUS-05,100,0.0,4.6053,6.7006,65.964,49.943
20:17:10,BUS-05,100,0.0,4.6887,6.6518,65.93,49.9422
20:17:20,BUS-05,100,0.0,4.7654,6.6145,65.896,49.9398
20:17:30,BUS-05,100,0.0,4.7199,6.604,65.862,49.9387
20:17:40,BUS-05,100,0.0,4.5352,6.5876,65.829,49.936
20:17:50,BUS-05,100,0.0,4.5771,6.6916,65.796,49.9341
20:18:00,BUS-05,100,0.0,4.6208,6.6461,65.762,49.9324
20:18:10,BUS-05,100,0.0,4.6376,6.6857,65.729,49.9374
20:18:20,BUS-05,100,0.0,4.4859,6.6372,65.697,49.9341
20:18:30,BUS-05,100,0.0,4.7516,6.6868,65.662,49.9302
20:18:40,BUS-05,100,0.0,4.5773,6.636,65.629,49.9313
20:18:50,BUS-05,100,0.0,4.7094,6.6544,65.595,49.9292
20:19:00,BUS-05,100,0.0,4.6337,6.647,65.562,49.9353
20:19:10,BUS-05,100,0.0,4.6699,6.6684,65.528,49.9426
20:19:20,BUS-05,100,0.0,4.5798,6.6465,65.495,49.9434
20:19:30,BUS-05,100,0.0,4.5847,6.6136,65.462,49.9391
20:19:40,BUS-05,100,0.0,4.5619,6.7128,65.429,49.9322
20:19:50,BUS-05,100,0.0,4.6567,6.6222,65.395,49.9302
20:20:00,BUS-05,100,0.0,4.6793,6.6155,65.361,49.9258
20:20:10,BUS-05,100,0.0,4.6635,6.6611,65.328,49.9275
20:20:20,BUS-05,100,0.0,4.5967,6.6169,65.294,49.9301
20:20:30,BUS-05,100,0.0,4.6196,6.6409,65.261,49.9323
20:20:40,BUS-05,100,0.0,4.5542,6.6303,65.228,49.9393
20:20:50,BUS-05,100,0.0,4.6222,6.5889,65.195,49.9345
20:21:00,BUS-05,100,0.0,4.6284,6.6099,65.161,49.9329
20:21:10,BUS-05,100,0.0,4.6001,6.6215,65.128,49.9398
20:21:20,BUS-05,100,0.0,4.552,6.6385,65.095,49.9428
20:21:30,BUS-05,100,0.0,4.5739,6.6449,65.062,49.9357
20:21:40,BUS-05,100,0.0,4.5132,6.6003,65.03,49.9458
20:21:50,BUS-05,100,0.0,4.5786,6.628,64.997,49.9449
20:22:00,BUS-05,100,0.0,4.7321,6.6611,64.962,49.9422
20:22:10,BUS-05,100,0.0,4.5583,6.6392,64.93,49.9431
20:22:20,BUS-05,100,0.0,4.5782,6.5937,64.896,49.9425
20:22:30,BUS-05,100,0.0,4.5811,6.615,64.863,49.9565
20:22:40,BUS-05,100,0.0,4.5924,6.7104,64.83,49.953
20:22:50,BUS-05,100,0.0,4.4488,6.556,64.798,49.9517
20:23:00,BUS-05,100,0.0,4.5905,6.6274,64.765,49.9503
20:23:10,BUS-05,100,0.0,4.5395,6.6473,64.732,49.9567
20:23:20,BUS-05,100,0.0,4.6173,6.5918,64.699,49.944
20:23:30,BUS-05,100,0.0,4.5418,6.536,64.666,49.9487
20:23:40,BUS-05,100,0.0,4.6397,6.6579,64.632,49.9487
20:23:50,BUS-05,100,0.0,4.4487,6.5713,64.6,49.9476
20:24:00,BUS-05,100,0.0,4.4826,6.5542,64.568,49.9442
20:24:10,BUS-05,100,0.0,4.6103,6.5877,64.535,49.9451
20:24:20,BUS-05,100,0.0,4.3787,6.5293,64.503,49.9527
20:24:30,BUS-05,100,0.0,4.44,6.5739,64.471,49.9464
20:24:40,BUS-05,100,0.0,4.5432,6.6088,64.438,49.9487
20:24:50,BUS-05,100,0.0,4.4294,6.6217,64.406,49.9551
20:25:00,BUS-05,100,0.0,4.5587,6.5709,64.373,49.9623
20:25:10,BUS-05,100,0.0,4.4502,6.5729,64.341,49.9589
20:25:20,BUS-05,100,0.0,4.5428,6.5849,64.308,49.9574
20:25:30,BUS-05,100,0.0,4.5741,6.582,64.275,49.9556
20:25:40,BUS-05,100,0.0,4.4497,6.5795,64.243,49.9508
20:25:50,BUS-05,100,0.0,4.4301,6.5927,64.211,49.9502
20:26:00,BUS-05,100,0.0,4.5167,6.6388,64.179,49.947
20:26:10,BUS-05,100,0.0,4.4042,6.579,64.147,49.9511
20:26:20,BUS-05,100,0.0,4.4981,6.5639,64.114,49.9469
20:26:30,BUS-05,100,0.0,4.5186,6.5886,64.082,49.9396
20:26:40,BUS-05,100,0.0,4.3735,6.5741,64.05,49.9345
20:26:50,BUS-05,100,0.0,4.4306,6.529,64.018,49.9429
20:27:00,BUS-05,100,0.0,4.4756,6.5824,63.986,49.9432
20:27:10,BUS-05,100,0.0,4.4307,6.5925,63.954,49.9375
20:27:20,BUS-05,100,0.0,4.5092,6.5855,63.921,49.939
20:27:30,BUS-05,100,0.0,4.5365,6.5976,63.888,49.9433
20:27:40,BUS-05,100,0.0,4.4104,6.545,63.857,49.9491
20:27:50,BUS-05,100,0.0,4.4755,6.5678,63.824,49.9441
20:28:00,BUS-05,100,0.0,4.4991,6.5978,63.792,49.9428
20:28:10,BUS-05,100,0.0,4.411,6.5604,63.76,49.9509
20:28:20,BUS-05,100,0.0,4.6138,6.5785,63.727,49.9509
20:28:30,BUS-05,100,0.0,4.3613,6.6101,63.695,49.9516
20:28:40,BUS-05,100,0.0,4.3496,6.5639,63.664,49.9451
20:28:50,BUS-05,100,0.0,4.5136,6.5452,63.631,49.9419
20:29:00,BUS-05,100,0.0,4.4114,6.5881,63.599,49.9426
20:29:10,BUS-05,100,0.0,4.5482,6.5465,63.566,49.9408
20:29:20,BUS-05,100,0.0,4.3397,6.5484,63.535,49.9368
20:29:30,BUS-05,100,0.0,4.3122,6.5407,63.504,49.9411
20:29:40,BUS-05,100,0.0,4.3657,6.5041,63.472,49.9469
20:29:50,BUS-05,100,0.0,4.4692,6.5637,63.44,49.9462
20:30:00,BUS-05,100,0.0,4.4048,6.5664,63.408,49.9424
20:30:10,BUS-05,100,0.0,4.4814,6.558,63.376,49.9338
20:30:20,BUS-05,100,0.0,4.3907,6.5576,63.344,49.9349
20:30:30,BUS-05,100,0.0,4.3819,6.5763,63.312,49.9345
20:30:40,BUS-05,100,0.0,4.3273,6.528,63.281,49.9348
20:30:50,BUS-05,100,0.0,4.3346,6.5754,63.25,49.9339
20:31:00,BUS-05,100,0.0,4.3289,6.4951,63.219,49.9453
20:31:10,BUS-05,100,0.0,4.2199,6.4932,63.188,49.944
20:31:20,BUS-05,100,0.0,4.4591,6.5162,63.156,49.9434
20:31:30,BUS-05,100,0.0,4.3597,6.6044,63.124,49.9435
20:31:40,BUS-05,100,0.0,4.379,6.5496,63.093,49.9447
20:31:50,BUS-05,100,0.0,4.3811,6.5117,63.061,49.9448
20:32:00,BUS-05,100,0.0,4.3685,6.4968,63.03,49.9459
20:32:10,BUS-05,100,0.0,4.3641,6.4864,62.998,49.941
20:32:20,BUS-05,100,0.0,4.3504,6.5528,62.967,49.9437
20:32:30,BUS-05,100,0.0,4.3148,6.5004,62.936,49.9385
20:32:40,BUS-05,100,0.0,4.3309,6.5364,62.904,49.9387
20:32:50,BUS-05,100,0.0,4.3323,6.506,62.873,49.9437
20:33:00,BUS-05,100,0.0,4.3716,6.535,62.841,49.9461
20:33:10,BUS-05,100,0.0,4.3724,6.5468,62.81,49.9417
20:33:20,BUS-05,100,0.0,4.3003,6.4899,62.779,49.9423
20:33:30,BUS-05,100,0.0,4.3545,6.5017,62.747,49.9403
20:33:40,BUS-05,100,0.0,4.3716,6.5294,62.716,49.9377
20:33:50,BUS-05,100,0.0,4.3354,6.5171,62.684,49.9411
20:34:00,BUS-05,100,0.0,4.2406,6.5167,62.654,49.9434
20:34:10,BUS-05,100,0.0,4.4388,6.5448,62.622,49.949
20:34:20,BUS-05,100,0.0,4.3771,6.5015,62.59,49.9391
20:34:30,BUS-05,100,0.0,4.2384,6.5173,62.56,49.944
20:34:40,BUS-05,100,0.0,4.3417,6.5198,62.528,49.9456
20:34:50,BUS-05,100,0.0,4.2955,6.524,62.497,49.9439
20:35:00,BUS-05,100,0.0,4.2995,6.4928,62.466,49.9486
20:35:10,BUS-05,100,0.0,4.2777,6.5187,62.435,49.9456
20:35:20,BUS-05,100,0.0,4.2383,6.4757,62.405,49.9368
20:35:30,BUS-05,100,0.0,4.243,6.4867,62.374,49.9379
20:35:40,BUS-05,100,0.0,4.3667,6.5303,62.342,49.9388
20:35:50,BUS-05,100,0.0,4.3715,6.5282,62.311,49.9438
20:36:00,BUS-05,100,0.0,4.2467,6.4902,62.28,49.9475
20:36:10,BUS-05,100,0.0,4.3241,6.5151,62.249,49.9443
20:36:20,BUS-05,100,0.0,4.238,6.5218,62.218,49.9488
20:36:30,BUS-05,100,0.0,4.3463,6.5319,62.187,49.9459
20:36:40,BUS-05,100,0.0,4.1524,6.4431,62.157,49.9491
20:36:50,BUS-05,100,0.0,4.2608,6.4866,62.126,49.9432
20:37:00,BUS-05,100,0.0,4.2102,6.5391,62.096,49.9495
20:37:10,BUS-05,100,0.0,4.3081,6.5014,62.065,49.9526
20:37:20,BUS-05,100,0.0,4.2435,6.4523,62.034,49.9521
20:37:30,BUS-05,100,0.0,4.1948,6.4669,62.004,49.9557
20:37:40,BUS-05,100,0.0,4.2665,6.5422,61.973,49.9507
20:37:50,BUS-05,100,0.0,4.3255,6.5347,61.942,49.9496
20:38:00,BUS-05,100,0.0,4.2677,6.4758,61.911,49.9547
20:38:10,BUS-05,100,0.0,4.2024,6.4927,61.88,49.9608
20:38:20,BUS-05,100,0.0,4.2806,6.4819,61.85,49.963
20:38:30,BUS-05,100,0.0,4.1949,6.4246,61.819,49.9643
20:38:40,BUS-05,100,0.0,4.226,6.4656,61.789,49.9672
20:38:50,BUS-05,100,0.0,4.3353,6.452,61.757,49.9628
20:39:00,BUS-05,100,0.0,4.2498,6.4869,61.727,49.9619
20:39:10,BUS-05,100,0.0,4.1679,6.466,61.697,49.964
20:39:20,BUS-05,100,0.0,4.221,6.446,61.666,49.966
20:39:30,BUS-05,100,0.0,4.1905,6.4939,61.636,49.9693
20:39:40,BUS-05,100,0.0,4.2426,6.4703,61.605,49.9624
20:39:50,BUS-05,100,0.0,4.1679,6.4177,61.575,49.9609
20:40:00,BUS-05,100,0.0,4.0577,6.4684,61.546,49.9653
20:40:10,BUS-05,100,0.0,4.0939,6.4505,61.516,49.9622
20:40:20,BUS-05,100,0.0,4.1446,6.4415,61.486,49.9626
20:40:30,BUS-05,100,0.0,4.0899,6.4575,61.457,49.9605
20:40:40,BUS-05,100,0.0,4.1154,6.4736,61.427,49.9623
20:40:50,BUS-05,100,0.0,4.2071,6.4501,61.397,49.9625
20:41:00,BUS-05,100,0.0,4.1992,6.39,61.366,49.9585
20:41:10,BUS-05,100,0.0,4.1171,6.4692,61.337,49.9645
20:41:20,BUS-05,100,0.0,4.0903,6.4203,61.307,49.9626
20:41:30,BUS-05,100,0.0,4.0787,6.4569,61.278,49.9603
20:41:40,BUS-05,100,0.0,4.1518,6.3851,61.248,49.9576
20:41:50,BUS-05,100,0.0,4.2803,6.4503,61.217,49.9507
20:42:00,BUS-05,100,0.0,4.1908,6.4628,61.186,49.9523
20:42:10,BUS-05,100,0.0,3.9918,6.4065,61.158,49.9509
20:42:20,BUS-05,100,0.0,4.0484,6.4496,61.128,49.9441
20:42:30,BUS-05,100,0.0,4.0487,6.4487,61.099,49.9492
20:42:40,BUS-05,100,0.0,4.102,6.4134,61.07,49.9432
20:42:50,BUS-05,100,0.0,4.0751,6.4051,61.04,49.9416
20:43:00,BUS-05,100,0.0,4.1185,6.4257,61.01,49.9409
20:43:10,BUS-05,100,0.0,4.1097,6.4767,60.981,49.9468
20:43:20,BUS-05,100,0.0,4.1084,6.4195,60.951,49.9469
20:43:30,BUS-05,100,0.0,4.1624,6.4295,60.921,49.9494
20:43:40,BUS-05,100,0.0,4.0906,6.4464,60.891,49.9526
20:43:50,BUS-05,100,0.0,4.0688,6.3701,60.862,49.9544
20:44:00,BUS-05,100,0.0,4.0506,6.3733,60.833,49.9562
20:44:10,BUS-05,100,0.0,3.9951,6.3575,60.804,49.9574
20:44:20,BUS-05,100,0.0,4.0636,6.421,60.775,49.9643
20:44:30,BUS-05,100,0.0,4.1864,6.4011,60.744,49.9677
20:44:40,BUS-05,100,0.0,4.0632,6.4375,60.715,49.9689
20:44:50,BUS-05,100,0.0,4.1587,6.4243,60.685,49.9691
20:45:00,BUS-05,100,0.0,4.0033,6.3871,60.656,49.9733
20:45:10,BUS-05,100,0.0,4.1234,6.3732,60.626,49.975
20:45:20,BUS-05,100,0.0,4.1819,6.4412,60.596,49.9711
20:45:30,BUS-05,100,0.0,4.1128,6.4371,60.566,49.9773
20:45:40,BUS-05,100,0.0,4.1508,6.3883,60.536,49.9776
20:45:50,BUS-05,100,0.0,4.0363,6.4224,60.507,49.979
20:46:00,BUS-05,100,0.0,4.0525,6.3659,60.478,49.9732
20:46:10,BUS-05,100,0.0,4.0448,6.3929,60.449,49.9832
20:46:20,BUS-05,100,0.0,4.0058,6.4103,60.42,49.983
20:46:30,BUS-05,100,0.0,4.0392,6.3755,60.391,49.9715
20:46:40,BUS-05,100,0.0,3.9893,6.3715,60.362,49.9727
20:46:50,BUS-05,100,0.0,4.0091,6.3736,60.333,49.966
20:47:00,BUS-05,100,0.0,4.1522,6.4088,60.303,49.9663
20:47:10,BUS-05,100,0.0,3.9643,6.4077,60.274,49.9621
20:47:20,BUS-05,100,0.0,4.0103,6.3915,60.245,49.9631
20:47:30,BUS-05,100,0.0,4.0144,6.4059,60.216,49.952
20:47:40,BUS-05,100,0.0,4.1085,6.3846,60.187,49.9513
20:47:50,BUS-05,100,0.0,4.0119,6.3333,60.158,49.9515
20:48:00,BUS-05,100,0.0,3.9732,6.4026,60.129,49.952
20:48:10,BUS-05,100,0.0,3.9318,6.3714,60.101,49.9514
20:48:20,BUS-05,100,0.0,4.0144,6.3925,60.072,49.9584
20:48:30,BUS-05,100,0.0,4.0217,6.4162,60.043,49.953
20:48:40,BUS-05,100,0.0,3.8757,6.3846,60.015,49.9602
20:48:50,BUS-05,100,0.0,3.9804,6.3832,59.986,49.9541
20:49:00,BUS-05,100,0.0,3.9422,6.2905,59.957,49.96
20:49:10,BUS-05,100,0.0,3.9711,6.3679,59.929,49.9485
20:49:20,BUS-05,100,0.0,3.9433,6.3332,59.9,49.9528
20:49:30,BUS-05,100,0.0,3.8988,6.3459,59.872,49.9447
20:49:40,BUS-05,100,0.0,3.9631,6.3362,59.843,49.9439
20:49:50,BUS-05,100,0.0,3.9355,6.3651,59.815,49.9474
20:50:00,BUS-05,100,0.0,3.8278,6.3246,59.787,49.9473
20:50:10,BUS-05,100,0.0,3.7755,6.3499,59.76,49.9511
20:50:20,BUS-05,100,0.0,3.8741,6.3544,59.732,49.9525
20:50:30,BUS-05,100,0.0,3.9029,6.3436,59.704,49.9535
20:50:40,BUS-05,100,0.0,3.8864,6.3065,59.676,49.9579
20:50:50,BUS-05,100,0.0,4.0352,6.3462,59.647,49.9567
20:51:00,BUS-05,100,0.0,3.9438,6.3379,59.618,49.9536
20:51:10,BUS-05,100,0.0,4.0318,6.3498,59.589,49.9544
20:51:20,BUS-05,100,0.0,3.9011,6.3655,59.561,49.9595
20:51:30,BUS-05,100,0.0,3.8868,6.3391,59.533,49.9639
20:51:40,BUS-05,100,0.0,3.8992,6.3205,59.505,49.9658
20:51:50,BUS-05,100,0.0,3.8063,6.3528,59.477,49.9651
20:52:00,BUS-05,100,0.0,3.8759,6.3655,59.449,49.9668
20:52:10,BUS-05,100,0.0,3.869,6.3292,59.421,49.9657
20:52:20,BUS-05,100,0.0,3.9234,6.3406,59.393,49.9659
20:52:30,BUS-05,100,0.0,3.9611,6.3447,59.364,49.9659
20:52:40,BUS-05,100,0.0,3.8341,6.36,59.337,49.9665
20:52:50,BUS-05,100,0.0,3.914,6.3287,59.308,49.9649
20:53:00,BUS-05,100,0.0,3.8149,6.3478,59.281,49.9621
20:53:10,BUS-05,100,0.0,3.8662,6.3567,59.253,49.9613
20:53:20,BUS-05,100,0.0,3.8364,6.3569,59.225,49.9591
20:53:30,BUS-05,100,0.0,3.8925,6.3237,59.197,49.9518
20:53:40,BUS-05,100,0.0,3.807,6.3099,59.17,49.9511
20:53:50,BUS-05,100,0.0,3.7536,6.356,59.142,49.9494
20:54:00,BUS-05,100,0.0,3.8318,6.3393,59.115,49.9473
20:54:10,BUS-05,100,0.0,3.7609,6.3405,59.088,49.9481
20:54:20,BUS-05,100,0.0,3.8355,6.3071,59.06,49.9494
20:54:30,BUS-05,100,0.0,3.8508,6.3083,59.032,49.9527
20:54:40,BUS-05,100,0.0,3.8326,6.2619,59.004,49.9543
20:54:50,BUS-05,100,0.0,3.8744,6.3324,58.976,49.9612
20:55:00,BUS-05,100,0.0,3.8317,6.3162,58.949,49.9597
20:55:10,BUS-05,100,0.0,3.9255,6.2958,58.92,49.9642
20:55:20,BUS-05,100,0.0,3.8965,6.2934,58.892,49.9609
20:55:30,BUS-05,100,0.0,3.7976,6.2947,58.865,49.9641
20:55:40,BUS-05,100,0.0,3.858,6.3433,58.837,49.9639
20:55:50,BUS-05,100,0.0,3.7191,6.308,58.81,49.9653
20:56:00,BUS-05,100,0.0,3.88,6.2971,58.782,49.9544
20:56:10,BUS-05,100,0.0,3.6774,6.2715,58.756,49.9588
20:56:20,BUS-05,100,0.0,3.8032,6.3158,58.728,49.9613
20:56:30,BUS-05,100,0.0,3.7689,6.3674,58.701,49.9638
20:56:40,BUS-05,100,0.0,3.749,6.2749,58.674,49.9657
20:56:50,BUS-05,100,0.0,3.8192,6.3065,58.646,49.961
20:57:00,BUS-05,100,0.0,3.6849,6.342,58.62,49.9631
20:57:10,BUS-05,100,0.0,3.6999,6.3021,58.593,49.9602
20:57:20,BUS-05,100,0.0,3.698,6.2364,58.566,49.9509
20:57:30,BUS-05,100,0.0,3.766,6.284,58.539,49.9553
20:57:40,BUS-05,100,0.0,3.7544,6.2785,58.512,49.9601
20:57:50,BUS-05,100,0.0,3.8213,6.2755,58.484,49.9651
20:58:00,BUS-05,100,0.0,3.813,6.2783,58.457,49.9673
20:58:10,BUS-05,100,0.0,3.7366,6.243,58.43,49.9716
20:58:20,BUS-05,100,0.0,3.6447,6.3138,58.403,49.9761
20:58:30,BUS-05,100,0.0,3.7443,6.2308,58.376,49.9774
20:58:40,BUS-05,100,0.0,3.6506,6.2536,58.35,49.9745
20:58:50,BUS-05,100,0.0,3.7285,6.2656,58.323,49.9702
20:59:00,BUS-05,100,0.0,3.7044,6.2907,58.296,49.9717
20:59:10,BUS-05,100,0.0,3.7595,6.2622,58.269,49.9754
20:59:20,BUS-05,100,0.0,3.6809,6.2172,58.243,49.9671
20:59:30,BUS-05,100,0.0,3.7461,6.2639,58.215,49.9674
20:59:40,BUS-05,100,0.0,3.6794,6.201,58.189,49.9624
20:59:50,BUS-05,100,0.0,3.6597,6.1885,58.162,49.9612
21:00:00,BUS-05,100,0.0,3.7605,6.2704,58.135,49.957
21:00:10,BUS-05,100,0.0,3.7552,6.2499,58.108,49.9631
21:00:20,BUS-05,100,0.0,3.732,6.2558,58.081,49.9665
21:00:30,BUS-05,100,0.0,3.6919,6.2563,58.055,49.9626
21:00:40,BUS-05,100,0.0,3.6332,6.2462,58.028,49.9619
21:00:50,BUS-05,100,0.0,3.7173,6.2423,58.002,49.9597
21:01:00,BUS-05,100,0.0,3.6376,6.2307,57.975,49.9714
21:01:10,BUS-05,100,0.0,3.6822,6.2446,57.949,49.9636
21:01:20,BUS-05,100,0.0,3.5858,6.2529,57.923,49.9619
21:01:30,BUS-05,100,0.0,3.7422,6.2606,57.896,49.9605
21:01:40,BUS-05,100,0.0,3.6528,6.2388,57.869,49.9595
21:01:50,BUS-05,100,0.0,3.6921,6.2289,57.843,49.9597
21:02:00,BUS-05,100,0.0,3.6082,6.2222,57.817,49.9625
21:02:10,BUS-05,100,0.0,3.6804,6.2539,57.79,49.9556
21:02:20,BUS-05,100,0.0,3.5807,6.2785,57.764,49.9568
21:02:30,BUS-05,100,0.0,3.6778,6.2222,57.738,49.9538
21:02:40,BUS-05,100,0.0,3.6655,6.2288,57.711,49.9582
21:02:50,BUS-05,100,0.0,3.6531,6.1581,57.685,49.9567
21:03:00,BUS-05,100,0.0,3.6673,6.2418,57.658,49.9547
21:03:10,BUS-05,100,0.0,3.5939,6.1972,57.632,49.9548
21:03:20,BUS-05,100,0.0,3.6404,6.2535,57.606,49.9581
21:03:30,BUS-05,100,0.0,3.6327,6.2069,57.58,49.96
21:03:40,BUS-05,100,0.0,3.5926,6.1529,57.554,49.9621
21:03:50,BUS-05,100,0.0,3.5228,6.2287,57.528,49.962
21:04:00,BUS-05,100,0.0,3.6571,6.1986,57.502,49.9671
21:04:10,BUS-05,100,0.0,3.5804,6.1897,57.476,49.9651
21:04:20,BUS-05,100,0.0,3.553,6.2268,57.45,49.9653
21:04:30,BUS-05,100,0.0,3.4876,6.1748,57.425,49.965
21:04:40,BUS-05,100,0.0,3.6387,6.1985,57.399,49.9696
21:04:50,BUS-05,100,0.0,3.5203,6.2234,57.374,49.9724
21:05:00,BUS-05,100,0.0,3.5006,6.2032,57.348,49.9697
21:05:10,BUS-05,100,0.0,3.4928,6.1954,57.323,49.9748
21:05:20,BUS-05,100,0.0,3.5483,6.228,57.297,49.968
21:05:30,BUS-05,100,0.0,3.4681,6.1745,57.272,49.9651
21:05:40,BUS-05,100,0.0,3.5285,6.1734,57.247,49.9581
21:05:50,BUS-05,100,0.0,3.5626,6.1972,57.221,49.9577
21:06:00,BUS-05,100,0.0,3.5786,6.2192,57.195,49.9594
21:06:10,BUS-05,100,0.0,3.5234,6.2296,57.17,49.9564
21:06:20,BUS-05,100,0.0,3.4272,6.1505,57.145,49.9523
21:06:30,BUS-05,100,0.0,3.6387,6.2216,57.119,49.9509
21:06:40,BUS-05,100,0.0,3.426,6.1841,57.094,49.9497
21:06:50,BUS-05,100,0.0,3.4798,6.1942,57.069,49.9506
21:07:00,BUS-05,100,0.0,3.5047,6.1851,57.044,49.9516
21:07:10,BUS-05,100,0.0,3.4845,6.201,57.018,49.9539
21:07:20,BUS-05,100,0.0,3.4422,6.1942,56.994,49.9561
21:07:30,BUS-05,100,0.0,3.4767,6.2194,56.969,49.9558
21:07:40,BUS-05,100,0.0,3.5413,6.2238,56.943,49.9646
21:07:50,BUS-05,100,0.0,3.4606,6.1624,56.918,49.9623
21:08:00,BUS-05,100,0.0,3.5192,6.1741,56.893,49.9477
21:08:10,BUS-05,100,0.0,3.5325,6.1807,56.867,49.9489
21:08:20,BUS-05,100,0.0,3.4529,6.1884,56.842,49.9442
21:08:30,BUS-05,100,0.0,3.4457,6.1635,56.817,49.9479
21:08:40,BUS-05,100,0.0,3.5578,6.1813,56.792,49.9497
21:08:50,BUS-05,100,0.0,3.4468,6.1703,56.767,49.9488
21:09:00,BUS-05,100,0.0,3.5036,6.1099,56.741,49.9493
21:09:10,BUS-05,100,0.0,3.4025,6.1401,56.717,49.9594
21:09:20,BUS-05,100,0.0,3.4479,6.142,56.692,49.9514
21:09:30,BUS-05,100,0.0,3.3894,6.1657,56.667,49.9563
21:09:40,BUS-05,100,0.0,3.4579,6.1423,56.642,49.9601
21:09:50,BUS-05,100,0.0,3.5127,6.18,56.617,49.9585
21:10:00,BUS-05,100,0.0,3.5295,6.1665,56.592,49.9564
21:10:10,BUS-05,100,0.0,3.41,6.1538,56.567,49.9587
21:10:20,BUS-05,100,0.0,3.408,6.1622,56.542,49.9591
21:10:30,BUS-05,100,0.0,3.3394,6.1256,56.518,49.9572
21:10:40,BUS-05,100,0.0,3.3323,6.1246,56.494,49.9591
21:10:50,BUS-05,100,0.0,3.3544,6.1144,56.47,49.9537
21:11:00,BUS-05,100,0.0,3.4162,6.1623,56.445,49.9487
21:11:10,BUS-05,100,0.0,3.4212,6.0973,56.42,49.951
21:11:20,BUS-05,100,0.0,3.3457,6.122,56.396,49.9571
21:11:30,BUS-05,100,0.0,3.3414,6.1389,56.372,49.9548
21:11:40,BUS-05,100,0.0,3.2825,6.1291,56.348,49.9603
21:11:50,BUS-05,100,0.0,3.3188,6.0583,56.325,49.9625
21:12:00,BUS-05,100,0.0,3.3042,6.159,56.301,49.9639
21:12:10,BUS-05,100,0.0,3.3019,6.1191,56.277,49.9581
21:12:20,BUS-05,100,0.0,3.3622,6.1047,56.253,49.9547
21:12:30,BUS-05,100,0.0,3.4313,6.0884,56.228,49.9508
21:12:40,BUS-05,100,0.0,3.3275,6.1354,56.204,49.9582
21:12:50,BUS-05,100,0.0,3.3417,6.1159,56.18,49.9532
21:13:00,BUS-05,100,0.0,3.483,6.1539,56.154,49.9547
21:13:10,BUS-05,100,0.0,3.2551,6.0947,56.131,49.9563
21:13:20,BUS-05,100,0.0,3.4171,6.1184,56.106,49.9537
21:13:30,BUS-05,100,0.0,3.3014,6.1373,56.082,49.9443
21:13:40,BUS-05,100,0.0,3.2265,6.0633,56.059,49.9446
21:13:50,BUS-05,100,0.0,3.2867,6.0928,56.035,49.9438
21:14:00,BUS-05,100,0.0,3.3843,6.1041,56.011,49.9396
21:14:10,BUS-05,100,0.0,3.3346,6.0936,55.987,49.9406
21:14:20,BUS-05,100,0.0,3.3998,6.0897,55.962,49.945
21:14:30,BUS-05,100,0.0,3.3116,6.1129,55.938,49.9439
21:14:40,BUS-05,100,0.0,3.2233,6.1026,55.915,49.95
21:14:50,BUS-05,100,0.0,3.3067,6.1041,55.891,49.9502
21:15:00,BUS-05,100,0.0,3.2423,6.1067,55.868,49.9523
21:15:10,BUS-05,100,0.0,3.3024,6.1094,55.844,49.9488
21:15:20,BUS-05,100,0.0,3.2171,6.0664,55.821,49.9481
21:15:30,BUS-05,100,0.0,3.2419,6.1045,55.797,49.9487
21:15:40,BUS-05,100,0.0,3.3197,6.0746,55.773,49.9509
21:15:50,BUS-05,100,0.0,3.2997,6.0711,55.749,49.956
21:16:00,BUS-05,100,0.0,3.1999,6.1277,55.726,49.9571
21:16:10,BUS-05,100,0.0,3.239,6.0993,55.703,49.9564
21:16:20,BUS-05,100,0.0,3.1917,6.074,55.68,49.9532
21:16:30,BUS-05,100,0.0,3.2862,6.0672,55.656,49.9517
21:16:40,BUS-05,100,0.0,3.1587,6.0408,55.633,49.9605
21:16:50,BUS-05,100,0.0,3.3001,6.1095,55.61,49.9561
21:17:00,BUS-05,100,0.0,3.3148,6.0955,55.586,49.9529
21:17:10,BUS-05,100,0.0,3.2629,6.0682,55.562,49.9593
21:17:20,BUS-05,100,0.0,3.2828,6.0514,55.538,49.9597
21:17:30,BUS-05,100,0.0,3.267,6.073,55.515,49.9651
21:17:40,BUS-05,100,0.0,3.2078,6.1085,55.492,49.9685
21:17:50,BUS-05,100,0.0,3.1495,6.1107,55.469,49.9728
21:18:00,BUS-05,100,0.0,3.1625,6.0625,55.446,49.9739
21:18:10,BUS-05,100,0.0,3.2178,6.0251,55.423,49.9771
21:18:20,BUS-05,100,0.0,3.1717,6.0513,55.4,49.9706
21:18:30,BUS-05,100,0.0,3.2818,6.055,55.376,49.9642
21:18:40,BUS-05,100,0.0,3.1581,6.0474,55.353,49.967
21:18:50,BUS-05,100,0.0,3.1454,6.0489,55.331,49.9636
21:19:00,BUS-05,100,0.0,3.1197,6.0778,55.308,49.954
21:19:10,BUS-05,100,0.0,3.1803,6.0489,55.285,49.9518
21:19:20,BUS-05,100,0.0,3.2047,6.0542,55.262,49.949
21:19:30,BUS-05,100,0.0,3.1397,5.9877,55.239,49.956
21:19:40,BUS-05,100,0.0,3.094,6.0129,55.217,49.9629
21:19:50,BUS-05,100,0.0,3.1187,5.9858,55.194,49.9576
21:20:00,BUS-05,100,0.0,3.1472,6.0509,55.172,49.9605
21:20:10,BUS-05,100,0.0,3.0887,6.0773,55.149,49.9592
21:20:20,BUS-05,100,0.0,3.1341,6.0612,55.127,49.9553
21:20:30,BUS-05,100,0.0,3.1246,6.0166,55.104,49.9485
21:20:40,BUS-05,100,0.0,3.1775,6.038,55.081,49.9486
21:20:50,BUS-05,100,0.0,3.16,6.0011,55.058,49.947
21:21:00,BUS-05,100,0.0,3.1245,6.0331,55.036,49.9463
21:21:10,BUS-05,100,0.0,3.0865,5.9946,55.014,49.9453
21:21:20,BUS-05,100,0.0,3.13,6.0012,54.991,49.9544
21:21:30,BUS-05,100,0.0,3.1665,6.0171,54.968,49.9574
21:21:40,BUS-05,100,0.0,3.0603,6.0145,54.946,49.9613
21:21:50,BUS-05,100,0.0,3.0904,6.0705,54.924,49.9593
21:22:00,BUS-05,100,0.0,3.024,6.0635,54.902,49.9622
21:22:10,BUS-05,100,0.0,3.1029,6.0227,54.879,49.97
21:22:20,BUS-05,100,0.0,3.0989,6.0036,54.857,49.9725
21:22:30,BUS-05,100,0.0,3.0883,6.0028,54.835,49.974
21:22:40,BUS-05,100,0.0,3.1043,5.9907,54.812,49.9771
21:22:50,BUS-05,100,0.0,3.0727,5.9978,54.79,49.9777
21:23:00,BUS-05,100,0.0,3.1212,6.0042,54.768,49.9807
21:23:10,BUS-05,100,0.0,3.0814,6.0105,54.745,49.9769
21:23:20,BUS-05,100,0.0,3.0875,6.0168,54.723,49.9749
21:23:30,BUS-05,100,0.0,3.041,6.0302,54.701,49.9791
21:23:40,BUS-05,100,0.0,3.0287,6.0692,54.679,49.9801
21:23:50,BUS-05,100,0.0,3.0319,6.0691,54.657,49.9841
21:24:00,BUS-05,100,0.0,3.0396,5.951,54.635,49.9853
21:24:10,BUS-05,100,0.0,3.1083,6.0285,54.613,49.9851
21:24:20,BUS-05,100,0.0,3.0497,6.0293,54.591,49.9876
21:24:30,BUS-05,100,0.0,3.0692,5.9987,54.569,49.984
21:24:40,BUS-05,100,0.0,3.0342,5.9784,54.547,49.9817
21:24:50,BUS-05,100,0.0,2.9701,5.9699,54.525,49.9804
21:25:00,BUS-05,100,0.0,3.0071,5.9608,54.504,49.9734
21:25:10,BUS-05,100,0.0,3.0003,6.0441,54.482,49.9718
21:25:20,BUS-05,100,0.0,3.0114,6.0034,54.46,49.9753
21:25:30,BUS-05,100,0.0,3.0246,6.0067,54.438,49.9729
21:25:40,BUS-05,100,0.0,3.0304,6.0065,54.416,49.9665
21:25:50,BUS-05,100,0.0,2.993,5.9674,54.395,49.9604
21:26:00,BUS-05,100,0.0,3.0298,5.9848,54.373,49.9643
21:26:10,BUS-05,100,0.0,3.0486,5.9506,54.351,49.9674
21:26:20,BUS-05,100,0.0,2.94,5.9562,54.33,49.9699
21:26:30,BUS-05,100,0.0,2.9568,5.9709,54.308,49.9705
21:26:40,BUS-05,100,0.0,2.9494,6.0253,54.287,49.9645
21:26:50,BUS-05,100,0.0,2.9137,5.998,54.266,49.9634
21:27:00,BUS-05,100,0.0,2.9674,5.9472,54.245,49.9592
21:27:10,BUS-05,100,0.0,3.0194,5.9304,54.223,49.9624
21:27:20,BUS-05,100,0.0,2.9012,6.0058,54.202,49.9666
21:27:30,BUS-05,100,0.0,2.9345,5.9295,54.181,49.9701
21:27:40,BUS-05,100,0.0,2.8797,5.9744,54.16,49.9653
21:27:50,BUS-05,100,0.0,2.9594,5.9248,54.138,49.9673
21:28:00,BUS-05,100,0.0,3.0205,6.0354,54.117,49.9648
21:28:10,BUS-05,100,0.0,2.9533,5.9634,54.095,49.9583
21:28:20,BUS-05,100,0.0,2.8996,5.9641,54.074,49.9659
21:28:30,BUS-05,100,0.0,2.989,5.946,54.053,49.9616
21:28:40,BUS-05,100,0.0,2.9354,5.9365,54.032,49.9629
21:28:50,BUS-05,100,0.0,2.9479,5.9502,54.01,49.9678
21:29:00,BUS-05,100,0.0,2.8981,5.9664,53.989,49.9662
21:29:10,BUS-05,100,0.0,2.9104,5.98,53.968,49.9678
21:29:20,BUS-05,100,0.0,2.8982,5.9435,53.947,49.9666
21:29:30,BUS-05,100,0.0,2.9731,5.957,53.926,49.9652
21:29:40,BUS-05,100,0.0,2.8896,5.9573,53.905,49.9698
21:29:50,BUS-05,100,0.0,2.8477,5.9526,53.884,49.9737
21:30:00,BUS-05,100,0.0,2.9477,5.9481,53.863,49.9739
21:30:10,BUS-05,100,0.0,2.8459,5.9702,53.843,49.9783
21:30:20,BUS-05,100,0.0,2.8474,5.9502,53.822,49.9768
21:30:30,BUS-05,100,0.0,2.876,5.9307,53.801,49.977
21:30:40,BUS-05,100,0.0,2.8494,5.8953,53.781,49.9811
21:30:50,BUS-05,100,0.0,2.9014,5.9401,53.76,49.9758
21:31:00,BUS-05,100,0.0,2.8397,5.9182,53.739,49.9761
21:31:10,BUS-05,100,0.0,2.8768,5.9089,53.718,49.9689
21:31:20,BUS-05,100,0.0,2.8546,5.9114,53.698,49.9713
21:31:30,BUS-05,100,0.0,2.9413,5.9563,53.677,49.9682
21:31:40,BUS-05,100,0.0,2.773,5.8984,53.657,49.9658
21:31:50,BUS-05,100,0.0,2.7971,5.9127,53.636,49.9591
21:32:00,BUS-05,100,0.0,2.8067,5.921,53.616,49.9663
21:32:10,BUS-05,100,0.0,2.8516,5.9612,53.596,49.9573
21:32:20,BUS-05,100,0.0,2.9022,5.9021,53.575,49.953
21:32:30,BUS-05,100,0.0,2.798,5.8861,53.554,49.9612
21:32:40,BUS-05,100,0.0,2.7827,5.9225,53.534,49.9554
21:32:50,BUS-05,100,0.0,2.8593,5.9482,53.514,49.9516
21:33:00,BUS-05,100,0.0,2.8254,5.9302,53.493,49.95
21:33:10,BUS-05,100,0.0,2.8695,5.9318,53.472,49.9562
21:33:20,BUS-05,100,0.0,2.8676,5.9254,53.452,49.9572
21:33:30,BUS-05,100,0.0,2.8836,5.8984,53.431,49.9574
21:33:40,BUS-05,100,0.0,2.7505,5.8609,53.411,49.9577
21:33:50,BUS-05,100,0.0,2.7585,5.901,53.391,49.9538
21:34:00,BUS-05,100,0.0,2.7358,5.9022,53.371,49.955
21:34:10,BUS-05,100,0.0,2.8243,5.9461,53.351,49.9594
21:34:20,BUS-05,100,0.0,2.7757,5.9219,53.331,49.955
21:34:30,BUS-05,100,0.0,2.7997,5.9238,53.311,49.9541
21:34:40,BUS-05,100,0.0,2.862,5.8978,53.29,49.9562
21:34:50,BUS-05,100,0.0,2.7834,5.9482,53.27,49.9544
21:35:00,BUS-05,100,0.0,2.7192,5.9186,53.25,49.9523
21:35:10,BUS-05,100,0.0,2.7584,5.9185,53.23,49.9484
21:35:20,BUS-05,100,0.0,2.8113,5.9146,53.21,49.9431
21:35:30,BUS-05,100,0.0,2.8004,5.9085,53.19,49.9532
21:35:40,BUS-05,100,0.0,2.7863,5.9118,53.17,49.9552
21:35:50,BUS-05,100,0.0,2.8231,5.8817,53.149,49.9589
21:36:00,BUS-05,100,0.0,2.7435,5.8589,53.13,49.9687
21:36:10,BUS-05,100,0.0,2.7174,5.9171,53.11,49.9663
21:36:20,BUS-05,100,0.0,2.7017,5.8817,53.09,49.965
21:36:30,BUS-05,100,0.0,2.7577,5.859,53.071,49.9672
21:36:40,BUS-05,100,0.0,2.6827,5.9066,53.051,49.9623
21:36:50,BUS-05,100,0.0,2.7158,5.8806,53.032,49.9633
21:37:00,BUS-05,100,0.0,2.6605,5.848,53.012,49.9578
21:37:10,BUS-05,100,0.0,2.7989,5.8967,52.992,49.9557
21:37:20,BUS-05,100,0.0,2.6721,5.8756,52.973,49.9689
21:37:30,BUS-05,100,0.0,2.645,5.8777,52.954,49.9672
21:37:40,BUS-05,100,0.0,2.7473,5.8927,52.934,49.9648
21:37:50,BUS-05,100,0.0,2.7138,5.8632,52.914,49.9663
21:38:00,BUS-05,100,0.0,2.7136,5.8717,52.895,49.971
21:38:10,BUS-05,100,0.0,2.68,5.8844,52.875,49.9824
21:38:20,BUS-05,100,0.0,2.7167,5.8957,52.856,49.9747
21:38:30,BUS-05,100,0.0,2.6204,5.8687,52.837,49.98
21:38:40,BUS-05,100,0.0,2.6621,5.8669,52.818,49.9757
21:38:50,BUS-05,100,0.0,2.6618,5.887,52.798,49.968
21:39:00,BUS-05,100,0.0,2.6119,5.845,52.779,49.968
21:39:10,BUS-05,100,0.0,2.7327,5.8885,52.76,49.9604
21:39:20,BUS-05,100,0.0,2.6846,5.8262,52.74,49.95
21:39:30,BUS-05,100,0.0,2.6335,5.8596,52.721,49.9481
21:39:40,BUS-05,100,0.0,2.6803,5.8397,52.702,49.9539
21:39:50,BUS-05,100,0.0,2.6747,5.8675,52.683,49.9544
21:40:00,BUS-05,100,0.0,2.6472,5.8441,52.663,49.956
21:40:10,BUS-05,100,0.0,2.6664,5.8293,52.644,49.9575
21:40:20,BUS-05,100,0.0,2.5582,5.8606,52.626,49.9639
21:40:30,BUS-05,100,0.0,2.6347,5.8463,52.607,49.9683
21:40:40,BUS-05,100,0.0,2.6292,5.8762,52.588,49.9667
21:40:50,BUS-05,100,0.0,2.7026,5.8359,52.568,49.9652
21:41:00,BUS-05,100,0.0,2.669,5.8621,52.549,49.9696
21:41:10,BUS-05,100,0.0,2.5657,5.8421,52.53,49.9719
21:41:20,BUS-05,100,0.0,2.6074,5.8362,52.512,49.9731
21:41:30,BUS-05,100,0.0,2.6309,5.8339,52.493,49.9724
21:41:40,BUS-05,100,0.0,2.6789,5.8579,52.473,49.9713
21:41:50,BUS-05,100,0.0,2.6447,5.8352,52.454,49.9677
21:42:00,BUS-05,100,0.0,2.5695,5.8047,52.436,49.9681
21:42:10,BUS-05,100,0.0,2.6341,5.8073,52.417,49.9675
21:42:20,BUS-05,100,0.0,2.6144,5.7998,52.398,49.964
21:42:30,BUS-05,100,0.0,2.6086,5.8149,52.379,49.9648
21:42:40,BUS-05,100,0.0,2.6162,5.8355,52.36,49.9671
21:42:50,BUS-05,100,0.0,2.6242,5.8603,52.341,49.9684
21:43:00,BUS-05,100,0.0,2.5942,5.7612,52.322,49.9703
21:43:10,BUS-05,100,0.0,2.5635,5.8105,52.304,49.9783
21:43:20,BUS-05,100,0.0,2.5679,5.7808,52.285,49.9757
21:43:30,BUS-05,100,0.0,2.5924,5.863,52.266,49.9825
21:43:40,BUS-05,100,0.0,2.5565,5.8071,52.248,49.9781
21:43:50,BUS-05,100,0.0,2.5812,5.839,52.229,49.9755
21:44:00,BUS-05,100,0.0,2.5687,5.7918,52.211,49.9702
21:44:10,BUS-05,100,0.0,2.5864,5.8192,52.192,49.9734
21:44:20,BUS-05,100,0.0,2.6066,5.8126,52.173,49.9726
21:44:30,BUS-05,100,0.0,2.5448,5.7598,52.155,49.9753
21:44:40,BUS-05,100,0.0,2.5478,5.7927,52.137,49.9754
21:44:50,BUS-05,100,0.0,2.5062,5.797,52.118,49.9804
21:45:00,BUS-05,100,0.0,2.5235,5.7794,52.1,49.983
21:45:10,BUS-05,100,0.0,2.6252,5.8003,52.081,49.9776
21:45:20,BUS-05,100,0.0,2.4723,5.7794,52.063,49.9762
21:45:30,BUS-05,100,0.0,2.5057,5.7473,52.045,49.9708
21:45:40,BUS-05,100,0.0,2.5641,5.8221,52.027,49.9732
21:45:50,BUS-05,100,0.0,2.5362,5.7869,52.008,49.9756
21:46:00,BUS-05,100,0.0,2.621,5.7807,51.99,49.9717
21:46:10,BUS-05,100,0.0,2.5852,5.8062,51.971,49.9702
21:46:20,BUS-05,100,0.0,2.4663,5.8054,51.953,49.9706
21:46:30,BUS-05,100,0.0,2.5129,5.8145,51.935,49.9652
21:46:40,BUS-05,100,0.0,2.4675,5.8132,51.917,49.96
21:46:50,BUS-05,100,0.0,2.5055,5.776,51.899,49.9597
21:47:00,BUS-05,100,0.0,2.5181,5.7778,51.881,49.9596
21:47:10,BUS-05,100,0.0,2.5066,5.7639,51.863,49.9619
21:47:20,BUS-05,100,0.0,2.5286,5.7738,51.844,49.9558
21:47:30,BUS-05,100,0.0,2.4917,5.807,51.826,49.9573
21:47:40,BUS-05,100,0.0,2.496,5.8186,51.808,49.9491
21:47:50,BUS-05,100,0.0,2.4522,5.7655,51.791,49.9518
21:48:00,BUS-05,100,0.0,2.427,5.7911,51.773,49.9566
21:48:10,BUS-05,100,0.0,2.4729,5.8193,51.755,49.9549
21:48:20,BUS-05,100,0.0,2.4739,5.7838,51.737,49.9589
21:48:30,BUS-05,100,0.0,2.4674,5.8046,51.72,49.9649
21:48:40,BUS-05,100,0.0,2.4938,5.7845,51.702,49.9657
21:48:50,BUS-05,100,0.0,2.4066,5.7603,51.684,49.9665
21:49:00,BUS-05,100,0.0,2.4151,5.7746,51.667,49.967
21:49:10,BUS-05,100,0.0,2.4159,5.7658,51.649,49.9607
21:49:20,BUS-05,100,0.0,2.4384,5.7519,51.632,49.9628
21:49:30,BUS-05,100,0.0,2.3866,5.7668,51.614,49.9569
21:49:40,BUS-05,100,0.0,2.4091,5.7348,51.597,49.9605
21:49:50,BUS-05,100,0.0,2.4752,5.767,51.579,49.9601
21:50:00,BUS-05,100,0.0,2.4285,5.7855,51.562,49.9645
21:50:10,BUS-05,100,0.0,2.3525,5.7701,51.545,49.9638
21:50:20,BUS-05,100,0.0,2.4369,5.7451,51.527,49.9645
21:50:30,BUS-05,100,0.0,2.4275,5.7638,51.51,49.9645
21:50:40,BUS-05,100,0.0,2.4529,5.7752,51.492,49.9645
21:50:50,BUS-05,100,0.0,2.4578,5.7352,51.474,49.9691
21:51:00,BUS-05,100,0.0,2.3632,5.7798,51.457,49.9624
21:51:10,BUS-05,100,0.0,2.3918,5.7547,51.44,49.9608
21:51:20,BUS-05,100,0.0,2.3524,5.7319,51.423,49.9647
21:51:30,BUS-05,100,0.0,2.4232,5.7556,51.405,49.9656
21:51:40,BUS-05,100,0.0,2.4072,5.754,51.388,49.9654
21:51:50,BUS-05,100,0.0,2.4268,5.768,51.37,49.9724
21:52:00,BUS-05,100,0.0,2.4302,5.7577,51.353,49.966
21:52:10,BUS-05,100,0.0,2.3763,5.7615,51.336,49.9653
21:52:20,BUS-05,100,0.0,2.4417,5.7793,51.318,49.9673
21:52:30,BUS-05,100,0.0,2.4192,5.7527,51.301,49.9733
21:52:40,BUS-05,100,0.0,2.3456,5.7641,51.284,49.9787
21:52:50,BUS-05,100,0.0,2.3477,5.7245,51.267,49.9846
21:53:00,BUS-05,100,0.0,2.3173,5.71,51.25,49.9836
21:53:10,BUS-05,100,0.0,2.3514,5.7285,51.233,49.982
21:53:20,BUS-05,100,0.0,2.3558,5.6894,51.216,49.9761
21:53:30,BUS-05,100,0.0,2.3783,5.7611,51.199,49.9792
21:53:40,BUS-05,100,0.0,2.3321,5.7294,51.182,49.981
21:53:50,BUS-05,100,0.0,2.3841,5.7467,51.165,49.975
21:54:00,BUS-05,100,0.0,2.3234,5.7359,51.148,49.9783
21:54:10,BUS-05,100,0.0,2.2745,5.7072,51.131,49.9772
21:54:20,BUS-05,100,0.0,2.3483,5.707,51.114,49.9794
21:54:30,BUS-05,100,0.0,2.3438,5.7214,51.098,49.9749
21:54:40,BUS-05,100,0.0,2.3311,5.7414,51.081,49.9797
21:54:50,BUS-05,100,0.0,2.3445,5.7276,51.064,49.9771
21:55:00,BUS-05,100,0.0,2.34,5.7331,51.047,49.9775
21:55:10,BUS-05,100,0.0,2.3291,5.7586,51.03,49.9838
21:55:20,BUS-05,100,0.0,2.3607,5.7119,51.013,49.984
21:55:30,BUS-05,100,0.0,2.2688,5.6986,50.997,49.9846
21:55:40,BUS-05,100,0.0,2.2393,5.7678,50.98,49.9828
21:55:50,BUS-05,100,0.0,2.3026,5.7203,50.964,49.9819
21:56:00,BUS-05,100,0.0,2.3043,5.7269,50.947,49.976
21:56:10,BUS-05,100,0.0,2.3225,5.7281,50.93,49.9767
21:56:20,BUS-05,100,0.0,2.2934,5.6926,50.914,49.9797
21:56:30,BUS-05,100,0.0,2.222,5.7109,50.898,49.9782
21:56:40,BUS-05,100,0.0,2.3061,5.721,50.881,49.974
21:56:50,BUS-05,100,0.0,2.2807,5.7036,50.865,49.9773
21:57:00,BUS-05,100,0.0,2.2997,5.7084,50.848,49.9798
21:57:10,BUS-05,100,0.0,2.2702,5.6952,50.832,49.9778
21:57:20,BUS-05,100,0.0,2.2507,5.7247,50.815,49.9736
21:57:30,BUS-05,100,0.0,2.282,5.7125,50.799,49.9729
21:57:40,BUS-05,100,0.0,2.2663,5.7275,50.783,49.9792
21:57:50,BUS-05,100,0.0,2.2507,5.6687,50.766,49.9817
21:58:00,BUS-05,100,0.0,2.242,5.711,50.75,49.9781
21:58:10,BUS-05,100,0.0,2.2367,5.686,50.734,49.9748
21:58:20,BUS-05,100,0.0,2.204,5.6767,50.718,49.97
21:58:30,BUS-05,100,0.0,2.2601,5.7187,50.702,49.9709
21:58:40,BUS-05,100,0.0,2.2997,5.6636,50.685,49.9743
21:58:50,BUS-05,100,0.0,2.2207,5.7004,50.669,49.9812
21:59:00,BUS-05,100,0.0,2.2503,5.6675,50.653,49.9811
21:59:10,BUS-05,100,0.0,2.2481,5.6749,50.637,49.9798
21:59:20,BUS-05,100,0.0,2.2434,5.6915,50.62,49.986
21:59:30,BUS-05,100,0.0,2.1861,5.67,50.605,49.9851
21:59:40,BUS-05,100,0.0,2.1456,5.6942,50.589,49.9826
21:59:50,BUS-05,100,0.0,2.1901,5.6851,50.573,49.981
22:00:00,BUS-05,100,0.0,2.2028,5.681,50.557,49.9786
22:00:10,BUS-05,100,0.0,2.2053,5.6986,50.541,49.9776
22:00:20,BUS-05,100,0.0,2.195,5.6963,50.526,49.9741
22:00:30,BUS-05,100,0.0,2.186,5.6782,50.51,49.9825
22:00:40,BUS-05,100,0.0,2.2684,5.6962,50.493,49.9817
22:00:50,BUS-05,100,0.0,2.2302,5.6825,50.477,49.983
22:01:00,BUS-05,100,0.0,2.1871,5.6599,50.462,49.979
22:01:10,BUS-05,100,0.0,2.2221,5.7207,50.445,49.9686
22:01:20,BUS-05,100,0.0,2.2214,5.7201,50.429,49.9679
22:01:30,BUS-05,100,0.0,2.2483,5.6294,50.413,49.9725
22:01:40,BUS-05,100,0.0,2.1209,5.6452,50.398,49.9766
22:01:50,BUS-05,100,0.0,2.1944,5.685,50.382,49.9739
22:02:00,BUS-05,100,0.0,2.1677,5.6356,50.366,49.9741
22:02:10,BUS-05,100,0.0,2.1732,5.6955,50.351,49.9705
22:02:20,BUS-05,100,0.0,2.1498,5.6823,50.335,49.9727
22:02:30,BUS-05,100,0.0,2.1631,5.6725,50.32,49.9693
22:02:40,BUS-05,100,0.0,2.1603,5.6476,50.304,49.9727
22:02:50,BUS-05,100,0.0,2.1242,5.6696,50.289,49.9758
22:03:00,BUS-05,100,0.0,2.1955,5.6278,50.273,49.9799
22:03:10,BUS-05,100,0.0,2.1627,5.6669,50.257,49.98
22:03:20,BUS-05,100,0.0,2.181,5.6617,50.241,49.9865
22:03:30,BUS-05,100,0.0,2.1441,5.6784,50.226,49.988
22:03:40,BUS-05,100,0.0,2.1412,5.6908,50.21,49.9898
22:03:50,BUS-05,100,0.0,2.1253,5.6411,50.195,49.9931
22:04:00,BUS-05,100,0.0,2.1791,5.6428,50.179,49.9868
22:04:10,BUS-05,100,0.0,2.0926,5.6525,50.164,49.985
22:04:20,BUS-05,100,0.0,2.1275,5.6498,50.149,49.9817
22:04:30,BUS-05,100,0.0,2.1132,5.6562,50.134,49.9793
22:04:40,BUS-05,100,0.0,2.108,5.6277,50.118,49.9791
22:04:50,BUS-05,100,0.0,2.0807,5.6309,50.103,49.9815
22:05:00,BUS-05,100,0.0,2.1221,5.6177,50.088,49.976
22:05:10,BUS-05,100,0.0,2.0736,5.6745,50.073,49.9725
22:05:20,BUS-05,100,0.0,2.0907,5.6376,50.058,49.973
22:05:30,BUS-05,100,0.0,2.113,5.6711,50.043,49.9677
22:05:40,BUS-05,100,0.0,2.1128,5.6639,50.027,49.9661
22:05:50,BUS-05,100,0.0,2.056,5.6484,50.013,49.9643
22:06:00,BUS-05,100,0.0,2.1491,5.6875,49.997,49.9618
22:06:10,BUS-05,100,0.0,2.1342,5.6568,49.982,49.9593
22:06:20,BUS-05,100,0.0,2.1298,5.6772,49.966,49.9566
22:06:30,BUS-05,100,0.0,2.0442,5.662,49.951,49.9644
22:06:40,BUS-05,100,0.0,2.1404,5.6497,49.936,49.9673
22:06:50,BUS-05,100,0.0,2.0376,5.649,49.921,49.9758
22:07:00,BUS-05,100,0.0,2.1095,5.5901,49.906,49.9722
22:07:10,BUS-05,100,0.0,2.0956,5.6369,49.891,49.9688
22:07:20,BUS-05,100,0.0,2.0949,5.6466,49.876,49.964
22:07:30,BUS-05,100,0.0,2.0514,5.6491,49.861,49.963
22:07:40,BUS-05,100,0.0,2.0269,5.624,49.846,49.9619
22:07:50,BUS-05,100,0.0,2.0997,5.649,49.831,49.9617
22:08:00,BUS-05,100,0.0,2.0322,5.6244,49.817,49.9575
22:08:10,BUS-05,100,0.0,2.1103,5.6237,49.801,49.96
22:08:20,BUS-05,100,0.0,2.0407,5.6409,49.787,49.9672
22:08:30,BUS-05,100,0.0,2.0133,5.6666,49.772,49.9602
22:08:40,BUS-05,100,0.0,2.0588,5.6346,49.757,49.9609
22:08:50,BUS-05,100,0.0,2.0485,5.6235,49.742,49.9615
22:09:00,BUS-05,100,0.0,1.9878,5.6088,49.728,49.9619
22:09:10,BUS-05,100,0.0,2.0776,5.6171,49.713,49.9657
22:09:20,BUS-05,100,0.0,2.0385,5.6651,49.698,49.967
22:09:30,BUS-05,100,0.0,2.0717,5.6554,49.683,49.9644
22:09:40,BUS-05,100,0.0,2.0086,5.6197,49.669,49.9703
22:09:50,BUS-05,100,0.0,1.9986,5.6117,49.654,49.9689
22:10:00,BUS-05,100,0.0,2.0632,5.5814,49.639,49.9736
22:10:10,BUS-05,100,0.0,2.0135,5.6265,49.625,49.9782
22:10:20,BUS-05,100,0.0,2.0408,5.6335,49.61,49.9798
22:10:30,BUS-05,100,0.0,2.0614,5.568,49.595,49.9772
22:10:40,BUS-05,100,0.0,2.0341,5.5777,49.581,49.9744
22:10:50,BUS-05,100,0.0,2.0183,5.6108,49.566,49.9714
22:11:00,BUS-05,100,0.0,1.9527,5.6049,49.552,49.9743
22:11:10,BUS-05,100,0.0,2.0165,5.5924,49.537,49.9704
22:11:20,BUS-05,100,0.0,2.0364,5.6053,49.523,49.9728
22:11:30,BUS-05,100,0.0,1.9696,5.5938,49.508,49.9754
22:11:40,BUS-05,100,0.0,2.0274,5.6125,49.494,49.9716
22:11:50,BUS-05,100,0.0,2.0102,5.6182,49.479,49.9696
22:12:00,BUS-05,100,0.0,1.9565,5.5921,49.465,49.9756
22:12:10,BUS-05,100,0.0,1.9816,5.5945,49.451,49.9742
22:12:20,BUS-05,100,0.0,1.9706,5.5871,49.437,49.9748
22:12:30,BUS-05,100,0.0,1.9797,5.5961,49.422,49.9751
22:12:40,BUS-05,100,0.0,1.9623,5.6412,49.408,49.978
22:12:50,BUS-05,100,0.0,1.9655,5.5823,49.394,49.9808
22:13:00,BUS-05,100,0.0,1.9724,5.5849,49.38,49.9756
22:13:10,BUS-05,100,0.0,1.9556,5.5882,49.366,49.975
22:13:20,BUS-05,100,0.0,2.0377,5.6148,49.351,49.9703
22:13:30,BUS-05,100,0.0,1.9961,5.5599,49.336,49.964
22:13:40,BUS-05,100,0.0,1.9946,5.5895,49.322,49.9602
22:13:50,BUS-05,100,0.0,1.8908,5.5819,49.308,49.9585
22:14:00,BUS-05,100,0.0,1.9968,5.5816,49.294,49.9666
22:14:10,BUS-05,100,0.0,2.0037,5.59,49.279,49.9671
22:14:20,BUS-05,100,0.0,1.9532,5.5572,49.265,49.9674
22:14:30,BUS-05,100,0.0,1.9547,5.5972,49.251,49.9635
22:14:40,BUS-05,100,0.0,2.0319,5.6313,49.237,49.9585
22:14:50,BUS-05,100,0.0,1.9196,5.6079,49.223,49.96
22:15:00,BUS-05,100,0.0,1.9637,5.6176,49.208,49.9655
22:15:10,BUS-05,100,0.0,1.9385,5.5992,49.194,49.9646
22:15:20,BUS-05,100,0.0,1.9584,5.5396,49.18,49.9719
22:15:30,BUS-05,100,0.0,1.9704,5.5801,49.166,49.9739
22:15:40,BUS-05,100,0.0,1.9157,5.5643,49.152,49.9715
22:15:50,BUS-05,100,0.0,1.9819,5.5801,49.138,49.9711
22:16:00,BUS-05,100,0.0,1.9351,5.5979,49.124,49.9741
22:16:10,BUS-05,100,0.0,1.9307,5.5635,49.11,49.9734
22:16:20,BUS-05,100,0.0,1.9272,5.5659,49.096,49.973
22:16:30,BUS-05,100,0.0,1.9171,5.5951,49.082,49.9782
22:16:40,BUS-05,100,0.0,1.9313,5.5809,49.068,49.9823
22:16:50,BUS-05,100,0.0,1.9534,5.6108,49.054,49.9813
22:17:00,BUS-05,100,0.0,1.9335,5.5511,49.04,49.9796
22:17:10,BUS-05,100,0.0,1.9195,5.5513,49.026,49.9799
22:17:20,BUS-05,100,0.0,1.9071,5.5792,49.013,49.9772
22:17:30,BUS-05,100,0.0,1.8747,5.6116,48.999,49.9773
22:17:40,BUS-05,100,0.0,1.9352,5.6074,48.985,49.9763
22:17:50,BUS-05,100,0.0,1.895,5.5767,48.971,49.9799
22:18:00,BUS-05,100,0.0,1.891,5.6206,48.958,49.9814
22:18:10,BUS-05,100,0.0,1.8766,5.6041,48.944,49.9775
22:18:20,BUS-05,100,0.0,1.88,5.5567,48.931,49.9769
22:18:30,BUS-05,100,0.0,1.8747,5.5436,48.917,49.9787
22:18:40,BUS-05,100,0.0,1.8642,5.5758,48.904,49.9775
22:18:50,BUS-05,100,0.0,1.9303,5.5885,48.89,49.9765
22:19:00,BUS-05,100,0.0,1.9259,5.5858,48.876,49.9782
22:19:10,BUS-05,100,0.0,1.8798,5.58,48.862,49.9722
22:19:20,BUS-05,100,0.0,1.8516,5.542,48.849,49.975
22:19:30,BUS-05,100,0.0,1.8479,5.5313,48.835,49.9747
22:19:40,BUS-05,100,0.0,1.8801,5.5559,48.822,49.9737
22:19:50,BUS-05,100,0.0,1.9175,5.5578,48.808,49.9766
22:20:00,BUS-05,100,0.0,1.8955,5.5533,48.794,49.9783
22:20:10,BUS-05,100,0.0,1.8336,5.5974,48.781,49.9759
22:20:20,BUS-05,100,0.0,1.8695,5.5943,48.768,49.9777
22:20:30,BUS-05,100,0.0,1.8458,5.4988,48.754,49.9821
22:20:40,BUS-05,100,0.0,1.835,5.5525,48.741,49.9731
22:20:50,BUS-05,100,0.0,1.8612,5.5399,48.728,49.9702
22:21:00,BUS-05,100,0.0,1.9386,5.5712,48.714,49.9714
22:21:10,BUS-05,100,0.0,1.8315,5.5546,48.7,49.9699
22:21:20,BUS-05,100,0.0,1.8447,5.5442,48.687,49.9697
22:21:30,BUS-05,100,0.0,1.8037,5.5514,48.674,49.9723
22:21:40,BUS-05,100,0.0,1.8638,5.5905,48.661,49.9748
22:21:50,BUS-05,100,0.0,1.8355,5.5775,48.647,49.976
22:22:00,BUS-05,100,0.0,1.8338,5.5363,48.634,49.9806
22:22:10,BUS-05,100,0.0,1.8294,5.5429,48.621,49.976
22:22:20,BUS-05,100,0.0,1.8956,5.5526,48.607,49.9825
22:22:30,BUS-05,100,0.0,1.851,5.5231,48.594,49.9869
22:22:40,BUS-05,100,0.0,1.8233,5.5024,48.581,49.9854
22:22:50,BUS-05,100,0.0,1.8108,5.5344,48.568,49.9822
22:23:00,BUS-05,100,0.0,1.8238,5.5514,48.554,49.9725
22:23:10,BUS-05,100,0.0,1.8136,5.5531,48.541,49.9748
22:23:20,BUS-05,100,0.0,1.8198,5.5025,48.528,49.9819
22:23:30,BUS-05,100,0.0,1.8208,5.5704,48.515,49.9815
22:23:40,BUS-05,100,0.0,1.817,5.5421,48.502,49.9831
22:23:50,BUS-05,100,0.0,1.8725,5.5222,48.488,49.9804
22:24:00,BUS-05,100,0.0,1.8017,5.5666,48.475,49.9823
22:24:10,BUS-05,100,0.0,1.7492,5.5615,48.463,49.9772
22:24:20,BUS-05,100,0.0,1.799,5.5237,48.45,49.9736
22:24:30,BUS-05,100,0.0,1.7843,5.5338,48.437,49.9697
22:24:40,BUS-05,100,0.0,1.7852,5.4766,48.424,49.9771
22:24:50,BUS-05,100,0.0,1.8179,5.5701,48.411,49.9738
22:25:00,BUS-05,100,0.0,1.7747,5.5649,48.398,49.9765
22:25:10,BUS-05,100,0.0,1.8139,5.5276,48.385,49.9734
22:25:20,BUS-05,100,0.0,1.8019,5.5331,48.372,49.9796
22:25:30,BUS-05,100,0.0,1.811,5.5314,48.359,49.9747
22:25:40,BUS-05,100,0.0,1.8255,5.5198,48.346,49.9735
22:25:50,BUS-05,100,0.0,1.7798,5.5374,48.333,49.9788
22:26:00,BUS-05,100,0.0,1.7983,5.4883,48.32,49.9754
22:26:10,BUS-05,100,0.0,1.8135,5.5462,48.307,49.9735
22:26:20,BUS-05,100,0.0,1.7969,5.5014,48.294,49.9716
22:26:30,BUS-05,100,0.0,1.8055,5.4743,48.281,49.9634
22:26:40,BUS-05,100,0.0,1.8201,5.5299,48.267,49.9612
22:26:50,BUS-05,100,0.0,1.8046,5.5018,48.254,49.9711
22:27:00,BUS-05,100,0.0,1.7693,5.5202,48.242,49.9755
22:27:10,BUS-05,100,0.0,1.7508,5.4809,48.229,49.9795
22:27:20,BUS-05,100,0.0,1.7956,5.5211,48.216,49.9784
22:27:30,BUS-05,100,0.0,1.7491,5.5398,48.203,49.9776
22:27:40,BUS-05,100,0.0,1.7718,5.5307,48.191,49.9816
22:27:50,BUS-05,100,0.0,1.7529,5.5168,48.178,49.9801
22:28:00,BUS-05,100,0.0,1.7489,5.4894,48.165,49.9853
22:28:10,BUS-05,100,0.0,1.8036,5.499,48.152,49.9809
22:28:20,BUS-05,100,0.0,1.7557,5.5504,48.14,49.9757
22:28:30,BUS-05,100,0.0,1.7971,5.5553,48.127,49.9809
22:28:40,BUS-05,100,0.0,1.7849,5.5297,48.114,49.9731
22:28:50,BUS-05,100,0.0,1.7313,5.504,48.101,49.9774
22:29:00,BUS-05,100,0.0,1.7362,5.5225,48.089,49.9735
22:29:10,BUS-05,100,0.0,1.7744,5.5205,48.076,49.969
22:29:20,BUS-05,100,0.0,1.7554,5.5058,48.063,49.9694
22:29:30,BUS-05,100,0.0,1.7723,5.527,48.05,49.975
22:29:40,BUS-05,100,0.0,1.7578,5.4964,48.038,49.9782
22:29:50,BUS-05,100,0.0,1.7356,5.4865,48.025,49.9784
22:30:00,BUS-05,100,0.0,1.7559,5.5523,48.013,49.9854
22:30:10,BUS-05,100,0.0,1.7274,5.4872,48.0,49.9829
22:30:20,BUS-05,100,0.0,1.7488,5.5313,47.987,49.9816
22:30:30,BUS-05,100,0.0,1.7009,5.4883,47.975,49.9822
22:30:40,BUS-05,100,0.0,1.7337,5.4631,47.963,49.9804
22:30:50,BUS-05,100,0.0,1.7461,5.5075,47.95,49.98
22:31:00,BUS-05,100,0.0,1.7207,5.5019,47.938,49.9761
22:31:10,BUS-05,100,0.0,1.7408,5.5069,47.925,49.9825
22:31:20,BUS-05,100,0.0,1.7052,5.4943,47.913,49.9869
22:31:30,BUS-05,100,0.0,1.7108,5.5121,47.9,49.9858
22:31:40,BUS-05,100,0.0,1.6839,5.4948,47.888,49.9856
22:31:50,BUS-05,100,0.0,1.7018,5.4626,47.876,49.9911
22:32:00,BUS-05,100,0.0,1.71,5.5014,47.864,49.9904
22:32:10,BUS-05,100,0.0,1.7464,5.4918,47.851,49.9802
22:32:20,BUS-05,100,0.0,1.6847,5.4806,47.839,49.975
22:32:30,BUS-05,100,0.0,1.715,5.5374,47.826,49.9737
22:32:40,BUS-05,100,0.0,1.6644,5.4974,47.814,49.9759
22:32:50,BUS-05,100,0.0,1.704,5.4882,47.802,49.9781
22:33:00,BUS-05,100,0.0,1.7119,5.4833,47.79,49.9769
22:33:10,BUS-05,100,0.0,1.6743,5.5059,47.778,49.9758
22:33:20,BUS-05,100,0.0,1.6833,5.4866,47.765,49.9787
22:33:30,BUS-05,100,0.0,1.6937,5.4659,47.753,49.9836
22:33:40,BUS-05,100,0.0,1.6899,5.5025,47.741,49.9867
22:33:50,BUS-05,100,0.0,1.6997,5.4811,47.729,49.9913
22:34:00,BUS-05,100,0.0,1.6916,5.4647,47.716,49.9971
22:34:10,BUS-05,100,0.0,1.7005,5.497,47.704,49.9976
22:34:20,BUS-05,100,0.0,1.6957,5.4925,47.692,49.9926
22:34:30,BUS-05,100,0.0,1.6805,5.491,47.68,49.993
22:34:40,BUS-05,100,0.0,1.7271,5.5364,47.667,49.9951
22:34:50,BUS-05,100,0.0,1.7047,5.5047,47.655,49.9956
22:35:00,BUS-05,100,0.0,1.7107,5.4568,47.643,49.9909
22:35:10,BUS-05,100,0.0,1.6413,5.4753,47.631,49.9937
22:35:20,BUS-05,100,0.0,1.6673,5.5011,47.619,49.9926
22:35:30,BUS-05,100,0.0,1.6629,5.4726,47.607,49.9884
22:35:40,BUS-05,100,0.0,1.6891,5.4974,47.595,49.9867
22:35:50,BUS-05,100,0.0,1.6933,5.4669,47.582,49.985
22:36:00,BUS-05,100,0.0,1.6368,5.457,47.571,49.9832
22:36:10,BUS-05,100,0.0,1.6693,5.4846,47.558,49.9775
22:36:20,BUS-05,100,0.0,1.6524,5.4555,47.547,49.9811
22:36:30,BUS-05,100,0.0,1.6627,5.445,47.535,49.9836
22:36:40,BUS-05,100,0.0,1.6668,5.4589,47.522,49.981
22:36:50,BUS-05,100,0.0,1.6199,5.4613,47.511,49.9817
22:37:00,BUS-05,100,0.0,1.6452,5.4108,47.499,49.984
22:37:10,BUS-05,100,0.0,1.6737,5.4755,47.487,49.9921
22:37:20,BUS-05,100,0.0,1.6407,5.4928,47.475,49.9907
22:37:30,BUS-05,100,0.0,1.7075,5.4135,47.463,49.9855
22:37:40,BUS-05,100,0.0,1.6537,5.4701,47.451,49.9851
22:37:50,BUS-05,100,0.0,1.6393,5.4785,47.439,49.9761
22:38:00,BUS-05,100,0.0,1.6254,5.4598,47.427,49.9777
22:38:10,BUS-05,100,0.0,1.6192,5.4987,47.415,49.9707
22:38:20,BUS-05,100,0.0,1.6372,5.503,47.404,49.9727
22:38:30,BUS-05,100,0.0,1.6494,5.4211,47.392,49.9741
22:38:40,BUS-05,100,0.0,1.6629,5.447,47.38,49.9778
22:38:50,BUS-05,100,0.0,1.5971,5.4614,47.368,49.9802
22:39:00,BUS-05,100,0.0,1.6664,5.4686,47.356,49.974
22:39:10,BUS-05,100,0.0,1.6454,5.4413,47.344,49.9765
22:39:20,BUS-05,100,0.0,1.5941,5.5087,47.333,49.9754
22:39:30,BUS-05,100,0.0,1.6072,5.4822,47.321,49.9738
22:39:40,BUS-05,100,0.0,1.6356,5.4508,47.309,49.9794
22:39:50,BUS-05,100,0.0,1.6071,5.4577,47.298,49.9828
22:40:00,BUS-05,100,0.0,1.6209,5.4466,47.286,49.9782
22:40:10,BUS-05,100,0.0,1.6008,5.4459,47.274,49.9761
22:40:20,BUS-05,100,0.0,1.6101,5.4841,47.263,49.9749
22:40:30,BUS-05,100,0.0,1.6578,5.4978,47.251,49.9734
22:40:40,BUS-05,100,0.0,1.6258,5.4672,47.239,49.9655
22:40:50,BUS-05,100,0.0,1.5785,5.446,47.228,49.9716
22:41:00,BUS-05,100,0.0,1.6479,5.4517,47.216,49.9771
22:41:10,BUS-05,100,0.0,1.5862,5.4382,47.204,49.9821
22:41:20,BUS-05,100,0.0,1.6055,5.4552,47.193,49.9854
22:41:30,BUS-05,100,0.0,1.6227,5.4662,47.181,49.9921
22:41:40,BUS-05,100,0.0,1.6207,5.4011,47.169,49.9886
22:41:50,BUS-05,100,0.0,1.6064,5.4681,47.158,49.9879
22:42:00,BUS-05,100,0.0,1.602,5.443,47.146,49.9847
22:42:10,BUS-05,100,0.0,1.6011,5.426,47.135,49.9807
22:42:20,BUS-05,100,0.0,1.6036,5.467,47.123,49.9804
22:42:30,BUS-05,100,0.0,1.5834,5.4332,47.112,49.98
22:42:40,BUS-05,100,0.0,1.5851,5.4888,47.1,49.9832
22:42:50,BUS-05,100,0.0,1.5861,5.4364,47.089,49.9846
22:43:00,BUS-05,100,0.0,1.5571,5.4441,47.077,49.9822
22:43:10,BUS-05,100,0.0,1.5823,5.4545,47.066,49.9786
22:43:20,BUS-05,100,0.0,1.614,5.4613,47.054,49.9762
22:43:30,BUS-05,100,0.0,1.5995,5.4651,47.043,49.9806
22:43:40,BUS-05,100,0.0,1.6075,5.4244,47.031,49.9807
22:43:50,BUS-05,100,0.0,1.5581,5.4264,47.02,49.9794
22:44:00,BUS-05,100,0.0,1.5639,5.4463,47.009,49.9787
22:44:10,BUS-05,100,0.0,1.5703,5.4877,46.997,49.9801
22:44:20,BUS-05,100,0.0,1.5557,5.4209,46.986,49.9782
22:44:30,BUS-05,100,0.0,1.6025,5.4207,46.974,49.9812
22:44:40,BUS-05,100,0.0,1.586,5.455,46.963,49.9759
22:44:50,BUS-05,100,0.0,1.574,5.4083,46.952,49.9767
22:45:00,BUS-05,100,0.0,1.5764,5.473,46.94,49.9778
22:45:10,BUS-05,100,0.0,1.5735,5.4299,46.929,49.9779
22:45:20,BUS-05,100,0.0,1.5813,5.4607,46.917,49.9813
22:45:30,BUS-05,100,0.0,1.5881,5.4154,46.906,49.9805
22:45:40,BUS-05,100,0.0,1.5679,5.4692,46.895,49.9864
22:45:50,BUS-05,100,0.0,1.5492,5.4702,46.883,49.9941
22:46:00,BUS-05,100,0.0,1.5822,5.4578,46.872,49.9886
22:46:10,BUS-05,100,0.0,1.5832,5.434,46.861,49.9964
22:46:20,BUS-05,100,0.0,1.5541,5.4646,46.849,49.9999
22:46:30,BUS-05,100,0.0,1.5789,5.4286,46.838,49.9959
22:46:40,BUS-05,100,0.0,1.5632,5.4595,46.827,49.9965
22:46:50,BUS-05,100,0.0,1.5395,5.4611,46.816,49.9892
22:47:00,BUS-05,100,0.0,1.5522,5.4587,46.804,49.9878
22:47:10,BUS-05,100,0.0,1.5205,5.4281,46.793,49.9876
22:47:20,BUS-05,100,0.0,1.5617,5.4525,46.782,49.9864
22:47:30,BUS-05,100,0.0,1.5209,5.4162,46.771,49.9848
22:47:40,BUS-05,100,0.0,1.5725,5.4401,46.76,49.9889
22:47:50,BUS-05,100,0.0,1.5626,5.4238,46.748,49.9875
22:48:00,BUS-05,100,0.0,1.5762,5.4665,46.737,49.9865
22:48:10,BUS-05,100,0.0,1.5978,5.4515,46.726,49.9813
22:48:20,BUS-05,100,0.0,1.5354,5.3851,46.714,49.9837
22:48:30,BUS-05,100,0.0,1.5547,5.4412,46.703,49.98
22:48:40,BUS-05,100,0.0,1.5495,5.4344,46.692,49.9836
22:48:50,BUS-05,100,0.0,1.5454,5.4014,46.681,49.9825
22:49:00,BUS-05,100,0.0,1.5232,5.4241,46.67,49.9809
22:49:10,BUS-05,100,0.0,1.5388,5.4544,46.659,49.9818
22:49:20,BUS-05,100,0.0,1.5781,5.4379,46.647,49.9775
22:49:30,BUS-05,100,0.0,1.5423,5.4457,46.636,49.9775
22:49:40,BUS-05,100,0.0,1.481,5.4217,46.626,49.9814
22:49:50,BUS-05,100,0.0,1.4877,5.4667,46.615,49.9805
22:50:00,BUS-05,100,0.0,1.5258,5.4755,46.604,49.9884
22:50:10,BUS-05,100,0.0,1.5335,5.4438,46.593,49.9866
22:50:20,BUS-05,100,0.0,1.558,5.4381,46.581,49.9931
22:50:30,BUS-05,100,0.0,1.505,5.3878,46.571,49.9987
22:50:40,BUS-05,100,0.0,1.518,5.4375,46.56,49.9974
22:50:50,BUS-05,100,0.0,1.5083,5.4449,46.549,49.9968
22:51:00,BUS-05,100,0.0,1.5212,5.4429,46.538,49.9921
22:51:10,BUS-05,100,0.0,1.5226,5.4109,46.527,49.9875
22:51:20,BUS-05,100,0.0,1.5591,5.4399,46.515,49.9861
22:51:30,BUS-05,100,0.0,1.5055,5.4228,46.505,49.9859
22:51:40,BUS-05,100,0.0,1.5036,5.4458,46.494,49.9888
22:51:50,BUS-05,100,0.0,1.5315,5.4117,46.483,49.9865
22:52:00,BUS-05,100,0.0,1.4677,5.4129,46.472,49.9912
22:52:10,BUS-05,100,0.0,1.4837,5.4373,46.461,49.9859
22:52:20,BUS-05,100,0.0,1.5029,5.4254,46.451,49.9885
22:52:30,BUS-05,100,0.0,1.5286,5.3625,46.439,49.9888
22:52:40,BUS-05,100,0.0,1.5365,5.4554,46.428,49.9833
22:52:50,BUS-05,100,0.0,1.5083,5.4097,46.417,49.9806
22:53:00,BUS-05,100,0.0,1.4856,5.4293,46.407,49.9827
22:53:10,BUS-05,100,0.0,1.4731,5.4442,46.396,49.9759
22:53:20,BUS-05,100,0.0,1.5095,5.441,46.385,49.9711
22:53:30,BUS-05,100,0.0,1.526,5.4314,46.374,49.9741
22:53:40,BUS-05,100,0.0,1.4866,5.4322,46.363,49.9641
22:53:50,BUS-05,100,0.0,1.4795,5.4071,46.353,49.9741
22:54:00,BUS-05,100,0.0,1.5083,5.3867,46.342,49.9718
22:54:10,BUS-05,100,0.0,1.4828,5.4157,46.331,49.9817
22:54:20,BUS-05,100,0.0,1.4494,5.4375,46.321,49.9864
22:54:30,BUS-05,100,0.0,1.4737,5.4135,46.31,49.9864
22:54:40,BUS-05,100,0.0,1.4732,5.3791,46.299,49.9866
22:54:50,BUS-05,100,0.0,1.4969,5.3962,46.289,49.99
22:55:00,BUS-05,100,0.0,1.5024,5.4268,46.278,49.9924
22:55:10,BUS-05,100,0.0,1.5184,5.3991,46.267,49.9914
22:55:20,BUS-05,100,0.0,1.5025,5.3674,46.256,49.9929
22:55:30,BUS-05,100,0.0,1.4852,5.4038,46.245,49.9891
22:55:40,BUS-05,100,0.0,1.4844,5.4203,46.235,49.9947
22:55:50,BUS-05,100,0.0,1.4661,5.414,46.224,49.9916
22:56:00,BUS-05,100,0.0,1.4887,5.3904,46.213,50.0014
22:56:10,BUS-05,100,0.0,1.466,5.4012,46.203,50.0037
22:56:20,BUS-05,100,0.0,1.4812,5.3743,46.192,49.9951
22:56:30,BUS-05,100,0.0,1.491,5.4264,46.181,49.9898
22:56:40,BUS-05,100,0.0,1.4642,5.433,46.171,49.9907
22:56:50,BUS-05,100,0.0,1.4559,5.431,46.16,49.987
22:57:00,BUS-05,100,0.0,1.4726,5.4265,46.149,49.9859
22:57:10,BUS-05,100,0.0,1.4494,5.3779,46.139,49.9858
22:57:20,BUS-05,100,0.0,1.4406,5.43,46.129,49.9884
22:57:30,BUS-05,100,0.0,1.4726,5.4033,46.118,49.9817
22:57:40,BUS-05,100,0.0,1.4743,5.4308,46.107,49.9817
22:57:50,BUS-05,100,0.0,1.448,5.3958,46.097,49.9835
22:58:00,BUS-05,100,0.0,1.4628,5.4146,46.086,49.9819
22:58:10,BUS-05,100,0.0,1.4371,5.409,46.076,49.9812
22:58:20,BUS-05,100,0.0,1.4811,5.4088,46.065,49.9852
22:58:30,BUS-05,100,0.0,1.486,5.4022,46.054,49.99
22:58:40,BUS-05,100,0.0,1.5028,5.3996,46.044,49.9952
22:58:50,BUS-05,100,0.0,1.4561,5.3992,46.033,49.9927
22:59:00,BUS-05,100,0.0,1.4652,5.3935,46.022,49.9927
22:59:10,BUS-05,100,0.0,1.4669,5.4212,46.012,49.9966
22:59:20,BUS-05,100,0.0,1.4695,5.3952,46.001,49.9939
22:59:30,BUS-05,100,0.0,1.49,5.3868,45.99,49.9928
22:59:40,BUS-05,100,0.0,1.4724,5.3691,45.98,49.9986
22:59:50,BUS-05,100,0.0,1.4873,5.4204,45.969,49.993
23:00:00,BUS-05,100,0.0,1.4523,5.3786,45.959,49.99
23:00:10,BUS-05,100,0.0,1.4275,5.3886,45.948,49.9847
23:00:20,BUS-05,100,0.0,1.4699,5.4408,45.938,49.9831
23:00:30,BUS-05,100,0.0,1.4418,5.3967,45.927,49.9807
23:00:40,BUS-05,100,0.0,1.4813,5.3995,45.917,49.9776
23:00:50,BUS-05,100,0.0,1.4664,5.409,45.906,49.9764
23:01:00,BUS-05,100,0.0,1.44,5.3928,45.896,49.9766
23:01:10,BUS-05,100,0.0,1.4371,5.3615,45.885,49.9803
23:01:20,BUS-05,100,0.0,1.414,5.36,45.875,49.979
23:01:30,BUS-05,100,0.0,1.4197,5.3899,45.865,49.9745
23:01:40,BUS-05,100,0.0,1.4026,5.3767,45.855,49.9744
23:01:50,BUS-05,100,0.0,1.4592,5.3595,45.844,49.9682
23:02:00,BUS-05,100,0.0,1.4026,5.3701,45.834,49.9658
23:02:10,BUS-05,100,0.0,1.4472,5.3879,45.823,49.9636
23:02:20,BUS-05,100,0.0,1.4303,5.3607,45.813,49.9676
23:02:30,BUS-05,100,0.0,1.4145,5.4175,45.803,49.969
23:02:40,BUS-05,100,0.0,1.4165,5.4039,45.793,49.9672
23:02:50,BUS-05,100,0.0,1.4314,5.4279,45.782,49.9683
23:03:00,BUS-05,100,0.0,1.4131,5.4279,45.772,49.9727
23:03:10,BUS-05,100,0.0,1.4182,5.4034,45.762,49.9824
23:03:20,BUS-05,100,0.0,1.4339,5.394,45.752,49.9879
23:03:30,BUS-05,100,0.0,1.3735,5.3807,45.742,49.989
23:03:40,BUS-05,100,0.0,1.3945,5.3741,45.732,49.9909
23:03:50,BUS-05,100,0.0,1.4057,5.4108,45.721,49.9985
23:04:00,BUS-05,100,0.0,1.4555,5.3628,45.711,50.0033
23:04:10,BUS-05,100,0.0,1.4614,5.3684,45.7,49.9971
23:04:20,BUS-05,100,0.0,1.4286,5.4238,45.69,49.9946
23:04:30,BUS-05,100,0.0,1.4129,5.3856,45.68,49.9962
23:04:40,BUS-05,100,0.0,1.4037,5.3759,45.67,49.9939
23:04:50,BUS-05,100,0.0,1.4218,5.4041,45.659,49.9921
23:05:00,BUS-05,100,0.0,1.4115,5.4197,45.649,49.9924
23:05:10,BUS-05,100,0.0,1.4266,5.3886,45.639,50.0022
23:05:20,BUS-05,100,0.0,1.4222,5.4101,45.629,50.0028
23:05:30,BUS-05,100,0.0,1.4308,5.3818,45.618,50.0006
23:05:40,BUS-05,100,0.0,1.4054,5.3513,45.608,49.9992
23:05:50,BUS-05,100,0.0,1.3871,5.4118,45.598,49.9934
23:06:00,BUS-05,100,0.0,1.4169,5.3788,45.588,49.9961
23:06:10,BUS-05,100,0.0,1.4174,5.3424,45.578,49.9916
23:06:20,BUS-05,100,0.0,1.4042,5.3689,45.568,49.9889
23:06:30,BUS-05,100,0.0,1.3796,5.3961,45.558,49.991
23:06:40,BUS-05,100,0.0,1.4186,5.365,45.547,49.994
23:06:50,BUS-05,100,0.0,1.4186,5.3719,45.537,49.9927
23:07:00,BUS-05,100,0.0,1.4057,5.3738,45.527,49.9881
23:07:10,BUS-05,100,0.0,1.404,5.412,45.517,49.9807
23:07:20,BUS-05,100,0.0,1.4235,5.4178,45.507,49.9838
23:07:30,BUS-05,100,0.0,1.4163,5.4154,45.496,49.9862
23:07:40,BUS-05,100,0.0,1.3917,5.3983,45.486,49.981
23:07:50,BUS-05,100,0.0,1.3957,5.3924,45.476,49.9852
23:08:00,BUS-05,100,0.0,1.3853,5.3543,45.466,49.9849
23:08:10,BUS-05,100,0.0,1.3996,5.3953,45.456,49.9839
23:08:20,BUS-05,100,0.0,1.4364,5.3752,45.446,49.9845
23:08:30,BUS-05,100,0.0,1.3993,5.3682,45.436,49.9845
23:08:40,BUS-05,100,0.0,1.4009,5.36,45.425,49.98
23:08:50,BUS-05,100,0.0,1.4001,5.3882,45.415,49.9841
23:09:00,BUS-05,100,0.0,1.3885,5.3828,45.405,49.9886
23:09:10,BUS-05,100,0.0,1.4285,5.3788,45.395,49.9896
23:09:20,BUS-05,100,0.0,1.3677,5.3946,45.385,49.9947
23:09:30,BUS-05,100,0.0,1.4194,5.355,45.375,49.9909
23:09:40,BUS-05,100,0.0,1.4184,5.3259,45.365,49.9901
23:09:50,BUS-05,100,0.0,1.4027,5.4054,45.354,49.9847
23:10:00,BUS-05,100,0.0,1.4108,5.3832,45.344,49.9768
23:10:10,BUS-05,100,0.0,1.3873,5.3484,45.334,49.9801
23:10:20,BUS-05,100,0.0,1.3577,5.3297,45.324,49.9844
23:10:30,BUS-05,100,0.0,1.3837,5.3886,45.314,49.9857
23:10:40,BUS-05,100,0.0,1.3919,5.3987,45.304,49.9944
23:10:50,BUS-05,100,0.0,1.3808,5.3568,45.294,49.9929
23:11:00,BUS-05,100,0.0,1.3871,5.3874,45.284,50.0002
23:11:10,BUS-05,100,0.0,1.3803,5.3191,45.274,49.994
23:11:20,BUS-05,100,0.0,1.3797,5.3792,45.265,49.99
23:11:30,BUS-05,100,0.0,1.3577,5.3644,45.255,49.9925
23:11:40,BUS-05,100,0.0,1.367,5.3596,45.245,49.9928
23:11:50,BUS-05,100,0.0,1.3777,5.3801,45.235,49.9888
23:12:00,BUS-05,100,0.0,1.3434,5.3791,45.225,49.9883
23:12:10,BUS-05,100,0.0,1.3944,5.3985,45.215,49.9894
23:12:20,BUS-05,100,0.0,1.381,5.3587,45.205,49.9991
23:12:30,BUS-05,100,0.0,1.334,5.3256,45.195,49.9895
23:12:40,BUS-05,100,0.0,1.3736,5.3372,45.186,49.9817
23:12:50,BUS-05,100,0.0,1.3872,5.3704,45.176,49.9746
23:13:00,BUS-05,100,0.0,1.3898,5.3739,45.166,49.9801
23:13:10,BUS-05,100,0.0,1.3431,5.3953,45.156,49.977
23:13:20,BUS-05,100,0.0,1.4027,5.3879,45.146,49.9752
23:13:30,BUS-05,100,0.0,1.385,5.3899,45.136,49.9748
23:13:40,BUS-05,100,0.0,1.3508,5.3776,45.126,49.9783
23:13:50,BUS-05,100,0.0,1.365,5.3985,45.116,49.9764
23:14:00,BUS-05,100,0.0,1.3511,5.3346,45.106,49.9738
23:14:10,BUS-05,100,0.0,1.3619,5.3477,45.096,49.9739
23:14:20,BUS-05,100,0.0,1.3883,5.3793,45.086,49.975
23:14:30,BUS-05,100,0.0,1.3368,5.3958,45.077,49.9752
23:14:40,BUS-05,100,0.0,1.3856,5.3909,45.067,49.9773
23:14:50,BUS-05,100,0.0,1.3785,5.3745,45.057,49.9793
23:15:00,BUS-05,100,0.0,1.3728,5.4027,45.047,49.9783
23:15:10,BUS-05,100,0.0,1.4113,5.3678,45.037,49.9792
23:15:20,BUS-05,100,0.0,1.4095,5.3808,45.027,49.9816
23:15:30,BUS-05,100,0.0,1.3709,5.358,45.017,49.9828
23:15:40,BUS-05,100,0.0,1.3768,5.388,45.007,49.9773
23:15:50,BUS-05,100,0.0,1.3904,5.3584,44.997,49.9771
23:16:00,BUS-05,100,0.0,1.3991,5.3552,44.987,49.9773
23:16:10,BUS-05,100,0.0,1.3775,5.3208,44.977,49.9741
23:16:20,BUS-05,100,0.0,1.3579,5.3466,44.967,49.9735
23:16:30,BUS-05,100,0.0,1.3421,5.3552,44.957,49.9726
23:16:40,BUS-05,100,0.0,1.3102,5.3516,44.948,49.9775
23:16:50,BUS-05,100,0.0,1.3478,5.379,44.938,49.9767
23:17:00,BUS-05,100,0.0,1.3606,5.3161,44.928,49.9864
23:17:10,BUS-05,100,0.0,1.3703,5.3008,44.918,49.9901
23:17:20,BUS-05,100,0.0,1.3643,5.3589,44.908,49.9893
23:17:30,BUS-05,100,0.0,1.3517,5.3523,44.899,49.9907
23:17:40,BUS-05,100,0.0,1.3365,5.359,44.889,49.9942
23:17:50,BUS-05,100,0.0,1.3673,5.3321,44.879,50.0037
23:18:00,BUS-05,100,0.0,1.3314,5.3557,44.869,49.9995
23:18:10,BUS-05,100,0.0,1.3825,5.3852,44.859,49.9993
23:18:20,BUS-05,100,0.0,1.3862,5.3542,44.849,49.9898
23:18:30,BUS-05,100,0.0,1.3334,5.3352,44.84,49.9917
23:18:40,BUS-05,100,0.0,1.3792,5.3442,44.83,49.9885
23:18:50,BUS-05,100,0.0,1.3245,5.355,44.82,49.9835
23:19:00,BUS-05,100,0.0,1.3328,5.346,44.811,49.9849
23:19:10,BUS-05,100,0.0,1.3532,5.3811,44.801,49.9855
23:19:20,BUS-05,100,0.0,1.358,5.3844,44.791,49.9832
23:19:30,BUS-05,100,0.0,1.3311,5.3742,44.781,49.9801
23:19:40,BUS-05,100,0.0,1.3165,5.3214,44.772,49.978
23:19:50,BUS-05,100,0.0,1.3109,5.3333,44.762,49.98
23:20:00,BUS-05,100,0.0,1.3737,5.3654,44.753,49.9855
23:20:10,BUS-05,100,0.0,1.326,5.3483,44.743,49.9858
23:20:20,BUS-05,100,0.0,1.3612,5.3527,44.733,49.9777
23:20:30,BUS-05,100,0.0,1.3394,5.3692,44.723,49.9801
23:20:40,BUS-05,100,0.0,1.3292,5.328,44.714,49.9831
23:20:50,BUS-05,100,0.0,1.3588,5.3527,44.704,49.9844
23:21:00,BUS-05,100,0.0,1.358,5.3189,44.694,49.9815
23:21:10,BUS-05,100,0.0,1.345,5.3465,44.685,49.9822
23:21:20,BUS-05,100,0.0,1.3206,5.3703,44.675,49.9845
23:21:30,BUS-05,100,0.0,1.3153,5.3654,44.666,49.9789
23:21:40,BUS-05,100,0.0,1.3113,5.3807,44.656,49.9846
23:21:50,BUS-05,100,0.0,1.3208,5.3454,44.646,49.9937
23:22:00,BUS-05,100,0.0,1.3299,5.361,44.637,49.9922
23:22:10,BUS-05,100,0.0,1.3475,5.3379,44.627,49.9926
23:22:20,BUS-05,100,0.0,1.3239,5.3289,44.618,49.9858
23:22:30,BUS-05,100,0.0,1.333,5.3391,44.608,49.9856
23:22:40,BUS-05,100,0.0,1.3334,5.3501,44.598,49.9825
23:22:50,BUS-05,100,0.0,1.3294,5.3721,44.589,49.9866
23:23:00,BUS-05,100,0.0,1.3076,5.311,44.579,49.9851
23:23:10,BUS-05,100,0.0,1.3664,5.3512,44.569,49.9758
23:23:20,BUS-05,100,0.0,1.2953,5.3514,44.56,49.9776
23:23:30,BUS-05,100,0.0,1.3375,5.365,44.55,49.9753
23:23:40,BUS-05,100,0.0,1.311,5.3305,44.541,49.9727
23:23:50,BUS-05,100,0.0,1.3088,5.3662,44.531,49.9805
23:24:00,BUS-05,100,0.0,1.3359,5.3472,44.522,49.9725
23:24:10,BUS-05,100,0.0,1.3354,5.3696,44.512,49.9665
23:24:20,BUS-05,100,0.0,1.3007,5.3512,44.503,49.9686
23:24:30,BUS-05,100,0.0,1.3192,5.3572,44.493,49.9698
23:24:40,BUS-05,100,0.0,1.3439,5.3781,44.484,49.977
23:24:50,BUS-05,100,0.0,1.323,5.3234,44.474,49.9699
23:25:00,BUS-05,100,0.0,1.3102,5.3712,44.465,49.9739
23:25:10,BUS-05,100,0.0,1.3116,5.3479,44.455,49.9723
23:25:20,BUS-05,100,0.0,1.3225,5.3629,44.446,49.9761
23:25:30,BUS-05,100,0.0,1.3137,5.3367,44.436,49.9671
23:25:40,BUS-05,100,0.0,1.2587,5.3984,44.427,49.9687
23:25:50,BUS-05,100,0.0,1.341,5.3951,44.417,49.9708
23:26:00,BUS-05,100,0.0,1.2955,5.3552,44.408,49.9743
23:26:10,BUS-05,100,0.0,1.3019,5.3589,44.399,49.9729
23:26:20,BUS-05,100,0.0,1.32,5.3427,44.389,49.9716
23:26:30,BUS-05,100,0.0,1.3275,5.3301,44.379,49.9719
23:26:40,BUS-05,100,0.0,1.3215,5.3479,44.37,49.9727
23:26:50,BUS-05,100,0.0,1.2901,5.3345,44.361,49.974
23:27:00,BUS-05,100,0.0,1.2841,5.3449,44.351,49.9813
23:27:10,BUS-05,100,0.0,1.3169,5.374,44.342,49.9847
23:27:20,BUS-05,100,0.0,1.3316,5.3501,44.332,49.9818
23:27:30,BUS-05,100,0.0,1.2993,5.3508,44.323,49.9815
23:27:40,BUS-05,100,0.0,1.3338,5.3616,44.313,49.9772
23:27:50,BUS-05,100,0.0,1.3174,5.4058,44.304,49.974
23:28:00,BUS-05,100,0.0,1.3072,5.3416,44.294,49.98
23:28:10,BUS-05,100,0.0,1.3161,5.3445,44.285,49.9839
23:28:20,BUS-05,100,0.0,1.3085,5.3663,44.275,49.9891
23:28:30,BUS-05,100,0.0,1.3562,5.3083,44.265,49.9894
23:28:40,BUS-05,100,0.0,1.2791,5.3185,44.256,49.9919
23:28:50,BUS-05,100,0.0,1.2785,5.3049,44.247,49.9959
23:29:00,BUS-05,100,0.0,1.274,5.3648,44.238,49.9956
23:29:10,BUS-05,100,0.0,1.3214,5.359,44.228,49.9894
23:29:20,BUS-05,100,0.0,1.2851,5.2738,44.219,49.9906
23:29:30,BUS-05,100,0.0,1.2794,5.3355,44.21,49.9916
23:29:40,BUS-05,100,0.0,1.3115,5.371,44.2,49.975
23:29:50,BUS-05,100,0.0,1.3202,5.3298,44.191,49.9842
23:30:00,BUS-05,100,0.0,1.321,5.3374,44.181,49.9867
23:30:10,BUS-05,100,0.0,1.3123,5.3557,44.172,49.987
23:30:20,BUS-05,100,0.0,1.2981,5.3234,44.162,49.9873
23:30:30,BUS-05,100,0.0,1.293,5.3458,44.153,49.988
23:30:40,BUS-05,100,0.0,1.3082,5.3242,44.143,49.9912
23:30:50,BUS-05,100,0.0,1.2851,5.3659,44.134,49.9842
23:31:00,BUS-05,100,0.0,1.3377,5.3559,44.125,49.9852
23:31:10,BUS-05,100,0.0,1.2841,5.3683,44.115,49.9863
23:31:20,BUS-05,100,0.0,1.3049,5.3457,44.106,49.9803
23:31:30,BUS-05,100,0.0,1.2983,5.3743,44.096,49.9845
23:31:40,BUS-05,100,0.0,1.2988,5.36,44.087,49.9866
23:31:50,BUS-05,100,0.0,1.2804,5.3014,44.078,49.9859
23:32:00,BUS-05,100,0.0,1.3019,5.3464,44.068,49.9886
23:32:10,BUS-05,100,0.0,1.3053,5.321,44.059,49.9853
23:32:20,BUS-05,100,0.0,1.3211,5.3323,44.049,49.9879
23:32:30,BUS-05,100,0.0,1.3073,5.3175,44.04,49.9848
23:32:40,BUS-05,100,0.0,1.3018,5.3446,44.031,49.9847
23:32:50,BUS-05,100,0.0,1.3408,5.3449,44.021,49.9861
23:33:00,BUS-05,100,0.0,1.3342,5.3375,44.011,49.983
23:33:10,BUS-05,100,0.0,1.2842,5.3855,44.002,49.9835
23:33:20,BUS-05,100,0.0,1.2551,5.3054,43.993,49.9893
23:33:30,BUS-05,100,0.0,1.2614,5.3322,43.984,49.9884
23:33:40,BUS-05,100,0.0,1.286,5.3504,43.975,49.9835
23:33:50,BUS-05,100,0.0,1.2663,5.3952,43.965,49.9866
23:34:00,BUS-05,100,0.0,1.2655,5.3368,43.956,49.9877
23:34:10,BUS-05,100,0.0,1.2606,5.3548,43.947,49.9878
23:34:20,BUS-05,100,0.0,1.3087,5.325,43.938,49.9899
23:34:30,BUS-05,100,0.0,1.2876,5.361,43.928,49.9863
23:34:40,BUS-05,100,0.0,1.275,5.3219,43.919,49.9822
23:34:50,BUS-05,100,0.0,1.3222,5.3574,43.91,49.9757
23:35:00,BUS-05,100,0.0,1.3035,5.3412,43.9,49.9748
23:35:10,BUS-05,100,0.0,1.259,5.343,43.891,49.9782
23:35:20,BUS-05,100,0.0,1.2728,5.3346,43.882,49.9797
23:35:30,BUS-05,100,0.0,1.2985,5.3592,43.873,49.9831
23:35:40,BUS-05,100,0.0,1.2848,5.354,43.863,49.9861
23:35:50,BUS-05,100,0.0,1.319,5.3273,43.854,49.9863
23:36:00,BUS-05,100,0.0,1.2733,5.2963,43.845,49.9866
23:36:10,BUS-05,100,0.0,1.2647,5.3765,43.835,49.9897
23:36:20,BUS-05,100,0.0,1.312,5.3629,43.826,49.9865
23:36:30,BUS-05,100,0.0,1.2917,5.3636,43.817,49.9848
23:36:40,BUS-05,100,0.0,1.3023,5.3482,43.807,49.9887
23:36:50,BUS-05,100,0.0,1.3032,5.3292,43.798,49.9875
23:37:00,BUS-05,100,0.0,1.2722,5.3434,43.789,49.9917
23:37:10,BUS-05,100,0.0,1.3024,5.3294,43.779,49.9897
23:37:20,BUS-05,100,0.0,1.2827,5.3287,43.77,49.99
23:37:30,BUS-05,100,0.0,1.3102,5.2793,43.761,49.9903
23:37:40,BUS-05,100,0.0,1.2702,5.3359,43.751,49.9917
23:37:50,BUS-05,100,0.0,1.2828,5.3662,43.742,49.9904
23:38:00,BUS-05,100,0.0,1.2657,5.3522,43.733,49.9936
23:38:10,BUS-05,100,0.0,1.2999,5.3157,43.724,50.0018
23:38:20,BUS-05,100,0.0,1.2682,5.3436,43.714,50.0025
23:38:30,BUS-05,100,0.0,1.2914,5.3257,43.705,49.9983
23:38:40,BUS-05,100,0.0,1.3104,5.3499,43.696,50.0
23:38:50,BUS-05,100,0.0,1.296,5.3311,43.686,50.0065
23:39:00,BUS-05,100,0.0,1.2854,5.3258,43.677,49.9986
23:39:10,BUS-05,100,0.0,1.2849,5.3174,43.668,50.0003
23:39:20,BUS-05,100,0.0,1.2521,5.2849,43.659,49.9963
23:39:30,BUS-05,100,0.0,1.2572,5.3403,43.65,49.9951
23:39:40,BUS-05,100,0.0,1.3055,5.3173,43.64,49.9947
23:39:50,BUS-05,100,0.0,1.2807,5.3542,43.631,49.9929
23:40:00,BUS-05,100,0.0,1.2968,5.3268,43.621,49.9857
23:40:10,BUS-05,100,0.0,1.3157,5.3296,43.612,49.9907
23:40:20,BUS-05,100,0.0,1.2159,5.3341,43.603,49.9945
23:40:30,BUS-05,100,0.0,1.2719,5.3361,43.594,49.9966
23:40:40,BUS-05,100,0.0,1.2855,5.3272,43.585,49.9947
23:40:50,BUS-05,100,0.0,1.2813,5.3046,43.575,49.9928
23:41:00,BUS-05,100,0.0,1.2492,5.3094,43.566,49.9939
23:41:10,BUS-05,100,0.0,1.2558,5.3422,43.557,49.9905
23:41:20,BUS-05,100,0.0,1.2314,5.3293,43.549,49.9805
23:41:30,BUS-05,100,0.0,1.2673,5.3211,43.539,49.9867
23:41:40,BUS-05,100,0.0,1.2426,5.3322,43.53,49.9881
23:41:50,BUS-05,100,0.0,1.277,5.3745,43.521,49.989
23:42:00,BUS-05,100,0.0,1.2631,5.3256,43.512,49.9905
23:42:10,BUS-05,100,0.0,1.2363,5.3046,43.503,49.9855
23:42:20,BUS-05,100,0.0,1.2627,5.3562,43.494,49.9803
23:42:30,BUS-05,100,0.0,1.2664,5.3102,43.485,49.9769
23:42:40,BUS-05,100,0.0,1.2687,5.3028,43.476,49.9751
23:42:50,BUS-05,100,0.0,1.2436,5.3608,43.467,49.9763
23:43:00,BUS-05,100,0.0,1.2138,5.3216,43.458,49.9759
23:43:10,BUS-05,100,0.0,1.2504,5.3271,43.449,49.9853
23:43:20,BUS-05,100,0.0,1.2331,5.2965,43.44,49.9864
23:43:30,BUS-05,100,0.0,1.2803,5.3509,43.431,49.9856
23:43:40,BUS-05,100,0.0,1.2465,5.3575,43.422,49.9874
23:43:50,BUS-05,100,0.0,1.2596,5.3158,43.413,49.9827
23:44:00,BUS-05,100,0.0,1.2682,5.3336,43.403,49.9812
23:44:10,BUS-05,100,0.0,1.2853,5.292,43.394,49.9779
23:44:20,BUS-05,100,0.0,1.246,5.3052,43.385,49.9724
23:44:30,BUS-05,100,0.0,1.2577,5.3231,43.376,49.9664
23:44:40,BUS-05,100,0.0,1.2607,5.3126,43.367,49.9615
23:44:50,BUS-05,100,0.0,1.2297,5.3124,43.358,49.9662
23:45:00,BUS-05,100,0.0,1.2689,5.3353,43.349,49.9727
23:45:10,BUS-05,100,0.0,1.2593,5.3101,43.34,49.9746
23:45:20,BUS-05,100,0.0,1.2582,5.3074,43.331,49.982
23:45:30,BUS-05,100,0.0,1.2564,5.3269,43.322,49.9826
23:45:40,BUS-05,100,0.0,1.2719,5.3096,43.313,49.9774
23:45:50,BUS-05,100,0.0,1.2559,5.3322,43.303,49.9788
23:46:00,BUS-05,100,0.0,1.2649,5.3001,43.294,49.9789
23:46:10,BUS-05,100,0.0,1.2353,5.3344,43.285,49.9745
23:46:20,BUS-05,100,0.0,1.2857,5.2915,43.276,49.9709
23:46:30,BUS-05,100,0.0,1.2491,5.3062,43.267,49.9729
23:46:40,BUS-05,100,0.0,1.2512,5.3252,43.258,49.976
23:46:50,BUS-05,100,0.0,1.2467,5.3139,43.249,49.9711
23:47:00,BUS-05,100,0.0,1.2748,5.3514,43.24,49.9647
23:47:10,BUS-05,100,0.0,1.2578,5.304,43.231,49.9721
23:47:20,BUS-05,100,0.0,1.2394,5.3211,43.222,49.9676
23:47:30,BUS-05,100,0.0,1.2563,5.3193,43.213,49.9676
23:47:40,BUS-05,100,0.0,1.2619,5.3373,43.204,49.9654
23:47:50,BUS-05,100,0.0,1.2239,5.3219,43.195,49.9652
23:48:00,BUS-05,100,0.0,1.2481,5.2835,43.186,49.9669
23:48:10,BUS-05,100,0.0,1.2468,5.2864,43.177,49.9677
23:48:20,BUS-05,100,0.0,1.2627,5.2997,43.168,49.9636
23:48:30,BUS-05,100,0.0,1.2276,5.2978,43.159,49.9661
23:48:40,BUS-05,100,0.0,1.2623,5.3094,43.15,49.9701
23:48:50,BUS-05,100,0.0,1.261,5.2817,43.141,49.9777
23:49:00,BUS-05,100,0.0,1.2188,5.2946,43.132,49.9851
23:49:10,BUS-05,100,0.0,1.3037,5.2716,43.122,49.9867
23:49:20,BUS-05,100,0.0,1.2665,5.3192,43.113,49.9857
23:49:30,BUS-05,100,0.0,1.2657,5.3104,43.104,49.9825
23:49:40,BUS-05,100,0.0,1.2526,5.3099,43.095,49.9754
23:49:50,BUS-05,100,0.0,1.2545,5.319,43.086,49.9758
23:50:00,BUS-05,100,0.0,1.2495,5.2971,43.077,49.9684
23:50:10,BUS-05,100,0.0,1.2131,5.3331,43.068,49.9711
23:50:20,BUS-05,100,0.0,1.2519,5.308,43.059,49.9634
23:50:30,BUS-05,100,0.0,1.2636,5.3329,43.05,49.9667
23:50:40,BUS-05,100,0.0,1.2639,5.3221,43.041,49.9637
23:50:50,BUS-05,100,0.0,1.2542,5.304,43.032,49.9614
23:51:00,BUS-05,100,0.0,1.2461,5.3377,43.023,49.971
23:51:10,BUS-05,100,0.0,1.2486,5.2823,43.014,49.9721
23:51:20,BUS-05,100,0.0,1.2487,5.3074,43.005,49.9769
23:51:30,BUS-05,100,0.0,1.2577,5.3102,42.996,49.9826
23:51:40,BUS-05,100,0.0,1.2191,5.3103,42.987,49.9825
23:51:50,BUS-05,100,0.0,1.2973,5.3173,42.978,49.981
23:52:00,BUS-05,100,0.0,1.2657,5.3099,42.968,49.9784
23:52:10,BUS-05,100,0.0,1.2439,5.323,42.959,49.9781
23:52:20,BUS-05,100,0.0,1.2494,5.3389,42.95,49.969
23:52:30,BUS-05,100,0.0,1.2377,5.3162,42.941,49.9731
23:52:40,BUS-05,100,0.0,1.2571,5.3119,42.932,49.9789
23:52:50,BUS-05,100,0.0,1.2374,5.3123,42.923,49.9808
23:53:00,BUS-05,100,0.0,1.2785,5.3054,42.914,49.9795
23:53:10,BUS-05,100,0.0,1.2821,5.3345,42.905,49.9769
23:53:20,BUS-05,100,0.0,1.2341,5.3476,42.896,49.9805
23:53:30,BUS-05,100,0.0,1.2707,5.3292,42.887,49.9786
23:53:40,BUS-05,100,0.0,1.2671,5.3564,42.878,49.9795
23:53:50,BUS-05,100,0.0,1.2739,5.3184,42.868,49.9866
23:54:00,BUS-05,100,0.0,1.2523,5.2975,42.859,49.9816
23:54:10,BUS-05,100,0.0,1.2554,5.3173,42.85,49.9789
23:54:20,BUS-05,100,0.0,1.2246,5.2882,42.842,49.9769
23:54:30,BUS-05,100,0.0,1.2499,5.3187,42.832,49.9744
23:54:40,BUS-05,100,0.0,1.2549,5.3166,42.823,49.9738
23:54:50,BUS-05,100,0.0,1.2863,5.3523,42.814,49.9766
23:55:00,BUS-05,100,0.0,1.2714,5.3287,42.805,49.981
23:55:10,BUS-05,100,0.0,1.2133,5.2917,42.796,49.9839
23:55:20,BUS-05,100,0.0,1.2182,5.3372,42.787,49.9836
23:55:30,BUS-05,100,0.0,1.2539,5.3324,42.778,49.9861
23:55:40,BUS-05,100,0.0,1.2571,5.2929,42.769,49.9817
23:55:50,BUS-05,100,0.0,1.244,5.3141,42.76,49.9862
23:56:00,BUS-05,100,0.0,1.2282,5.3034,42.751,49.984
23:56:10,BUS-05,100,0.0,1.2297,5.3475,42.743,49.9797
23:56:20,BUS-05,100,0.0,1.245,5.3186,42.734,49.9734
23:56:30,BUS-05,100,0.0,1.2511,5.2934,42.725,49.9777
23:56:40,BUS-05,100,0.0,1.2065,5.284,42.716,49.988
23:56:50,BUS-05,100,0.0,1.2146,5.3355,42.707,49.9883
23:57:00,BUS-05,100,0.0,1.2591,5.3159,42.698,49.9841
23:57:10,BUS-05,100,0.0,1.2265,5.2983,42.689,49.9844
23:57:20,BUS-05,100,0.0,1.2865,5.3133,42.68,49.9884
23:57:30,BUS-05,100,0.0,1.2372,5.2986,42.671,49.994
23:57:40,BUS-05,100,0.0,1.2346,5.3136,42.662,49.9912
23:57:50,BUS-05,100,0.0,1.271,5.2894,42.653,49.9874
23:58:00,BUS-05,100,0.0,1.218,5.2819,42.644,49.9851
23:58:10,BUS-05,100,0.0,1.2156,5.3218,42.635,49.9817
23:58:20,BUS-05,100,0.0,1.2432,5.3212,42.626,49.9801
23:58:30,BUS-05,100,0.0,1.239,5.294,42.617,49.9801
23:58:40,BUS-05,100,0.0,1.2528,5.3094,42.608,49.9801
23:58:50,BUS-05,100,0.0,1.2309,5.3101,42.599,49.9813
23:59:00,BUS-05,100,0.0,1.2146,5.2853,42.591,49.9793
23:59:10,BUS-05,100,0.0,1.1828,5.3625,42.582,49.9749
23:59:20,BUS-05,100,0.0,1.204,5.3256,42.573,49.9751
23:59:30,BUS-05,100,0.0,1.2335,5.29,42.564,49.9752
23:59:40,BUS-05,100,0.0,1.223,5.2859,42.556,49.9733
23:59:50,BUS-05,100,0.0,1.2334,5.331,42.547,49.9767
